Name,Start,End,Size
xmen_fn_00100008,0x00100008,0x00100228,544
xmen_fn_00100228,0x00100228,0x00100240,24
xmen_fn_00100240,0x00100240,0x00100290,80
xmen_fn_00100290,0x00100290,0x001002F0,96
xmen_fn_001002F0,0x001002F0,0x00100320,48
xmen_fn_00100320,0x00100320,0x00100340,32
xmen_fn_00100340,0x00100340,0x00100360,32
xmen_fn_00100360,0x00100360,0x00100390,48
xmen_fn_00100390,0x00100390,0x001003B0,32
xmen_fn_001003B0,0x001003B0,0x001003E0,48
xmen_fn_001003E0,0x001003E0,0x00100450,112
xmen_fn_00100450,0x00100450,0x00100580,304
xmen_fn_00100580,0x00100580,0x001005E0,96
xmen_fn_001005E0,0x001005E0,0x001008F0,784
xmen_fn_001008F0,0x001008F0,0x00100B70,640
xmen_fn_00100B70,0x00100B70,0x00100BA0,48
xmen_fn_00100BA0,0x00100BA0,0x00100C80,224
xmen_fn_00100C80,0x00100C80,0x00100D10,144
xmen_fn_00100D10,0x00100D10,0x00100DC0,176
xmen_fn_00100DC0,0x00100DC0,0x00100E70,176
xmen_fn_00100E70,0x00100E70,0x00100EB0,64
xmen_fn_00100EB0,0x00100EB0,0x00101060,432
xmen_fn_00101060,0x00101060,0x001013A0,832
xmen_fn_001013A0,0x001013A0,0x00101610,624
xmen_fn_00101610,0x00101610,0x00101790,384
xmen_fn_00101790,0x00101790,0x00101FE0,2128
xmen_fn_00101FE0,0x00101FE0,0x00102330,848
xmen_fn_00102330,0x00102330,0x00102500,464
xmen_fn_00102500,0x00102500,0x00102570,112
xmen_fn_00102570,0x00102570,0x001025F0,128
xmen_fn_001025F0,0x001025F0,0x00102640,80
xmen_fn_00102640,0x00102640,0x00102660,32
xmen_fn_00102660,0x00102660,0x00102720,192
xmen_fn_00102720,0x00102720,0x00102A08,744
xmen_fn_00102A08,0x00102A08,0x00102A0C,4
xmen_fn_00102B98,0x00102B98,0x00102BA8,16
xmen_fn_00102BA8,0x00102BA8,0x00102BAC,4
xmen_fn_00102C10,0x00102C10,0x00102C14,4
xmen_fn_00102CB0,0x00102CB0,0x00102D20,112
xmen_fn_00102D20,0x00102D20,0x00102DA8,136
xmen_fn_00102DA8,0x00102DA8,0x00102DD0,40
xmen_fn_00102DD0,0x00102DD0,0x00102DD4,4
xmen_fn_00102E08,0x00102E08,0x00102E0C,4
xmen_fn_00102E30,0x00102E30,0x00102E34,4
xmen_fn_00102F10,0x00102F10,0x00102F14,4
xmen_fn_001030E8,0x001030E8,0x001030EC,4
xmen_fn_00103138,0x00103138,0x0010313C,4
xmen_fn_001031A0,0x001031A0,0x001031A4,4
xmen_fn_00103218,0x00103218,0x0010321C,4
xmen_fn_00103290,0x00103290,0x00103294,4
xmen_fn_001032D8,0x001032D8,0x001032DC,4
xmen_fn_00103358,0x00103358,0x0010335C,4
xmen_fn_001033D8,0x001033D8,0x001033DC,4
xmen_fn_00103410,0x00103410,0x00103414,4
xmen_fn_00103448,0x00103448,0x0010344C,4
xmen_fn_00103500,0x00103500,0x00103750,592
xmen_fn_00103750,0x00103750,0x00103E58,1800
xmen_fn_00103E58,0x00103E58,0x00104278,1056
xmen_fn_00104278,0x00104278,0x00105248,4048
xmen_fn_00105248,0x00105248,0x00105270,40
xmen_fn_00105270,0x00105270,0x00105508,664
xmen_fn_00105508,0x00105508,0x00105528,32
xmen_fn_00105528,0x00105528,0x001056B0,392
xmen_fn_001056B0,0x001056B0,0x001057C0,272
xmen_fn_001057C0,0x001057C0,0x001058D8,280
xmen_fn_001058D8,0x001058D8,0x00105A08,304
xmen_fn_00105A08,0x00105A08,0x00105C08,512
xmen_fn_00105C08,0x00105C08,0x00105CC8,192
xmen_fn_00105CC8,0x00105CC8,0x00106170,1192
xmen_fn_00106170,0x00106170,0x001061F8,136
xmen_fn_001061F8,0x001061F8,0x00106398,416
xmen_fn_00106398,0x00106398,0x001064E8,336
xmen_fn_001064E8,0x001064E8,0x00106518,48
xmen_fn_00106518,0x00106518,0x00106680,360
xmen_fn_00106680,0x00106680,0x00106808,392
xmen_fn_00106808,0x00106808,0x00106A78,624
xmen_fn_00106A78,0x00106A78,0x00106B98,288
xmen_fn_00106B98,0x00106B98,0x00106CA8,272
xmen_fn_00106CA8,0x00106CA8,0x00106E18,368
xmen_fn_00106E18,0x00106E18,0x00106E98,128
xmen_fn_00106E98,0x00106E98,0x00106F00,104
xmen_fn_00106F00,0x00106F00,0x00107020,288
xmen_fn_00107020,0x00107020,0x001070E8,200
xmen_fn_001070E8,0x001070E8,0x00107400,792
xmen_fn_00107400,0x00107400,0x001074C0,192
xmen_fn_001074C0,0x001074C0,0x001077B0,752
xmen_fn_001077B0,0x001077B0,0x00107880,208
xmen_fn_00107880,0x00107880,0x00107910,144
xmen_fn_00107910,0x00107910,0x00107BC8,696
xmen_fn_00107BC8,0x00107BC8,0x00107C68,160
xmen_fn_00107C68,0x00107C68,0x00107F20,696
xmen_fn_00107F20,0x00107F20,0x00108098,376
xmen_fn_00108098,0x00108098,0x001081A8,272
xmen_fn_001081A8,0x001081A8,0x00108360,440
xmen_fn_00108360,0x00108360,0x001084D0,368
xmen_fn_001084D0,0x001084D0,0x00108558,136
xmen_fn_00108558,0x00108558,0x001087C8,624
xmen_fn_001087C8,0x001087C8,0x00108A60,664
xmen_fn_00108A60,0x00108A60,0x00108CE8,648
xmen_fn_00108CE8,0x00108CE8,0x00108CEC,4
xmen_fn_00108D98,0x00108D98,0x00108D9C,4
xmen_fn_00108FB0,0x00108FB0,0x00108FB4,4
xmen_fn_00108FF0,0x00108FF0,0x00108FF4,4
xmen_fn_00109038,0x00109038,0x0010903C,4
xmen_fn_00109080,0x00109080,0x00109084,4
xmen_fn_001090F8,0x001090F8,0x001090FC,4
xmen_fn_00109138,0x00109138,0x0010913C,4
xmen_fn_00109198,0x00109198,0x0010919C,4
xmen_fn_001091F0,0x001091F0,0x001091F4,4
xmen_fn_00109228,0x00109228,0x001092A0,120
xmen_fn_001092A0,0x001092A0,0x00109370,208
xmen_fn_00109370,0x00109370,0x00109388,24
xmen_fn_00109388,0x00109388,0x00109398,16
xmen_fn_00109398,0x00109398,0x001093A8,16
xmen_fn_001093A8,0x001093A8,0x00109430,136
xmen_fn_00109430,0x00109430,0x001095E8,440
xmen_fn_001095E8,0x001095E8,0x00109708,288
xmen_fn_00109708,0x00109708,0x00109750,72
xmen_fn_00109750,0x00109750,0x001098C8,376
xmen_fn_001098C8,0x001098C8,0x001098CC,4
xmen_fn_00109930,0x00109930,0x00109940,16
xmen_fn_00109940,0x00109940,0x001099C0,128
xmen_fn_001099C0,0x001099C0,0x00109A20,96
xmen_fn_00109A20,0x00109A20,0x00109AE8,200
xmen_fn_00109AE8,0x00109AE8,0x00109AF8,16
xmen_fn_00109AF8,0x00109AF8,0x00109B30,56
xmen_fn_00109B30,0x00109B30,0x00109B88,88
xmen_fn_00109B88,0x00109B88,0x00109C88,256
xmen_fn_00109C88,0x00109C88,0x00109CA8,32
xmen_fn_00109CA8,0x00109CA8,0x0010A078,976
xmen_fn_0010A078,0x0010A078,0x0010A158,224
xmen_fn_0010A158,0x0010A158,0x0010A488,816
xmen_fn_0010A488,0x0010A488,0x0010A500,120
xmen_fn_0010A500,0x0010A500,0x0010A578,120
xmen_fn_0010A578,0x0010A578,0x0010A57C,4
xmen_fn_0010A660,0x0010A660,0x0010A664,4
xmen_fn_0010A7B0,0x0010A7B0,0x0010A7B4,4
xmen_fn_0010A818,0x0010A818,0x0010A890,120
xmen_fn_0010A890,0x0010A890,0x0010A894,4
xmen_fn_0010AB70,0x0010AB70,0x0010ABD0,96
xmen_fn_0010ABD0,0x0010ABD0,0x0010ABE0,16
xmen_fn_0010ABE0,0x0010ABE0,0x0010AC00,32
xmen_fn_0010AC00,0x0010AC00,0x0010AC10,16
xmen_fn_0010AC10,0x0010AC10,0x0010AC20,16
xmen_fn_0010AC20,0x0010AC20,0x0010AC30,16
xmen_fn_0010AC30,0x0010AC30,0x0010AC40,16
xmen_fn_0010AC40,0x0010AC40,0x0010AC50,16
xmen_fn_0010AC50,0x0010AC50,0x0010AC60,16
xmen_fn_0010AC60,0x0010AC60,0x0010AC70,16
xmen_fn_0010AC70,0x0010AC70,0x0010AC80,16
xmen_fn_0010AC80,0x0010AC80,0x0010AC90,16
xmen_fn_0010AC90,0x0010AC90,0x0010ACC0,48
xmen_fn_0010ACC0,0x0010ACC0,0x0010ACD0,16
xmen_fn_0010ACD0,0x0010ACD0,0x0010ACE0,16
xmen_fn_0010ACE0,0x0010ACE0,0x0010ACF0,16
xmen_fn_0010ACF0,0x0010ACF0,0x0010AD20,48
xmen_fn_0010AD20,0x0010AD20,0x0010AD30,16
xmen_fn_0010AD30,0x0010AD30,0x0010AD40,16
xmen_fn_0010AD40,0x0010AD40,0x0010AD60,32
xmen_fn_0010AD60,0x0010AD60,0x0010AD70,16
xmen_fn_0010AD70,0x0010AD70,0x0010ADB0,64
xmen_fn_0010ADB0,0x0010ADB0,0x0010ADC0,16
xmen_fn_0010ADC0,0x0010ADC0,0x0010ADD0,16
xmen_fn_0010ADD0,0x0010ADD0,0x0010AE10,64
xmen_fn_0010AE10,0x0010AE10,0x0010AE20,16
xmen_fn_0010AE20,0x0010AE20,0x0010AE30,16
xmen_fn_0010AE30,0x0010AE30,0x0010AE40,16
xmen_fn_0010AE40,0x0010AE40,0x0010AE50,16
xmen_fn_0010AE50,0x0010AE50,0x0010AE60,16
xmen_fn_0010AE60,0x0010AE60,0x0010AE90,48
xmen_fn_0010AE90,0x0010AE90,0x0010AEA0,16
xmen_fn_0010AEA0,0x0010AEA0,0x0010AEB0,16
xmen_fn_0010AEB0,0x0010AEB0,0x0010AEC0,16
xmen_fn_0010AEC0,0x0010AEC0,0x0010AF00,64
xmen_fn_0010AF00,0x0010AF00,0x0010AF20,32
xmen_fn_0010AF20,0x0010AF20,0x0010AF30,16
xmen_fn_0010AF30,0x0010AF30,0x0010AF40,16
xmen_fn_0010AF40,0x0010AF40,0x0010AF50,16
xmen_fn_0010AF50,0x0010AF50,0x0010AF60,16
xmen_fn_0010AF60,0x0010AF60,0x0010AF70,16
xmen_fn_0010AF70,0x0010AF70,0x0010AF80,16
xmen_fn_0010AF80,0x0010AF80,0x0010AF90,16
xmen_fn_0010AF90,0x0010AF90,0x0010AFA0,16
xmen_fn_0010AFA0,0x0010AFA0,0x0010AFC0,32
xmen_fn_0010AFC0,0x0010AFC0,0x0010AFD0,16
xmen_fn_0010AFD0,0x0010AFD0,0x0010B170,416
xmen_fn_0010B170,0x0010B170,0x0010B1A0,48
xmen_fn_0010B1A0,0x0010B1A0,0x0010B1D0,48
xmen_fn_0010B1D0,0x0010B1D0,0x0010B1F0,32
xmen_fn_0010B1F0,0x0010B1F0,0x0010B230,64
xmen_fn_0010B230,0x0010B230,0x0010B260,48
xmen_fn_0010B260,0x0010B260,0x0010B290,48
xmen_fn_0010B290,0x0010B290,0x0010B2C0,48
xmen_fn_0010B2C0,0x0010B2C0,0x0010B2E0,32
xmen_fn_0010B2E0,0x0010B2E0,0x0010B2F0,16
xmen_fn_0010B2F0,0x0010B2F0,0x0010B300,16
xmen_fn_0010B300,0x0010B300,0x0010B310,16
xmen_fn_0010B310,0x0010B310,0x0010B320,16
xmen_fn_0010B320,0x0010B320,0x0010B330,16
xmen_fn_0010B330,0x0010B330,0x0010B350,32
xmen_fn_0010B350,0x0010B350,0x0010B380,48
xmen_fn_0010B380,0x0010B380,0x0010B390,16
xmen_fn_0010B390,0x0010B390,0x0010B3A0,16
xmen_fn_0010B3A0,0x0010B3A0,0x0010B4E8,328
xmen_fn_0010B4E8,0x0010B4E8,0x0010B4EC,4
xmen_fn_0010B568,0x0010B568,0x0010B56C,4
xmen_fn_0010B608,0x0010B608,0x0010B618,16
xmen_fn_0010B618,0x0010B618,0x0010B620,8
xmen_fn_0010B620,0x0010B620,0x0010B6D0,176
xmen_fn_0010B6D0,0x0010B6D0,0x0010B6D8,8
xmen_fn_0010B6D8,0x0010B6D8,0x0010B6F8,32
xmen_fn_0010B6F8,0x0010B6F8,0x0010B770,120
xmen_fn_0010B770,0x0010B770,0x0010B774,4
xmen_fn_0010B818,0x0010B818,0x0010B898,128
xmen_fn_0010B898,0x0010B898,0x0010B8B0,24
xmen_fn_0010B8B0,0x0010B8B0,0x0010B8B4,4
xmen_fn_0010B958,0x0010B958,0x0010BA00,168
xmen_fn_0010BA00,0x0010BA00,0x0010BA68,104
xmen_fn_0010BA68,0x0010BA68,0x0010BAD0,104
xmen_fn_0010BAD0,0x0010BAD0,0x0010BB38,104
xmen_fn_0010BB38,0x0010BB38,0x0010BBE0,168
xmen_fn_0010BBE0,0x0010BBE0,0x0010BC00,32
xmen_fn_0010BC00,0x0010BC00,0x0010BCF8,248
xmen_fn_0010BCF8,0x0010BCF8,0x0010BCFC,4
xmen_fn_0010BDD0,0x0010BDD0,0x0010BDD4,4
xmen_fn_0010BE68,0x0010BE68,0x0010BE6C,4
xmen_fn_0010BEE8,0x0010BEE8,0x0010BF80,152
xmen_fn_0010BF80,0x0010BF80,0x0010C070,240
xmen_fn_0010C070,0x0010C070,0x0010C074,4
xmen_fn_0010C0B8,0x0010C0B8,0x0010C0BC,4
xmen_fn_0010C0E0,0x0010C0E0,0x0010C0E4,4
xmen_fn_0010C110,0x0010C110,0x0010C114,4
xmen_fn_0010C190,0x0010C190,0x0010C194,4
xmen_fn_0010C1C8,0x0010C1C8,0x0010C1CC,4
xmen_fn_0010C200,0x0010C200,0x0010C204,4
xmen_fn_0010C230,0x0010C230,0x0010C234,4
xmen_fn_0010C258,0x0010C258,0x0010C25C,4
xmen_fn_0010C280,0x0010C280,0x0010C2A8,40
xmen_fn_0010C2A8,0x0010C2A8,0x0010C2D0,40
xmen_fn_0010C2D0,0x0010C2D0,0x0010C310,64
xmen_fn_0010C310,0x0010C310,0x0010C350,64
xmen_fn_0010C350,0x0010C350,0x0010C354,4
xmen_fn_0010C4E8,0x0010C4E8,0x0010C4EC,4
xmen_fn_0010C660,0x0010C660,0x0010C664,4
xmen_fn_0010C730,0x0010C730,0x0010C734,4
xmen_fn_0010C7F0,0x0010C7F0,0x0010C918,296
xmen_fn_0010C918,0x0010C918,0x0010C9B0,152
xmen_fn_0010C9B0,0x0010C9B0,0x0010CB18,360
xmen_fn_0010CB18,0x0010CB18,0x0010CB1C,4
xmen_fn_0010D110,0x0010D110,0x0010D148,56
xmen_fn_0010D148,0x0010D148,0x0010D14C,4
xmen_fn_0010D1D8,0x0010D1D8,0x0010D220,72
xmen_fn_0010D220,0x0010D220,0x0010D224,4
xmen_fn_0010D4A0,0x0010D4A0,0x0010D4A4,4
xmen_fn_0010D4D8,0x0010D4D8,0x0010D508,48
xmen_fn_0010D508,0x0010D508,0x0010D50C,4
xmen_fn_0010D580,0x0010D580,0x0010D584,4
xmen_fn_0010D5D0,0x0010D5D0,0x0010D5D4,4
xmen_fn_0010D708,0x0010D708,0x0010D70C,4
xmen_fn_0010D748,0x0010D748,0x0010D788,64
xmen_fn_0010D788,0x0010D788,0x0010D78C,4
xmen_fn_0010D8D0,0x0010D8D0,0x0010D8D4,4
xmen_fn_0010D980,0x0010D980,0x0010D984,4
xmen_fn_0010DB20,0x0010DB20,0x0010DB48,40
xmen_fn_0010DB48,0x0010DB48,0x0010DBF0,168
xmen_fn_0010DBF0,0x0010DBF0,0x0010DC10,32
xmen_fn_0010DC10,0x0010DC10,0x0010DC14,4
xmen_fn_0010DC40,0x0010DC40,0x0010DC44,4
xmen_fn_0010DE60,0x0010DE60,0x0010DE64,4
xmen_fn_0010DFB8,0x0010DFB8,0x0010E118,352
xmen_fn_0010E118,0x0010E118,0x0010E11C,4
xmen_fn_0010E2E8,0x0010E2E8,0x0010E2EC,4
xmen_fn_0010E4E0,0x0010E4E0,0x0010E4E4,4
xmen_fn_0010E520,0x0010E520,0x0010E524,4
xmen_fn_0010E5B8,0x0010E5B8,0x0010E5BC,4
xmen_fn_0010E688,0x0010E688,0x0010E68C,4
xmen_fn_0010E720,0x0010E720,0x0010E724,4
xmen_fn_0010E7B0,0x0010E7B0,0x0010E7B4,4
xmen_fn_0010E808,0x0010E808,0x0010E80C,4
xmen_fn_0010E9D0,0x0010E9D0,0x0010E9D4,4
xmen_fn_0010EA10,0x0010EA10,0x0010EA70,96
xmen_fn_0010EA70,0x0010EA70,0x0010EAF8,136
xmen_fn_0010EAF8,0x0010EAF8,0x0010EF20,1064
xmen_fn_0010EF20,0x0010EF20,0x0010EF24,4
xmen_fn_0010EF70,0x0010EF70,0x0010EFA0,48
xmen_fn_0010EFA0,0x0010EFA0,0x0010F0A0,256
xmen_fn_0010F0A0,0x0010F0A0,0x0010F0A4,4
xmen_fn_0010F2A8,0x0010F2A8,0x0010F338,144
xmen_fn_0010F338,0x0010F338,0x0010F33C,4
xmen_fn_0010F370,0x0010F370,0x0010F374,4
xmen_fn_0010F5F8,0x0010F5F8,0x0010F5FC,4
xmen_fn_0010F778,0x0010F778,0x0010F77C,4
xmen_fn_0010F9B0,0x0010F9B0,0x0010F9B4,4
xmen_fn_0010FC10,0x0010FC10,0x0010FC14,4
xmen_fn_0010FED0,0x0010FED0,0x0010FED4,4
xmen_fn_00110428,0x00110428,0x00110B70,1864
xmen_fn_00110B70,0x00110B70,0x00110C38,200
xmen_fn_00110C38,0x00110C38,0x00110DA0,360
xmen_fn_00110DA0,0x00110DA0,0x00110EF8,344
xmen_fn_00110EF8,0x00110EF8,0x00111910,2584
xmen_fn_00111910,0x00111910,0x00112128,2072
xmen_fn_00112128,0x00112128,0x0011212C,4
xmen_fn_001121B0,0x001121B0,0x001121B4,4
xmen_fn_00112220,0x00112220,0x00112224,4
xmen_fn_001122A0,0x001122A0,0x00112318,120
xmen_fn_00112318,0x00112318,0x00112338,32
xmen_fn_00112338,0x00112338,0x0011233C,4
xmen_fn_00112678,0x00112678,0x00112778,256
xmen_fn_00112778,0x00112778,0x00112808,144
xmen_fn_00112808,0x00112808,0x0011280C,4
xmen_fn_00112840,0x00112840,0x00112844,4
xmen_fn_00112A48,0x00112A48,0x00112C50,520
xmen_fn_00112C50,0x00112C50,0x00112E50,512
xmen_fn_00112E50,0x00112E50,0x00112E54,4
xmen_fn_00113078,0x00113078,0x001130B8,64
xmen_fn_001130B8,0x001130B8,0x001130BC,4
xmen_fn_001131E0,0x001131E0,0x001131E4,4
xmen_fn_00113208,0x00113208,0x0011320C,4
xmen_fn_001132F8,0x001132F8,0x001132FC,4
xmen_fn_001133D8,0x001133D8,0x001133DC,4
xmen_fn_00113530,0x00113530,0x00113534,4
xmen_fn_00113558,0x00113558,0x0011355C,4
xmen_fn_001135A8,0x001135A8,0x001135AC,4
xmen_fn_001137A0,0x001137A0,0x001137E8,72
xmen_fn_001137E8,0x001137E8,0x001137F8,16
xmen_fn_001137F8,0x001137F8,0x00113808,16
xmen_fn_00113808,0x00113808,0x001138F0,232
xmen_fn_001138F0,0x001138F0,0x00113990,160
xmen_fn_00113990,0x00113990,0x00113994,4
xmen_fn_001139D0,0x001139D0,0x00113F60,1424
xmen_fn_00113F60,0x00113F60,0x00113FB8,88
xmen_fn_00113FB8,0x00113FB8,0x00113FD0,24
xmen_fn_00113FD0,0x00113FD0,0x00114028,88
xmen_fn_00114028,0x00114028,0x001140B0,136
xmen_fn_001140B0,0x001140B0,0x001140F8,72
xmen_fn_001140F8,0x001140F8,0x001140FC,4
xmen_fn_001141F8,0x001141F8,0x00114208,16
xmen_fn_00114208,0x00114208,0x00114260,88
xmen_fn_00114260,0x00114260,0x00114270,16
xmen_fn_00114270,0x00114270,0x001142B8,72
xmen_fn_001142B8,0x001142B8,0x001142C8,16
xmen_fn_001142C8,0x001142C8,0x00114330,104
xmen_fn_00114330,0x00114330,0x001143E0,176
xmen_fn_001143E0,0x001143E0,0x00114420,64
xmen_fn_00114420,0x00114420,0x00114430,16
xmen_fn_00114430,0x00114430,0x00114548,280
xmen_fn_00114548,0x00114548,0x00114608,192
xmen_fn_00114608,0x00114608,0x00114680,120
xmen_fn_00114680,0x00114680,0x00114690,16
xmen_fn_00114690,0x00114690,0x001146D8,72
xmen_fn_001146D8,0x001146D8,0x001146E8,16
xmen_fn_001146E8,0x001146E8,0x001146EC,4
xmen_fn_001147C0,0x001147C0,0x001147C4,4
xmen_fn_00114830,0x00114830,0x00114840,16
xmen_fn_00114840,0x00114840,0x00114850,16
xmen_fn_00114850,0x00114850,0x00114860,16
xmen_fn_00114860,0x00114860,0x00114AA0,576
xmen_fn_00114AA0,0x00114AA0,0x00114BB0,272
xmen_fn_00114BB0,0x00114BB0,0x00114D40,400
xmen_fn_00114D40,0x00114D40,0x00114DC8,136
xmen_fn_00114DC8,0x00114DC8,0x001150A0,728
xmen_fn_001150A0,0x001150A0,0x00115170,208
xmen_fn_00115170,0x00115170,0x001151E0,112
xmen_fn_001151E0,0x001151E0,0x00115228,72
xmen_fn_00115228,0x00115228,0x001152C8,160
xmen_fn_001152C8,0x001152C8,0x00115318,80
xmen_fn_00115318,0x00115318,0x001153C8,176
xmen_fn_001153C8,0x001153C8,0x00115478,176
xmen_fn_00115478,0x00115478,0x001154C8,80
xmen_fn_001154C8,0x001154C8,0x001156B0,488
xmen_fn_001156B0,0x001156B0,0x00115748,152
xmen_fn_00115748,0x00115748,0x00115808,192
xmen_fn_00115808,0x00115808,0x00115900,248
xmen_fn_00115900,0x00115900,0x00115A28,296
xmen_fn_00115A28,0x00115A28,0x00115B28,256
xmen_fn_00115B28,0x00115B28,0x00115BD8,176
xmen_fn_00115BD8,0x00115BD8,0x001160D0,1272
xmen_fn_001160D0,0x001160D0,0x00116178,168
xmen_fn_00116178,0x00116178,0x0011617C,4
xmen_fn_00116350,0x00116350,0x00116354,4
xmen_fn_001164D8,0x001164D8,0x00116590,184
xmen_fn_00116590,0x00116590,0x00116708,376
xmen_fn_00116708,0x00116708,0x00116780,120
xmen_fn_00116780,0x00116780,0x00116AB8,824
xmen_fn_00116AB8,0x00116AB8,0x00116C28,368
xmen_fn_00116C28,0x00116C28,0x00116C2C,4
xmen_fn_00116CC0,0x00116CC0,0x00116CC4,4
xmen_fn_00116D60,0x00116D60,0x00116D64,4
xmen_fn_00116DD0,0x00116DD0,0x00116FF0,544
xmen_fn_00116FF0,0x00116FF0,0x00116FF4,4
xmen_fn_001172D0,0x001172D0,0x001174C8,504
xmen_fn_001174C8,0x001174C8,0x001174CC,4
xmen_fn_001176D0,0x001176D0,0x001176D4,4
xmen_fn_001178B0,0x001178B0,0x001178B4,4
xmen_fn_00117980,0x00117980,0x00117984,4
xmen_fn_00117A18,0x00117A18,0x00117A1C,4
xmen_fn_00117AD0,0x00117AD0,0x00117AD4,4
xmen_fn_00117BA0,0x00117BA0,0x00117CB8,280
xmen_fn_00117CB8,0x00117CB8,0x00117CBC,4
xmen_fn_00117DF8,0x00117DF8,0x00117DFC,4
xmen_fn_00117E98,0x00117E98,0x00117E9C,4
xmen_fn_00117F18,0x00117F18,0x00117F1C,4
xmen_fn_00118100,0x00118100,0x00118104,4
xmen_fn_001181B8,0x001181B8,0x001181BC,4
xmen_fn_00118218,0x00118218,0x0011821C,4
xmen_fn_00118268,0x00118268,0x0011826C,4
xmen_fn_001183D0,0x001183D0,0x001183D4,4
xmen_fn_00118448,0x00118448,0x0011844C,4
xmen_fn_00118480,0x00118480,0x00118484,4
xmen_fn_001184E8,0x001184E8,0x001184EC,4
xmen_fn_00118570,0x00118570,0x00118574,4
xmen_fn_00118690,0x00118690,0x00118694,4
xmen_fn_001187B0,0x001187B0,0x001187B4,4
xmen_fn_001188E8,0x001188E8,0x001188EC,4
xmen_fn_001189A0,0x001189A0,0x001189A4,4
xmen_fn_00118A60,0x00118A60,0x00118A64,4
xmen_fn_00118B38,0x00118B38,0x00118B3C,4
xmen_fn_00118BF0,0x00118BF0,0x00118BF4,4
xmen_fn_00118CA0,0x00118CA0,0x00118CA4,4
xmen_fn_00118D00,0x00118D00,0x00118D04,4
xmen_fn_00118D58,0x00118D58,0x00118D5C,4
xmen_fn_00118DB0,0x00118DB0,0x00118DB4,4
xmen_fn_00118E80,0x00118E80,0x00118E84,4
xmen_fn_00118EE8,0x00118EE8,0x00118EEC,4
xmen_fn_00118F50,0x00118F50,0x00118F54,4
xmen_fn_00118FB8,0x00118FB8,0x00118FBC,4
xmen_fn_00119020,0x00119020,0x00119024,4
xmen_fn_001191F0,0x001191F0,0x001191F4,4
xmen_fn_00119280,0x00119280,0x00119284,4
xmen_fn_00119340,0x00119340,0x00119344,4
xmen_fn_00119408,0x00119408,0x0011940C,4
xmen_fn_00119530,0x00119530,0x00119534,4
xmen_fn_00119568,0x00119568,0x0011956C,4
xmen_fn_00119628,0x00119628,0x0011962C,4
xmen_fn_00119708,0x00119708,0x0011970C,4
xmen_fn_001197A0,0x001197A0,0x001197A4,4
xmen_fn_001198B8,0x001198B8,0x001198BC,4
xmen_fn_00119A30,0x00119A30,0x00119A34,4
xmen_fn_00119AF8,0x00119AF8,0x00119AFC,4
xmen_fn_00119B50,0x00119B50,0x00119B54,4
xmen_fn_00119D40,0x00119D40,0x00119D44,4
xmen_fn_00119E90,0x00119E90,0x00119E94,4
xmen_fn_00119F20,0x00119F20,0x00119F24,4
xmen_fn_0011A060,0x0011A060,0x0011A064,4
xmen_fn_0011A130,0x0011A130,0x0011A134,4
xmen_fn_0011A250,0x0011A250,0x0011A254,4
xmen_fn_0011A310,0x0011A310,0x0011A314,4
xmen_fn_0011A4E0,0x0011A4E0,0x0011A4E4,4
xmen_fn_0011A640,0x0011A640,0x0011A644,4
xmen_fn_0011A710,0x0011A710,0x0011A714,4
xmen_fn_0011D370,0x0011D370,0x0011DF18,2984
xmen_fn_0011DF18,0x0011DF18,0x0011DF1C,4
xmen_fn_0011E2C8,0x0011E2C8,0x0011E398,208
xmen_fn_0011E398,0x0011E398,0x0011E39C,4
xmen_fn_0011E4E8,0x0011E4E8,0x0011ED50,2152
xmen_fn_0011ED50,0x0011ED50,0x0011ED54,4
xmen_fn_0011EE58,0x0011EE58,0x0011F0E0,648
xmen_fn_0011F0E0,0x0011F0E0,0x0011F0E4,4
xmen_fn_0011F5A8,0x0011F5A8,0x0011F5AC,4
xmen_fn_0011F7B8,0x0011F7B8,0x0011F800,72
xmen_fn_0011F800,0x0011F800,0x0011F804,4
xmen_fn_0011F838,0x0011F838,0x0011F83C,4
xmen_fn_0011FA50,0x0011FA50,0x0011FA98,72
xmen_fn_0011FA98,0x0011FA98,0x0011FAD8,64
xmen_fn_0011FAD8,0x0011FAD8,0x0011FCC0,488
xmen_fn_0011FCC0,0x0011FCC0,0x0011FF50,656
xmen_fn_0011FF50,0x0011FF50,0x00120028,216
xmen_fn_00120028,0x00120028,0x00120068,64
xmen_fn_00120068,0x00120068,0x00120140,216
xmen_fn_00120140,0x00120140,0x00120168,40
xmen_fn_00120168,0x00120168,0x00120240,216
xmen_fn_00120240,0x00120240,0x00120308,200
xmen_fn_00120308,0x00120308,0x001203F0,232
xmen_fn_001203F0,0x001203F0,0x00120468,120
xmen_fn_00120468,0x00120468,0x00120480,24
xmen_fn_00120480,0x00120480,0x00120498,24
xmen_fn_00120498,0x00120498,0x001204B0,24
xmen_fn_001204B0,0x001204B0,0x001204C8,24
xmen_fn_001204C8,0x001204C8,0x001204E0,24
xmen_fn_001204E0,0x001204E0,0x001204F8,24
xmen_fn_001204F8,0x001204F8,0x00120510,24
xmen_fn_00120510,0x00120510,0x00120528,24
xmen_fn_00120528,0x00120528,0x00120540,24
xmen_fn_00120540,0x00120540,0x00120558,24
xmen_fn_00120558,0x00120558,0x00120570,24
xmen_fn_00120570,0x00120570,0x00120588,24
xmen_fn_00120588,0x00120588,0x001205A0,24
xmen_fn_001205A0,0x001205A0,0x001205B8,24
xmen_fn_001205B8,0x001205B8,0x001205E0,40
xmen_fn_001205E0,0x001205E0,0x00120668,136
xmen_fn_00120668,0x00120668,0x0012066C,4
xmen_fn_00120778,0x00120778,0x001209A8,560
xmen_fn_001209A8,0x001209A8,0x00121C10,4712
xmen_fn_00121C10,0x00121C10,0x00121C18,8
xmen_fn_00121C18,0x00121C18,0x00121C20,8
xmen_fn_00121C20,0x00121C20,0x00121C30,16
xmen_fn_00121C30,0x00121C30,0x00121C34,4
xmen_fn_00121CE0,0x00121CE0,0x00121CE4,4
xmen_fn_00121DF8,0x00121DF8,0x00121E58,96
xmen_fn_00121E58,0x00121E58,0x00122008,432
xmen_fn_00122008,0x00122008,0x00122098,144
xmen_fn_00122098,0x00122098,0x001220F0,88
xmen_fn_001220F0,0x001220F0,0x00122148,88
xmen_fn_00122148,0x00122148,0x0012214C,4
xmen_fn_00122268,0x00122268,0x0012226C,4
xmen_fn_00122560,0x00122560,0x00122564,4
xmen_fn_001226D0,0x001226D0,0x00122730,96
xmen_fn_00122730,0x00122730,0x00122B10,992
xmen_fn_00122B10,0x00122B10,0x00122BD0,192
xmen_fn_00122BD0,0x00122BD0,0x00122BF8,40
xmen_fn_00122BF8,0x00122BF8,0x00122E28,560
xmen_fn_00122E28,0x00122E28,0x00122E48,32
xmen_fn_00122E48,0x00122E48,0x00122EA8,96
xmen_fn_00122EA8,0x00122EA8,0x00123000,344
xmen_fn_00123000,0x00123000,0x00123098,152
xmen_fn_00123098,0x00123098,0x00123188,240
xmen_fn_00123188,0x00123188,0x0012318C,4
xmen_fn_001231E0,0x001231E0,0x001231E4,4
xmen_fn_00123228,0x00123228,0x0012322C,4
xmen_fn_00123480,0x00123480,0x00123484,4
xmen_fn_00123D70,0x00123D70,0x00123D74,4
xmen_fn_00123DA4,0x00123DA4,0x00123DA8,4
xmen_fn_00123E84,0x00123E84,0x00123E88,4
xmen_fn_00123F18,0x00123F18,0x00123F1C,4
xmen_fn_00123FC8,0x00123FC8,0x00123FCC,4
xmen_fn_001240CC,0x001240CC,0x001240D0,4
xmen_fn_00124190,0x00124190,0x00124194,4
xmen_fn_00124210,0x00124210,0x00124214,4
xmen_fn_00124260,0x00124260,0x00124308,168
xmen_fn_00124308,0x00124308,0x00124338,48
xmen_fn_00124338,0x00124338,0x00124440,264
xmen_fn_00124440,0x00124440,0x00124570,304
xmen_fn_00124570,0x00124570,0x001245F0,128
xmen_fn_001245F0,0x001245F0,0x001246B0,192
xmen_fn_001246B0,0x001246B0,0x001246E8,56
xmen_fn_001246E8,0x001246E8,0x001248F8,528
xmen_fn_001248F8,0x001248F8,0x001249F8,256
xmen_fn_001249F8,0x001249F8,0x00124B50,344
xmen_fn_00124B50,0x00124B50,0x00124BB8,104
xmen_fn_00124BB8,0x00124BB8,0x00124D48,400
xmen_fn_00124D48,0x00124D48,0x00124E18,208
xmen_fn_00124E18,0x00124E18,0x00124FB0,408
xmen_fn_00124FB0,0x00124FB0,0x00125138,392
xmen_fn_00125138,0x00125138,0x00125278,320
xmen_fn_00125278,0x00125278,0x00125348,208
xmen_fn_00125348,0x00125348,0x0012534C,4
xmen_fn_001253A8,0x001253A8,0x001253AC,4
xmen_fn_00125418,0x00125418,0x00125E20,2568
xmen_fn_00125E20,0x00125E20,0x00125E24,4
xmen_fn_00125E88,0x00125E88,0x00125F50,200
xmen_fn_00125F50,0x00125F50,0x00125F54,4
xmen_fn_00126528,0x00126528,0x001266A8,384
xmen_fn_001266A8,0x001266A8,0x00126700,88
xmen_fn_00126700,0x00126700,0x00126960,608
xmen_fn_00126960,0x00126960,0x00126A48,232
xmen_fn_00126A48,0x00126A48,0x00126AF8,176
xmen_fn_00126AF8,0x00126AF8,0x00126AFC,4
xmen_fn_00126C20,0x00126C20,0x00126CB8,152
xmen_fn_00126CB8,0x00126CB8,0x00126ED0,536
xmen_fn_00126ED0,0x00126ED0,0x00126ED4,4
xmen_fn_00126FA8,0x00126FA8,0x00126FAC,4
xmen_fn_001270D4,0x001270D4,0x001270D8,4
xmen_fn_00127264,0x00127264,0x00127268,4
xmen_fn_001273A8,0x001273A8,0x001273AC,4
xmen_fn_001274BC,0x001274BC,0x001274C0,4
xmen_fn_001275F8,0x001275F8,0x00127648,80
xmen_fn_00127648,0x00127648,0x00127720,216
xmen_fn_00127720,0x00127720,0x00127724,4
xmen_fn_001278D0,0x001278D0,0x001278D4,4
xmen_fn_00127A88,0x00127A88,0x00127A8C,4
xmen_fn_00127C48,0x00127C48,0x00127C4C,4
xmen_fn_00127C98,0x00127C98,0x00127C9C,4
xmen_fn_00128C38,0x00128C38,0x00128C88,80
xmen_fn_00128C88,0x00128C88,0x00128FA8,800
xmen_fn_00128FA8,0x00128FA8,0x00129208,608
xmen_fn_00129208,0x00129208,0x00129238,48
xmen_fn_00129238,0x00129238,0x00129288,80
xmen_fn_00129288,0x00129288,0x001292A8,32
xmen_fn_001292A8,0x001292A8,0x001292C8,32
xmen_fn_001292C8,0x001292C8,0x001293B0,232
xmen_fn_001293B0,0x001293B0,0x00129538,392
xmen_fn_00129538,0x00129538,0x00129580,72
xmen_fn_00129580,0x00129580,0x00129638,184
xmen_fn_00129638,0x00129638,0x0012A2A8,3184
xmen_fn_0012A2A8,0x0012A2A8,0x0012A2F0,72
xmen_fn_0012A2F0,0x0012A2F0,0x0012A3A8,184
xmen_fn_0012A3A8,0x0012A3A8,0x0012A420,120
xmen_fn_0012A420,0x0012A420,0x0012BA90,5744
xmen_fn_0012BA90,0x0012BA90,0x0012BC50,448
xmen_fn_0012BC50,0x0012BC50,0x0012BD30,224
xmen_fn_0012BD30,0x0012BD30,0x0012C9C0,3216
xmen_fn_0012C9C0,0x0012C9C0,0x0012CAC0,256
xmen_fn_0012CAC0,0x0012CAC0,0x0012CAE8,40
xmen_fn_0012CAE8,0x0012CAE8,0x0012CBC0,216
xmen_fn_0012CBC0,0x0012CBC0,0x0012CBC4,4
xmen_fn_0012CC70,0x0012CC70,0x0012CCD0,96
xmen_fn_0012CCD0,0x0012CCD0,0x0012CDE0,272
xmen_fn_0012CDE0,0x0012CDE0,0x0012CE58,120
xmen_fn_0012CE58,0x0012CE58,0x0012CE5C,4
xmen_fn_0012D4F0,0x0012D4F0,0x0012DB80,1680
xmen_fn_0012DB80,0x0012DB80,0x0012E100,1408
xmen_fn_0012E100,0x0012E100,0x0012E668,1384
xmen_fn_0012E668,0x0012E668,0x0012E710,168
xmen_fn_0012E710,0x0012E710,0x0012E7F8,232
xmen_fn_0012E7F8,0x0012E7F8,0x0012E910,280
xmen_fn_0012E910,0x0012E910,0x0012E988,120
xmen_fn_0012E988,0x0012E988,0x0012EAB0,296
xmen_fn_0012EAB0,0x0012EAB0,0x0012EAF0,64
xmen_fn_0012EAF0,0x0012EAF0,0x0012EBA8,184
xmen_fn_0012EBA8,0x0012EBA8,0x0012EC08,96
xmen_fn_0012EC08,0x0012EC08,0x0012EC38,48
xmen_fn_0012EC38,0x0012EC38,0x0012EC78,64
xmen_fn_0012EC78,0x0012EC78,0x0012ED50,216
xmen_fn_0012ED50,0x0012ED50,0x0012EE10,192
xmen_fn_0012EE10,0x0012EE10,0x0012F070,608
xmen_fn_0012F070,0x0012F070,0x0012F0C8,88
xmen_fn_0012F0C8,0x0012F0C8,0x0012F130,104
xmen_fn_0012F130,0x0012F130,0x0012F3B8,648
xmen_fn_0012F3B8,0x0012F3B8,0x0012F4F8,320
xmen_fn_0012F4F8,0x0012F4F8,0x0012F618,288
xmen_fn_0012F618,0x0012F618,0x0012F668,80
xmen_fn_0012F668,0x0012F668,0x0012F720,184
xmen_fn_0012F720,0x0012F720,0x0012F7C0,160
xmen_fn_0012F7C0,0x0012F7C0,0x0012F7F0,48
xmen_fn_0012F7F0,0x0012F7F0,0x0012F848,88
xmen_fn_0012F848,0x0012F848,0x0012F8E8,160
xmen_fn_0012F8E8,0x0012F8E8,0x0012F910,40
xmen_fn_0012F910,0x0012F910,0x0012FB50,576
xmen_fn_0012FB50,0x0012FB50,0x0012FC30,224
xmen_fn_0012FC30,0x0012FC30,0x0012FD10,224
xmen_fn_0012FD10,0x0012FD10,0x0012FD80,112
xmen_fn_0012FD80,0x0012FD80,0x001304E0,1888
xmen_fn_001304E0,0x001304E0,0x00130560,128
xmen_fn_00130560,0x00130560,0x001305E0,128
xmen_fn_001305E0,0x001305E0,0x001307A0,448
xmen_fn_001307A0,0x001307A0,0x00130820,128
xmen_fn_00130820,0x00130820,0x00130900,224
xmen_fn_00130900,0x00130900,0x00130980,128
xmen_fn_00130980,0x00130980,0x00130A50,208
xmen_fn_00130A50,0x00130A50,0x00130AD0,128
xmen_fn_00130AD0,0x00130AD0,0x00130F40,1136
xmen_fn_00130F40,0x00130F40,0x00130FC0,128
xmen_fn_00130FC0,0x00130FC0,0x00131090,208
xmen_fn_00131090,0x00131090,0x001312B0,544
xmen_fn_001312B0,0x001312B0,0x00131A80,2000
xmen_fn_00131A80,0x00131A80,0x00131C30,432
xmen_fn_00131C30,0x00131C30,0x00131CB0,128
xmen_fn_00131CB0,0x00131CB0,0x00131D30,128
xmen_fn_00131D30,0x00131D30,0x00131E10,224
xmen_fn_00131E10,0x00131E10,0x00131F70,352
xmen_fn_00131F70,0x00131F70,0x00132200,656
xmen_fn_00132200,0x00132200,0x001323D0,464
xmen_fn_001323D0,0x001323D0,0x00132440,112
xmen_fn_00132440,0x00132440,0x00132510,208
xmen_fn_00132510,0x00132510,0x00132520,16
xmen_fn_00132520,0x00132520,0x00132590,112
xmen_fn_00132590,0x00132590,0x001326A0,272
xmen_fn_001326A0,0x001326A0,0x00132850,432
xmen_fn_00132850,0x00132850,0x001328A0,80
xmen_fn_001328A0,0x001328A0,0x00132900,96
xmen_fn_00132900,0x00132900,0x00132960,96
xmen_fn_00132960,0x00132960,0x00132BD0,624
xmen_fn_00132BD0,0x00132BD0,0x00132C10,64
xmen_fn_00132C10,0x00132C10,0x00132C20,16
xmen_fn_00132C20,0x00132C20,0x00132CA0,128
xmen_fn_00132CA0,0x00132CA0,0x00132CD0,48
xmen_fn_00132CD0,0x00132CD0,0x00132D50,128
xmen_fn_00132D50,0x00132D50,0x00132E20,208
xmen_fn_00132E20,0x00132E20,0x00132E70,80
xmen_fn_00132E70,0x00132E70,0x00133070,512
xmen_fn_00133070,0x00133070,0x00133160,240
xmen_fn_00133160,0x00133160,0x001331C0,96
xmen_fn_001331C0,0x001331C0,0x001331E0,32
xmen_fn_001331E0,0x001331E0,0x00133220,64
xmen_fn_00133220,0x00133220,0x001333E0,448
xmen_fn_001333E0,0x001333E0,0x00133480,160
xmen_fn_00133480,0x00133480,0x00133510,144
xmen_fn_00133510,0x00133510,0x001335C0,176
xmen_fn_001335C0,0x001335C0,0x00133920,864
xmen_fn_00133920,0x00133920,0x00133930,16
xmen_fn_00133930,0x00133930,0x001339C0,144
xmen_fn_001339C0,0x001339C0,0x00133A70,176
xmen_fn_00133A70,0x00133A70,0x00133EC0,1104
xmen_fn_00133EC0,0x00133EC0,0x00133ED0,16
xmen_fn_00133ED0,0x00133ED0,0x00133F60,144
xmen_fn_00133F60,0x00133F60,0x00134010,176
xmen_fn_00134010,0x00134010,0x001349C0,2480
xmen_fn_001349C0,0x001349C0,0x001349D0,16
xmen_fn_001349D0,0x001349D0,0x00134AB0,224
xmen_fn_00134AB0,0x00134AB0,0x00134BA0,240
xmen_fn_00134BA0,0x00134BA0,0x001350A0,1280
xmen_fn_001350A0,0x001350A0,0x001350B0,16
xmen_fn_001350B0,0x001350B0,0x00135140,144
xmen_fn_00135140,0x00135140,0x001351F0,176
xmen_fn_001351F0,0x001351F0,0x00135770,1408
xmen_fn_00135770,0x00135770,0x001357F0,128
xmen_fn_001357F0,0x001357F0,0x00135870,128
xmen_fn_00135870,0x00135870,0x001358F0,128
xmen_fn_001358F0,0x001358F0,0x00135970,128
xmen_fn_00135970,0x00135970,0x001359F0,128
xmen_fn_001359F0,0x001359F0,0x00135A70,128
xmen_fn_00135A70,0x00135A70,0x00135AF0,128
xmen_fn_00135AF0,0x00135AF0,0x00135B00,16
xmen_fn_00135B00,0x00135B00,0x00135B10,16
xmen_fn_00135B10,0x00135B10,0x00135BA0,144
xmen_fn_00135BA0,0x00135BA0,0x00135C50,176
xmen_fn_00135C50,0x00135C50,0x00136070,1056
xmen_fn_00136070,0x00136070,0x00136080,16
xmen_fn_00136080,0x00136080,0x00136110,144
xmen_fn_00136110,0x00136110,0x001361C0,176
xmen_fn_001361C0,0x001361C0,0x00136410,592
xmen_fn_00136410,0x00136410,0x00136420,16
xmen_fn_00136420,0x00136420,0x001364A0,128
xmen_fn_001364A0,0x001364A0,0x00136540,160
xmen_fn_00136540,0x00136540,0x00136820,736
xmen_fn_00136820,0x00136820,0x00136880,96
xmen_fn_00136880,0x00136880,0x001368E0,96
xmen_fn_001368E0,0x001368E0,0x00136A60,384
xmen_fn_00136A60,0x00136A60,0x00136AD0,112
xmen_fn_00136AD0,0x00136AD0,0x00136C00,304
xmen_fn_00136C00,0x00136C00,0x00136C10,16
xmen_fn_00136C10,0x00136C10,0x00136E50,576
xmen_fn_00136E50,0x00136E50,0x00137020,464
xmen_fn_00137020,0x00137020,0x00137030,16
xmen_fn_00137030,0x00137030,0x00137350,800
xmen_fn_00137350,0x00137350,0x00137360,16
xmen_fn_00137360,0x00137360,0x001373C0,96
xmen_fn_001373C0,0x001373C0,0x00137420,96
xmen_fn_00137420,0x00137420,0x00137590,368
xmen_fn_00137590,0x00137590,0x00137A50,1216
xmen_fn_00137A50,0x00137A50,0x00137AB0,96
xmen_fn_00137AB0,0x00137AB0,0x00137AD0,32
xmen_fn_00137AD0,0x00137AD0,0x00137BD0,256
xmen_fn_00137BD0,0x00137BD0,0x00137D30,352
xmen_fn_00137D30,0x00137D30,0x00137D40,16
xmen_fn_00137D40,0x00137D40,0x00137D50,16
xmen_fn_00137D50,0x00137D50,0x00137D60,16
xmen_fn_00137D60,0x00137D60,0x00137D70,16
xmen_fn_00137D70,0x00137D70,0x00137D80,16
xmen_fn_00137D80,0x00137D80,0x00137D90,16
xmen_fn_00137D90,0x00137D90,0x00137DA0,16
xmen_fn_00137DA0,0x00137DA0,0x00137E40,160
xmen_fn_00137E40,0x00137E40,0x00137E60,32
xmen_fn_00137E60,0x00137E60,0x00137E70,16
xmen_fn_00137E70,0x00137E70,0x00137EF0,128
xmen_fn_00137EF0,0x00137EF0,0x00137FE0,240
xmen_fn_00137FE0,0x00137FE0,0x00137FF0,16
xmen_fn_00137FF0,0x00137FF0,0x001380C0,208
xmen_fn_001380C0,0x001380C0,0x00138110,80
xmen_fn_00138110,0x00138110,0x00138160,80
xmen_fn_00138160,0x00138160,0x00138210,176
xmen_fn_00138210,0x00138210,0x00138220,16
xmen_fn_00138220,0x00138220,0x00139790,5488
xmen_fn_00139790,0x00139790,0x00139980,496
xmen_fn_00139980,0x00139980,0x00139B20,416
xmen_fn_00139B20,0x00139B20,0x00139BA0,128
xmen_fn_00139BA0,0x00139BA0,0x00139C20,128
xmen_fn_00139C20,0x00139C20,0x00139DE0,448
xmen_fn_00139DE0,0x00139DE0,0x00139F10,304
xmen_fn_00139F10,0x00139F10,0x0013A2F0,992
xmen_fn_0013A2F0,0x0013A2F0,0x0013A360,112
xmen_fn_0013A360,0x0013A360,0x0013A410,176
xmen_fn_0013A410,0x0013A410,0x0013A420,16
xmen_fn_0013A420,0x0013A420,0x0013A450,48
xmen_fn_0013A450,0x0013A450,0x0013A560,272
xmen_fn_0013A560,0x0013A560,0x0013A5E0,128
xmen_fn_0013A5E0,0x0013A5E0,0x0013A610,48
xmen_fn_0013A610,0x0013A610,0x0013A620,16
xmen_fn_0013A620,0x0013A620,0x0013A660,64
xmen_fn_0013A660,0x0013A660,0x0013A740,224
xmen_fn_0013A740,0x0013A740,0x0013A750,16
xmen_fn_0013A750,0x0013A750,0x0013A8B0,352
xmen_fn_0013A8B0,0x0013A8B0,0x0013A990,224
xmen_fn_0013A990,0x0013A990,0x0013A9A0,16
xmen_fn_0013A9A0,0x0013A9A0,0x0013A9C0,32
xmen_fn_0013A9C0,0x0013A9C0,0x0013AA10,80
xmen_fn_0013AA10,0x0013AA10,0x0013AA40,48
xmen_fn_0013AA40,0x0013AA40,0x0013AA70,48
xmen_fn_0013AA70,0x0013AA70,0x0013AA80,16
xmen_fn_0013AA80,0x0013AA80,0x0013B730,3248
xmen_fn_0013B730,0x0013B730,0x0013B780,80
xmen_fn_0013B780,0x0013B780,0x0013CF70,6128
xmen_fn_0013CF70,0x0013CF70,0x0013CFC0,80
xmen_fn_0013CFC0,0x0013CFC0,0x0013D430,1136
xmen_fn_0013D430,0x0013D430,0x0013D730,768
xmen_fn_0013D730,0x0013D730,0x0013D870,320
xmen_fn_0013D870,0x0013D870,0x00141D90,17696
xmen_fn_00141D90,0x00141D90,0x00141DA0,16
xmen_fn_00141DA0,0x00141DA0,0x00141DE0,64
xmen_fn_00141DE0,0x00141DE0,0x00141E10,48
xmen_fn_00141E10,0x00141E10,0x00141E40,48
xmen_fn_00141E40,0x00141E40,0x00141E50,16
xmen_fn_00141E50,0x00141E50,0x00141E60,16
xmen_fn_00141E60,0x00141E60,0x00141E90,48
xmen_fn_00141E90,0x00141E90,0x00141F10,128
xmen_fn_00141F10,0x00141F10,0x00141F60,80
xmen_fn_00141F60,0x00141F60,0x00141F70,16
xmen_fn_00141F70,0x00141F70,0x00141F80,16
xmen_fn_00141F80,0x00141F80,0x00141FA0,32
xmen_fn_00141FA0,0x00141FA0,0x00142160,448
xmen_fn_00142160,0x00142160,0x00142180,32
xmen_fn_00142180,0x00142180,0x001421B0,48
xmen_fn_001421B0,0x001421B0,0x001421C0,16
xmen_fn_001421C0,0x001421C0,0x001421E0,32
xmen_fn_001421E0,0x001421E0,0x00142200,32
xmen_fn_00142200,0x00142200,0x00142210,16
xmen_fn_00142210,0x00142210,0x00142230,32
xmen_fn_00142230,0x00142230,0x00142240,16
xmen_fn_00142240,0x00142240,0x00142260,32
xmen_fn_00142260,0x00142260,0x001422E0,128
xmen_fn_001422E0,0x001422E0,0x001422F0,16
xmen_fn_001422F0,0x001422F0,0x00142320,48
xmen_fn_00142320,0x00142320,0x001456F0,13264
xmen_fn_001456F0,0x001456F0,0x00145700,16
xmen_fn_00145700,0x00145700,0x00145710,16
xmen_fn_00145710,0x00145710,0x00145720,16
xmen_fn_00145720,0x00145720,0x00145730,16
xmen_fn_00145730,0x00145730,0x00145760,48
xmen_fn_00145760,0x00145760,0x00145790,48
xmen_fn_00145790,0x00145790,0x001457A0,16
xmen_fn_001457A0,0x001457A0,0x001457D0,48
xmen_fn_001457D0,0x001457D0,0x00145850,128
xmen_fn_00145850,0x00145850,0x00145860,16
xmen_fn_00145860,0x00145860,0x00145870,16
xmen_fn_00145870,0x00145870,0x00145A50,480
xmen_fn_00145A50,0x00145A50,0x00145AB0,96
xmen_fn_00145AB0,0x00145AB0,0x00145B10,96
xmen_fn_00145B10,0x00145B10,0x00145D10,512
xmen_fn_00145D10,0x00145D10,0x00145D40,48
xmen_fn_00145D40,0x00145D40,0x00145D70,48
xmen_fn_00145D70,0x00145D70,0x00145DC0,80
xmen_fn_00145DC0,0x00145DC0,0x00145E70,176
xmen_fn_00145E70,0x00145E70,0x00145ED0,96
xmen_fn_00145ED0,0x00145ED0,0x00145EF0,32
xmen_fn_00145EF0,0x00145EF0,0x00145F30,64
xmen_fn_00145F30,0x00145F30,0x00145F80,80
xmen_fn_00145F80,0x00145F80,0x00145F90,16
xmen_fn_00145F90,0x00145F90,0x00146100,368
xmen_fn_00146100,0x00146100,0x001461F0,240
xmen_fn_001461F0,0x001461F0,0x00146200,16
xmen_fn_00146200,0x00146200,0x001463A0,416
xmen_fn_001463A0,0x001463A0,0x001463B0,16
xmen_fn_001463B0,0x001463B0,0x00146490,224
xmen_fn_00146490,0x00146490,0x001464A0,16
xmen_fn_001464A0,0x001464A0,0x001465A0,256
xmen_fn_001465A0,0x001465A0,0x001465C0,32
xmen_fn_001465C0,0x001465C0,0x001465D0,16
xmen_fn_001465D0,0x001465D0,0x00146640,112
xmen_fn_00146640,0x00146640,0x001466C0,128
xmen_fn_001466C0,0x001466C0,0x001466E0,32
xmen_fn_001466E0,0x001466E0,0x001466F0,16
xmen_fn_001466F0,0x001466F0,0x001468B0,448
xmen_fn_001468B0,0x001468B0,0x00146910,96
xmen_fn_00146910,0x00146910,0x00146960,80
xmen_fn_00146960,0x00146960,0x00146AC0,352
xmen_fn_00146AC0,0x00146AC0,0x00146AD0,16
xmen_fn_00146AD0,0x00146AD0,0x00146AE0,16
xmen_fn_00146AE0,0x00146AE0,0x00146BF0,272
xmen_fn_00146BF0,0x00146BF0,0x00146C00,16
xmen_fn_00146C00,0x00146C00,0x00146D80,384
xmen_fn_00146D80,0x00146D80,0x00146E30,176
xmen_fn_00146E30,0x00146E30,0x00146E90,96
xmen_fn_00146E90,0x00146E90,0x00146EB0,32
xmen_fn_00146EB0,0x00146EB0,0x00146EE0,48
xmen_fn_00146EE0,0x00146EE0,0x00146EF0,16
xmen_fn_00146EF0,0x00146EF0,0x00147050,352
xmen_fn_00147050,0x00147050,0x00147140,240
xmen_fn_00147140,0x00147140,0x00147190,80
xmen_fn_00147190,0x00147190,0x001471A0,16
xmen_fn_001471A0,0x001471A0,0x00147200,96
xmen_fn_00147200,0x00147200,0x001472F0,240
xmen_fn_001472F0,0x001472F0,0x00147340,80
xmen_fn_00147340,0x00147340,0x001474A0,352
xmen_fn_001474A0,0x001474A0,0x00147570,208
xmen_fn_00147570,0x00147570,0x00147680,272
xmen_fn_00147680,0x00147680,0x00147790,272
xmen_fn_00147790,0x00147790,0x00147860,208
xmen_fn_00147860,0x00147860,0x00147970,272
xmen_fn_00147970,0x00147970,0x00147980,16
xmen_fn_00147980,0x00147980,0x00147990,16
xmen_fn_00147990,0x00147990,0x001479A0,16
xmen_fn_001479A0,0x001479A0,0x00147D90,1008
xmen_fn_00147D90,0x00147D90,0x00147DA0,16
xmen_fn_00147DA0,0x00147DA0,0x00147EA0,256
xmen_fn_00147EA0,0x00147EA0,0x00147EB0,16
xmen_fn_00147EB0,0x00147EB0,0x00148360,1200
xmen_fn_00148360,0x00148360,0x00148370,16
xmen_fn_00148370,0x00148370,0x00148380,16
xmen_fn_00148380,0x00148380,0x00148390,16
xmen_fn_00148390,0x00148390,0x00148C20,2192
xmen_fn_00148C20,0x00148C20,0x00148C40,32
xmen_fn_00148C40,0x00148C40,0x00148C50,16
xmen_fn_00148C50,0x00148C50,0x00148CD0,128
xmen_fn_00148CD0,0x00148CD0,0x00149650,2432
xmen_fn_00149650,0x00149650,0x00149700,176
xmen_fn_00149700,0x00149700,0x00149720,32
xmen_fn_00149720,0x00149720,0x001497A0,128
xmen_fn_001497A0,0x001497A0,0x00149930,400
xmen_fn_00149930,0x00149930,0x00149940,16
xmen_fn_00149940,0x00149940,0x00149F80,1600
xmen_fn_00149F80,0x00149F80,0x0014A130,432
xmen_fn_0014A130,0x0014A130,0x0014A260,304
xmen_fn_0014A260,0x0014A260,0x0014A360,256
xmen_fn_0014A360,0x0014A360,0x0014AAF0,1936
xmen_fn_0014AAF0,0x0014AAF0,0x0014ABD0,224
xmen_fn_0014ABD0,0x0014ABD0,0x0014ABE0,16
xmen_fn_0014ABE0,0x0014ABE0,0x0014AC30,80
xmen_fn_0014AC30,0x0014AC30,0x0014C010,5088
xmen_fn_0014C010,0x0014C010,0x0014C060,80
xmen_fn_0014C060,0x0014C060,0x0014C120,192
xmen_fn_0014C120,0x0014C120,0x0014C1F0,208
xmen_fn_0014C1F0,0x0014C1F0,0x0014C2C0,208
xmen_fn_0014C2C0,0x0014C2C0,0x0014C380,192
xmen_fn_0014C380,0x0014C380,0x0014C460,224
xmen_fn_0014C460,0x0014C460,0x0014C470,16
xmen_fn_0014C470,0x0014C470,0x0014C4D0,96
xmen_fn_0014C4D0,0x0014C4D0,0x0014C5F0,288
xmen_fn_0014C5F0,0x0014C5F0,0x0014C730,320
xmen_fn_0014C730,0x0014C730,0x0014C9E0,688
xmen_fn_0014C9E0,0x0014C9E0,0x0014CA50,112
xmen_fn_0014CA50,0x0014CA50,0x0014CAC0,112
xmen_fn_0014CAC0,0x0014CAC0,0x0014CAD0,16
xmen_fn_0014CAD0,0x0014CAD0,0x0014CAE0,16
xmen_fn_0014CAE0,0x0014CAE0,0x0014CB80,160
xmen_fn_0014CB80,0x0014CB80,0x0014CC30,176
xmen_fn_0014CC30,0x0014CC30,0x0014CCB0,128
xmen_fn_0014CCB0,0x0014CCB0,0x0014CD70,192
xmen_fn_0014CD70,0x0014CD70,0x0014CDE0,112
xmen_fn_0014CDE0,0x0014CDE0,0x0014CE40,96
xmen_fn_0014CE40,0x0014CE40,0x0014CEF0,176
xmen_fn_0014CEF0,0x0014CEF0,0x0014CF90,160
xmen_fn_0014CF90,0x0014CF90,0x0014D180,496
xmen_fn_0014D180,0x0014D180,0x0014D2C0,320
xmen_fn_0014D2C0,0x0014D2C0,0x0014D4A0,480
xmen_fn_0014D4A0,0x0014D4A0,0x0014D560,192
xmen_fn_0014D560,0x0014D560,0x0014D610,176
xmen_fn_0014D610,0x0014D610,0x0014D720,272
xmen_fn_0014D720,0x0014D720,0x0014D820,256
xmen_fn_0014D820,0x0014D820,0x0014DFF0,2000
xmen_fn_0014DFF0,0x0014DFF0,0x0014E030,64
xmen_fn_0014E030,0x0014E030,0x0014E250,544
xmen_fn_0014E250,0x0014E250,0x0014E6C0,1136
xmen_fn_0014E6C0,0x0014E6C0,0x0014E6F0,48
xmen_fn_0014E6F0,0x0014E6F0,0x0014E820,304
xmen_fn_0014E820,0x0014E820,0x0014E890,112
xmen_fn_0014E890,0x0014E890,0x0014F410,2944
xmen_fn_0014F410,0x0014F410,0x0014F580,368
xmen_fn_0014F580,0x0014F580,0x0014F680,256
xmen_fn_0014F680,0x0014F680,0x0014F850,464
xmen_fn_0014F850,0x0014F850,0x0014F8F0,160
xmen_fn_0014F8F0,0x0014F8F0,0x0014FA10,288
xmen_fn_0014FA10,0x0014FA10,0x0014FB00,240
xmen_fn_0014FB00,0x0014FB00,0x0014FC70,368
xmen_fn_0014FC70,0x0014FC70,0x0014FDE0,368
xmen_fn_0014FDE0,0x0014FDE0,0x0014FE20,64
xmen_fn_0014FE20,0x0014FE20,0x001500E0,704
xmen_fn_001500E0,0x001500E0,0x001509A0,2240
xmen_fn_001509A0,0x001509A0,0x00150AF0,336
xmen_fn_00150AF0,0x00150AF0,0x00150B70,128
xmen_fn_00150B70,0x00150B70,0x00151010,1184
xmen_fn_00151010,0x00151010,0x00151240,560
xmen_fn_00151240,0x00151240,0x00151360,288
xmen_fn_00151360,0x00151360,0x001514B0,336
xmen_fn_001514B0,0x001514B0,0x00151580,208
xmen_fn_00151580,0x00151580,0x00151610,144
xmen_fn_00151610,0x00151610,0x00151650,64
xmen_fn_00151650,0x00151650,0x00151A70,1056
xmen_fn_00151A70,0x00151A70,0x00151D00,656
xmen_fn_00151D00,0x00151D00,0x00152170,1136
xmen_fn_00152170,0x00152170,0x00152530,960
xmen_fn_00152530,0x00152530,0x00152670,320
xmen_fn_00152670,0x00152670,0x00152B50,1248
xmen_fn_00152B50,0x00152B50,0x00152D90,576
xmen_fn_00152D90,0x00152D90,0x00153030,672
xmen_fn_00153030,0x00153030,0x00153170,320
xmen_fn_00153170,0x00153170,0x00153300,400
xmen_fn_00153300,0x00153300,0x00153370,112
xmen_fn_00153370,0x00153370,0x00153770,1024
xmen_fn_00153770,0x00153770,0x001540E0,2416
xmen_fn_001540E0,0x001540E0,0x00154630,1360
xmen_fn_00154630,0x00154630,0x00154760,304
xmen_fn_00154760,0x00154760,0x001547F0,144
xmen_fn_001547F0,0x001547F0,0x00154980,400
xmen_fn_00154980,0x00154980,0x00154A20,160
xmen_fn_00154A20,0x00154A20,0x00154EF0,1232
xmen_fn_00154EF0,0x00154EF0,0x00154F90,160
xmen_fn_00154F90,0x00154F90,0x001551C0,560
xmen_fn_001551C0,0x001551C0,0x001552E0,288
xmen_fn_001552E0,0x001552E0,0x001553A0,192
xmen_fn_001553A0,0x001553A0,0x001554D0,304
xmen_fn_001554D0,0x001554D0,0x00155D20,2128
xmen_fn_00155D20,0x00155D20,0x00155F50,560
xmen_fn_00155F50,0x00155F50,0x00156110,448
xmen_fn_00156110,0x00156110,0x00156190,128
xmen_fn_00156190,0x00156190,0x00156210,128
xmen_fn_00156210,0x00156210,0x00156390,384
xmen_fn_00156390,0x00156390,0x001568A0,1296
xmen_fn_001568A0,0x001568A0,0x00156B10,624
xmen_fn_00156B10,0x00156B10,0x00156B90,128
xmen_fn_00156B90,0x00156B90,0x00156C70,224
xmen_fn_00156C70,0x00156C70,0x00157780,2832
xmen_fn_00157780,0x00157780,0x00157790,16
xmen_fn_00157790,0x00157790,0x00157930,416
xmen_fn_00157930,0x00157930,0x00157B10,480
xmen_fn_00157B10,0x00157B10,0x00157B90,128
xmen_fn_00157B90,0x00157B90,0x00157C10,128
xmen_fn_00157C10,0x00157C10,0x00157C90,128
xmen_fn_00157C90,0x00157C90,0x00157D60,208
xmen_fn_00157D60,0x00157D60,0x00157D90,48
xmen_fn_00157D90,0x00157D90,0x00157E10,128
xmen_fn_00157E10,0x00157E10,0x00157FC0,432
xmen_fn_00157FC0,0x00157FC0,0x00157FD0,16
xmen_fn_00157FD0,0x00157FD0,0x00157FE0,16
xmen_fn_00157FE0,0x00157FE0,0x00158300,800
xmen_fn_00158300,0x00158300,0x001585B0,688
xmen_fn_001585B0,0x001585B0,0x001585C0,16
xmen_fn_001585C0,0x001585C0,0x001585D0,16
xmen_fn_001585D0,0x001585D0,0x001588C0,752
xmen_fn_001588C0,0x001588C0,0x00158A80,448
xmen_fn_00158A80,0x00158A80,0x00158EC0,1088
xmen_fn_00158EC0,0x00158EC0,0x001594B0,1520
xmen_fn_001594B0,0x001594B0,0x001594D0,32
xmen_fn_001594D0,0x001594D0,0x001595A0,208
xmen_fn_001595A0,0x001595A0,0x00159690,240
xmen_fn_00159690,0x00159690,0x00159720,144
xmen_fn_00159720,0x00159720,0x001598C0,416
xmen_fn_001598C0,0x001598C0,0x00159960,160
xmen_fn_00159960,0x00159960,0x001599E0,128
xmen_fn_001599E0,0x001599E0,0x00159C40,608
xmen_fn_00159C40,0x00159C40,0x00159CE0,160
xmen_fn_00159CE0,0x00159CE0,0x00159D60,128
xmen_fn_00159D60,0x00159D60,0x00159DE0,128
xmen_fn_00159DE0,0x00159DE0,0x00159E60,128
xmen_fn_00159E60,0x00159E60,0x00159FC0,352
xmen_fn_00159FC0,0x00159FC0,0x0015A350,912
xmen_fn_0015A350,0x0015A350,0x0015A3D0,128
xmen_fn_0015A3D0,0x0015A3D0,0x0015A470,160
xmen_fn_0015A470,0x0015A470,0x0015A630,448
xmen_fn_0015A630,0x0015A630,0x0015A790,352
xmen_fn_0015A790,0x0015A790,0x0015A810,128
xmen_fn_0015A810,0x0015A810,0x0015A890,128
xmen_fn_0015A890,0x0015A890,0x0015A910,128
xmen_fn_0015A910,0x0015A910,0x0015AC00,752
xmen_fn_0015AC00,0x0015AC00,0x0015AE40,576
xmen_fn_0015AE40,0x0015AE40,0x0015AF70,304
xmen_fn_0015AF70,0x0015AF70,0x0015AFF0,128
xmen_fn_0015AFF0,0x0015AFF0,0x0015B110,288
xmen_fn_0015B110,0x0015B110,0x0015B190,128
xmen_fn_0015B190,0x0015B190,0x0015B220,144
xmen_fn_0015B220,0x0015B220,0x0015B2A0,128
xmen_fn_0015B2A0,0x0015B2A0,0x0015B410,368
xmen_fn_0015B410,0x0015B410,0x0015B510,256
xmen_fn_0015B510,0x0015B510,0x0015B5F0,224
xmen_fn_0015B5F0,0x0015B5F0,0x0015B720,304
xmen_fn_0015B720,0x0015B720,0x0015B850,304
xmen_fn_0015B850,0x0015B850,0x0015B8E0,144
xmen_fn_0015B8E0,0x0015B8E0,0x0015B9C0,224
xmen_fn_0015B9C0,0x0015B9C0,0x0015BA60,160
xmen_fn_0015BA60,0x0015BA60,0x0015BAA0,64
xmen_fn_0015BAA0,0x0015BAA0,0x0015BAF0,80
xmen_fn_0015BAF0,0x0015BAF0,0x0015BBE0,240
xmen_fn_0015BBE0,0x0015BBE0,0x0015BCE0,256
xmen_fn_0015BCE0,0x0015BCE0,0x0015BD60,128
xmen_fn_0015BD60,0x0015BD60,0x0015BDE0,128
xmen_fn_0015BDE0,0x0015BDE0,0x0015BFC0,480
xmen_fn_0015BFC0,0x0015BFC0,0x0015C050,144
xmen_fn_0015C050,0x0015C050,0x0015C150,256
xmen_fn_0015C150,0x0015C150,0x0015C1D0,128
xmen_fn_0015C1D0,0x0015C1D0,0x0015C350,384
xmen_fn_0015C350,0x0015C350,0x0015C4E0,400
xmen_fn_0015C4E0,0x0015C4E0,0x0015C5B0,208
xmen_fn_0015C5B0,0x0015C5B0,0x0015C630,128
xmen_fn_0015C630,0x0015C630,0x0015C7C0,400
xmen_fn_0015C7C0,0x0015C7C0,0x0015C8A0,224
xmen_fn_0015C8A0,0x0015C8A0,0x0015CB80,736
xmen_fn_0015CB80,0x0015CB80,0x0015CC00,128
xmen_fn_0015CC00,0x0015CC00,0x0015CC80,128
xmen_fn_0015CC80,0x0015CC80,0x0015CF60,736
xmen_fn_0015CF60,0x0015CF60,0x0015D090,304
xmen_fn_0015D090,0x0015D090,0x0015D160,208
xmen_fn_0015D160,0x0015D160,0x0015D1E0,128
xmen_fn_0015D1E0,0x0015D1E0,0x0015D3F0,528
xmen_fn_0015D3F0,0x0015D3F0,0x0015D500,272
xmen_fn_0015D500,0x0015D500,0x0015D610,272
xmen_fn_0015D610,0x0015D610,0x0015D720,272
xmen_fn_0015D720,0x0015D720,0x0015DA70,848
xmen_fn_0015DA70,0x0015DA70,0x0015DAF0,128
xmen_fn_0015DAF0,0x0015DAF0,0x0015DB70,128
xmen_fn_0015DB70,0x0015DB70,0x0015DBF0,128
xmen_fn_0015DBF0,0x0015DBF0,0x0015DC70,128
xmen_fn_0015DC70,0x0015DC70,0x0015DCF0,128
xmen_fn_0015DCF0,0x0015DCF0,0x0015DD70,128
xmen_fn_0015DD70,0x0015DD70,0x0015DDF0,128
xmen_fn_0015DDF0,0x0015DDF0,0x0015DE70,128
xmen_fn_0015DE70,0x0015DE70,0x0015DEF0,128
xmen_fn_0015DEF0,0x0015DEF0,0x0015DF00,16
xmen_fn_0015DF00,0x0015DF00,0x0015DF10,16
xmen_fn_0015DF10,0x0015DF10,0x0015DF20,16
xmen_fn_0015DF20,0x0015DF20,0x0015DF30,16
xmen_fn_0015DF30,0x0015DF30,0x0015DF40,16
xmen_fn_0015DF40,0x0015DF40,0x0015DF50,16
xmen_fn_0015DF50,0x0015DF50,0x0015DF60,16
xmen_fn_0015DF60,0x0015DF60,0x0015DF70,16
xmen_fn_0015DF70,0x0015DF70,0x0015DF80,16
xmen_fn_0015DF80,0x0015DF80,0x0015E3E0,1120
xmen_fn_0015E3E0,0x0015E3E0,0x0015E4C0,224
xmen_fn_0015E4C0,0x0015E4C0,0x0015E550,144
xmen_fn_0015E550,0x0015E550,0x0015E630,224
xmen_fn_0015E630,0x0015E630,0x0015E710,224
xmen_fn_0015E710,0x0015E710,0x0015E8E0,464
xmen_fn_0015E8E0,0x0015E8E0,0x0015EA80,416
xmen_fn_0015EA80,0x0015EA80,0x0015EB60,224
xmen_fn_0015EB60,0x0015EB60,0x0015EBF0,144
xmen_fn_0015EBF0,0x0015EBF0,0x0015EDB0,448
xmen_fn_0015EDB0,0x0015EDB0,0x0015EE30,128
xmen_fn_0015EE30,0x0015EE30,0x0015EEB0,128
xmen_fn_0015EEB0,0x0015EEB0,0x0015F010,352
xmen_fn_0015F010,0x0015F010,0x0015F0F0,224
xmen_fn_0015F0F0,0x0015F0F0,0x0015F2B0,448
xmen_fn_0015F2B0,0x0015F2B0,0x0015F420,368
xmen_fn_0015F420,0x0015F420,0x0015F500,224
xmen_fn_0015F500,0x0015F500,0x0015F670,368
xmen_fn_0015F670,0x0015F670,0x0015F850,480
xmen_fn_0015F850,0x0015F850,0x0015F910,192
xmen_fn_0015F910,0x0015F910,0x0015FAD0,448
xmen_fn_0015FAD0,0x0015FAD0,0x0015FC50,384
xmen_fn_0015FC50,0x0015FC50,0x0015FCD0,128
xmen_fn_0015FCD0,0x0015FCD0,0x0015FD50,128
xmen_fn_0015FD50,0x0015FD50,0x0015FDD0,128
xmen_fn_0015FDD0,0x0015FDD0,0x0015FE50,128
xmen_fn_0015FE50,0x0015FE50,0x00160000,432
xmen_fn_00160000,0x00160000,0x00160040,64
xmen_fn_00160040,0x00160040,0x00160120,224
xmen_fn_00160120,0x00160120,0x001601B0,144
xmen_fn_001601B0,0x001601B0,0x00160320,368
xmen_fn_00160320,0x00160320,0x001603C0,160
xmen_fn_001603C0,0x001603C0,0x00160590,464
xmen_fn_00160590,0x00160590,0x00160610,128
xmen_fn_00160610,0x00160610,0x001606F0,224
xmen_fn_001606F0,0x001606F0,0x001607E0,240
xmen_fn_001607E0,0x001607E0,0x001609A0,448
xmen_fn_001609A0,0x001609A0,0x00160AC0,288
xmen_fn_00160AC0,0x00160AC0,0x00160C50,400
xmen_fn_00160C50,0x00160C50,0x00160DA0,336
xmen_fn_00160DA0,0x00160DA0,0x00160F80,480
xmen_fn_00160F80,0x00160F80,0x001611C0,576
xmen_fn_001611C0,0x001611C0,0x00161340,384
xmen_fn_00161340,0x00161340,0x001613C0,128
xmen_fn_001613C0,0x001613C0,0x00161440,128
xmen_fn_00161440,0x00161440,0x00161640,512
xmen_fn_00161640,0x00161640,0x00161720,224
xmen_fn_00161720,0x00161720,0x001617B0,144
xmen_fn_001617B0,0x001617B0,0x00161890,224
xmen_fn_00161890,0x00161890,0x00161920,144
xmen_fn_00161920,0x00161920,0x00161A00,224
xmen_fn_00161A00,0x00161A00,0x00161A90,144
xmen_fn_00161A90,0x00161A90,0x00161B70,224
xmen_fn_00161B70,0x00161B70,0x00161C00,144
xmen_fn_00161C00,0x00161C00,0x00161CE0,224
xmen_fn_00161CE0,0x00161CE0,0x00161D70,144
xmen_fn_00161D70,0x00161D70,0x00161E50,224
xmen_fn_00161E50,0x00161E50,0x00161EE0,144
xmen_fn_00161EE0,0x00161EE0,0x00161FC0,224
xmen_fn_00161FC0,0x00161FC0,0x00162050,144
xmen_fn_00162050,0x00162050,0x00162130,224
xmen_fn_00162130,0x00162130,0x001621C0,144
xmen_fn_001621C0,0x001621C0,0x001622A0,224
xmen_fn_001622A0,0x001622A0,0x001623C0,288
xmen_fn_001623C0,0x001623C0,0x00162460,160
xmen_fn_00162460,0x00162460,0x001624A0,64
xmen_fn_001624A0,0x001624A0,0x00162580,224
xmen_fn_00162580,0x00162580,0x00162910,912
xmen_fn_00162910,0x00162910,0x00162990,128
xmen_fn_00162990,0x00162990,0x00162A10,128
xmen_fn_00162A10,0x00162A10,0x00162A90,128
xmen_fn_00162A90,0x00162A90,0x00162B10,128
xmen_fn_00162B10,0x00162B10,0x00162B90,128
xmen_fn_00162B90,0x00162B90,0x00162C10,128
xmen_fn_00162C10,0x00162C10,0x00162C90,128
xmen_fn_00162C90,0x00162C90,0x00162D10,128
xmen_fn_00162D10,0x00162D10,0x00162D90,128
xmen_fn_00162D90,0x00162D90,0x00162E10,128
xmen_fn_00162E10,0x00162E10,0x00162E90,128
xmen_fn_00162E90,0x00162E90,0x00162F10,128
xmen_fn_00162F10,0x00162F10,0x00162F90,128
xmen_fn_00162F90,0x00162F90,0x00162FA0,16
xmen_fn_00162FA0,0x00162FA0,0x00162FB0,16
xmen_fn_00162FB0,0x00162FB0,0x00162FC0,16
xmen_fn_00162FC0,0x00162FC0,0x00162FD0,16
xmen_fn_00162FD0,0x00162FD0,0x00162FE0,16
xmen_fn_00162FE0,0x00162FE0,0x00162FF0,16
xmen_fn_00162FF0,0x00162FF0,0x00163000,16
xmen_fn_00163000,0x00163000,0x00163010,16
xmen_fn_00163010,0x00163010,0x00163020,16
xmen_fn_00163020,0x00163020,0x00163030,16
xmen_fn_00163030,0x00163030,0x00163040,16
xmen_fn_00163040,0x00163040,0x00163050,16
xmen_fn_00163050,0x00163050,0x00163060,16
xmen_fn_00163060,0x00163060,0x00163070,16
xmen_fn_00163070,0x00163070,0x00163080,16
xmen_fn_00163080,0x00163080,0x00163090,16
xmen_fn_00163090,0x00163090,0x001630A0,16
xmen_fn_001630A0,0x001630A0,0x00163100,96
xmen_fn_00163100,0x00163100,0x001637F0,1776
xmen_fn_001637F0,0x001637F0,0x00163880,144
xmen_fn_00163880,0x00163880,0x001638C0,64
xmen_fn_001638C0,0x001638C0,0x00163A20,352
xmen_fn_00163A20,0x00163A20,0x00163AA0,128
xmen_fn_00163AA0,0x00163AA0,0x00163B20,128
xmen_fn_00163B20,0x00163B20,0x00163CF0,464
xmen_fn_00163CF0,0x00163CF0,0x00163D90,160
xmen_fn_00163D90,0x00163D90,0x00163E10,128
xmen_fn_00163E10,0x00163E10,0x00163EB0,160
xmen_fn_00163EB0,0x00163EB0,0x00163F30,128
xmen_fn_00163F30,0x00163F30,0x00164010,224
xmen_fn_00164010,0x00164010,0x001640A0,144
xmen_fn_001640A0,0x001640A0,0x001640E0,64
xmen_fn_001640E0,0x001640E0,0x00164260,384
xmen_fn_00164260,0x00164260,0x00164530,720
xmen_fn_00164530,0x00164530,0x00164AD0,1440
xmen_fn_00164AD0,0x00164AD0,0x00164B50,128
xmen_fn_00164B50,0x00164B50,0x00164BD0,128
xmen_fn_00164BD0,0x00164BD0,0x00164BE0,16
xmen_fn_00164BE0,0x00164BE0,0x00164BF0,16
xmen_fn_00164BF0,0x00164BF0,0x001652F0,1792
xmen_fn_001652F0,0x001652F0,0x001654D0,480
xmen_fn_001654D0,0x001654D0,0x00165590,192
xmen_fn_00165590,0x00165590,0x00165610,128
xmen_fn_00165610,0x00165610,0x00165690,128
xmen_fn_00165690,0x00165690,0x00165710,128
xmen_fn_00165710,0x00165710,0x00165790,128
xmen_fn_00165790,0x00165790,0x001657A0,16
xmen_fn_001657A0,0x001657A0,0x001657B0,16
xmen_fn_001657B0,0x001657B0,0x001657C0,16
xmen_fn_001657C0,0x001657C0,0x001657D0,16
xmen_fn_001657D0,0x001657D0,0x001657E0,16
xmen_fn_001657E0,0x001657E0,0x001657F0,16
xmen_fn_001657F0,0x001657F0,0x00165860,112
xmen_fn_00165860,0x00165860,0x00165900,160
xmen_fn_00165900,0x00165900,0x00165C90,912
xmen_fn_00165C90,0x00165C90,0x00165F50,704
xmen_fn_00165F50,0x00165F50,0x001660E0,400
xmen_fn_001660E0,0x001660E0,0x00166160,128
xmen_fn_00166160,0x00166160,0x001661E0,128
xmen_fn_001661E0,0x001661E0,0x00166300,288
xmen_fn_00166300,0x00166300,0x00166380,128
xmen_fn_00166380,0x00166380,0x00166570,496
xmen_fn_00166570,0x00166570,0x00166600,144
xmen_fn_00166600,0x00166600,0x001666E0,224
xmen_fn_001666E0,0x001666E0,0x00166770,144
xmen_fn_00166770,0x00166770,0x00166850,224
xmen_fn_00166850,0x00166850,0x001668E0,144
xmen_fn_001668E0,0x001668E0,0x00166920,64
xmen_fn_00166920,0x00166920,0x00166A00,224
xmen_fn_00166A00,0x00166A00,0x00166A90,144
xmen_fn_00166A90,0x00166A90,0x00166AE0,80
xmen_fn_00166AE0,0x00166AE0,0x00166C50,368
xmen_fn_00166C50,0x00166C50,0x00166EC0,624
xmen_fn_00166EC0,0x00166EC0,0x00167050,400
xmen_fn_00167050,0x00167050,0x00167130,224
xmen_fn_00167130,0x00167130,0x001672A0,368
xmen_fn_001672A0,0x001672A0,0x00167440,416
xmen_fn_00167440,0x00167440,0x00167520,224
xmen_fn_00167520,0x00167520,0x001675B0,144
xmen_fn_001675B0,0x001675B0,0x00167690,224
xmen_fn_00167690,0x00167690,0x001678A0,528
xmen_fn_001678A0,0x001678A0,0x00167930,144
xmen_fn_00167930,0x00167930,0x00167AC0,400
xmen_fn_00167AC0,0x00167AC0,0x00167B40,128
xmen_fn_00167B40,0x00167B40,0x00167BC0,128
xmen_fn_00167BC0,0x00167BC0,0x00167C40,128
xmen_fn_00167C40,0x00167C40,0x00167CC0,128
xmen_fn_00167CC0,0x00167CC0,0x00167FF0,816
xmen_fn_00167FF0,0x00167FF0,0x00168070,128
xmen_fn_00168070,0x00168070,0x00168130,192
xmen_fn_00168130,0x00168130,0x001681B0,128
xmen_fn_001681B0,0x001681B0,0x00168230,128
xmen_fn_00168230,0x00168230,0x001682B0,128
xmen_fn_001682B0,0x001682B0,0x001684C0,528
xmen_fn_001684C0,0x001684C0,0x00168610,336
xmen_fn_00168610,0x00168610,0x00168690,128
xmen_fn_00168690,0x00168690,0x00168950,704
xmen_fn_00168950,0x00168950,0x00168AD0,384
xmen_fn_00168AD0,0x00168AD0,0x00168B50,128
xmen_fn_00168B50,0x00168B50,0x00168D20,464
xmen_fn_00168D20,0x00168D20,0x00168E00,224
xmen_fn_00168E00,0x00168E00,0x00169010,528
xmen_fn_00169010,0x00169010,0x001692D0,704
xmen_fn_001692D0,0x001692D0,0x00169350,128
xmen_fn_00169350,0x00169350,0x001693D0,128
xmen_fn_001693D0,0x001693D0,0x00169730,864
xmen_fn_00169730,0x00169730,0x001697B0,128
xmen_fn_001697B0,0x001697B0,0x001697C0,16
xmen_fn_001697C0,0x001697C0,0x001697D0,16
xmen_fn_001697D0,0x001697D0,0x001697E0,16
xmen_fn_001697E0,0x001697E0,0x001697F0,16
xmen_fn_001697F0,0x001697F0,0x00169800,16
xmen_fn_00169800,0x00169800,0x00169810,16
xmen_fn_00169810,0x00169810,0x00169890,128
xmen_fn_00169890,0x00169890,0x00169AA0,528
xmen_fn_00169AA0,0x00169AA0,0x00169AE0,64
xmen_fn_00169AE0,0x00169AE0,0x00169CA0,448
xmen_fn_00169CA0,0x00169CA0,0x00169D20,128
xmen_fn_00169D20,0x00169D20,0x00169DA0,128
xmen_fn_00169DA0,0x00169DA0,0x00169E20,128
xmen_fn_00169E20,0x00169E20,0x0016A030,528
xmen_fn_0016A030,0x0016A030,0x0016A110,224
xmen_fn_0016A110,0x0016A110,0x0016A1A0,144
xmen_fn_0016A1A0,0x0016A1A0,0x0016A2A0,256
xmen_fn_0016A2A0,0x0016A2A0,0x0016A3C0,288
xmen_fn_0016A3C0,0x0016A3C0,0x0016A4C0,256
xmen_fn_0016A4C0,0x0016A4C0,0x0016A6C0,512
xmen_fn_0016A6C0,0x0016A6C0,0x0016A700,64
xmen_fn_0016A700,0x0016A700,0x0016A820,288
xmen_fn_0016A820,0x0016A820,0x0016A8A0,128
xmen_fn_0016A8A0,0x0016A8A0,0x0016A9F0,336
xmen_fn_0016A9F0,0x0016A9F0,0x0016AB00,272
xmen_fn_0016AB00,0x0016AB00,0x0016AC70,368
xmen_fn_0016AC70,0x0016AC70,0x0016AED0,608
xmen_fn_0016AED0,0x0016AED0,0x0016AFA0,208
xmen_fn_0016AFA0,0x0016AFA0,0x0016B020,128
xmen_fn_0016B020,0x0016B020,0x0016B160,320
xmen_fn_0016B160,0x0016B160,0x0016B230,208
xmen_fn_0016B230,0x0016B230,0x0016B460,560
xmen_fn_0016B460,0x0016B460,0x0016B4E0,128
xmen_fn_0016B4E0,0x0016B4E0,0x0016B620,320
xmen_fn_0016B620,0x0016B620,0x0016B700,224
xmen_fn_0016B700,0x0016B700,0x0016B790,144
xmen_fn_0016B790,0x0016B790,0x0016B8F0,352
xmen_fn_0016B8F0,0x0016B8F0,0x0016BA80,400
xmen_fn_0016BA80,0x0016BA80,0x0016BB60,224
xmen_fn_0016BB60,0x0016BB60,0x0016BD30,464
xmen_fn_0016BD30,0x0016BD30,0x0016BDB0,128
xmen_fn_0016BDB0,0x0016BDB0,0x0016BE30,128
xmen_fn_0016BE30,0x0016BE30,0x0016BFA0,368
xmen_fn_0016BFA0,0x0016BFA0,0x0016C0D0,304
xmen_fn_0016C0D0,0x0016C0D0,0x0016C150,128
xmen_fn_0016C150,0x0016C150,0x0016C1D0,128
xmen_fn_0016C1D0,0x0016C1D0,0x0016C250,128
xmen_fn_0016C250,0x0016C250,0x0016C3F0,416
xmen_fn_0016C3F0,0x0016C3F0,0x0016C470,128
xmen_fn_0016C470,0x0016C470,0x0016C890,1056
xmen_fn_0016C890,0x0016C890,0x0016C910,128
xmen_fn_0016C910,0x0016C910,0x0016C990,128
xmen_fn_0016C990,0x0016C990,0x0016CA10,128
xmen_fn_0016CA10,0x0016CA10,0x0016CA90,128
xmen_fn_0016CA90,0x0016CA90,0x0016CCD0,576
xmen_fn_0016CCD0,0x0016CCD0,0x0016CEA0,464
xmen_fn_0016CEA0,0x0016CEA0,0x0016D010,368
xmen_fn_0016D010,0x0016D010,0x0016D0E0,208
xmen_fn_0016D0E0,0x0016D0E0,0x0016D170,144
xmen_fn_0016D170,0x0016D170,0x0016D2B0,320
xmen_fn_0016D2B0,0x0016D2B0,0x0016D330,128
xmen_fn_0016D330,0x0016D330,0x0016D560,560
xmen_fn_0016D560,0x0016D560,0x0016D770,528
xmen_fn_0016D770,0x0016D770,0x0016D840,208
xmen_fn_0016D840,0x0016D840,0x0016DA10,464
xmen_fn_0016DA10,0x0016DA10,0x0016DA90,128
xmen_fn_0016DA90,0x0016DA90,0x0016DB10,128
xmen_fn_0016DB10,0x0016DB10,0x0016DB90,128
xmen_fn_0016DB90,0x0016DB90,0x0016DE90,768
xmen_fn_0016DE90,0x0016DE90,0x0016DFD0,320
xmen_fn_0016DFD0,0x0016DFD0,0x0016E0B0,224
xmen_fn_0016E0B0,0x0016E0B0,0x0016E1D0,288
xmen_fn_0016E1D0,0x0016E1D0,0x0016E3A0,464
xmen_fn_0016E3A0,0x0016E3A0,0x0016E420,128
xmen_fn_0016E420,0x0016E420,0x0016E560,320
xmen_fn_0016E560,0x0016E560,0x0016E5A0,64
xmen_fn_0016E5A0,0x0016E5A0,0x0016E670,208
xmen_fn_0016E670,0x0016E670,0x0016E7C0,336
xmen_fn_0016E7C0,0x0016E7C0,0x0016E800,64
xmen_fn_0016E800,0x0016E800,0x0016E8E0,224
xmen_fn_0016E8E0,0x0016E8E0,0x0016E970,144
xmen_fn_0016E970,0x0016E970,0x0016EA90,288
xmen_fn_0016EA90,0x0016EA90,0x0016EC20,400
xmen_fn_0016EC20,0x0016EC20,0x0016ED00,224
xmen_fn_0016ED00,0x0016ED00,0x0016ED90,144
xmen_fn_0016ED90,0x0016ED90,0x0016EDD0,64
xmen_fn_0016EDD0,0x0016EDD0,0x0016EE20,80
xmen_fn_0016EE20,0x0016EE20,0x0016EEF0,208
xmen_fn_0016EEF0,0x0016EEF0,0x0016F0D0,480
xmen_fn_0016F0D0,0x0016F0D0,0x0016F200,304
xmen_fn_0016F200,0x0016F200,0x0016F280,128
xmen_fn_0016F280,0x0016F280,0x0016F300,128
xmen_fn_0016F300,0x0016F300,0x0016F380,128
xmen_fn_0016F380,0x0016F380,0x0016F400,128
xmen_fn_0016F400,0x0016F400,0x0016F480,128
xmen_fn_0016F480,0x0016F480,0x0016F500,128
xmen_fn_0016F500,0x0016F500,0x0016F580,128
xmen_fn_0016F580,0x0016F580,0x0016F600,128
xmen_fn_0016F600,0x0016F600,0x0016F680,128
xmen_fn_0016F680,0x0016F680,0x0016F700,128
xmen_fn_0016F700,0x0016F700,0x0016F780,128
xmen_fn_0016F780,0x0016F780,0x0016F800,128
xmen_fn_0016F800,0x0016F800,0x0016F880,128
xmen_fn_0016F880,0x0016F880,0x0016F900,128
xmen_fn_0016F900,0x0016F900,0x0016F980,128
xmen_fn_0016F980,0x0016F980,0x0016FA00,128
xmen_fn_0016FA00,0x0016FA00,0x0016FA80,128
xmen_fn_0016FA80,0x0016FA80,0x0016FB00,128
xmen_fn_0016FB00,0x0016FB00,0x0016FB80,128
xmen_fn_0016FB80,0x0016FB80,0x00170270,1776
xmen_fn_00170270,0x00170270,0x001702F0,128
xmen_fn_001702F0,0x001702F0,0x00170300,16
xmen_fn_00170300,0x00170300,0x00170330,48
xmen_fn_00170330,0x00170330,0x00170340,16
xmen_fn_00170340,0x00170340,0x00170410,208
xmen_fn_00170410,0x00170410,0x00170680,624
xmen_fn_00170680,0x00170680,0x00170760,224
xmen_fn_00170760,0x00170760,0x00170840,224
xmen_fn_00170840,0x00170840,0x00170C30,1008
xmen_fn_00170C30,0x00170C30,0x00170D80,336
xmen_fn_00170D80,0x00170D80,0x00170F40,448
xmen_fn_00170F40,0x00170F40,0x001712D0,912
xmen_fn_001712D0,0x001712D0,0x001714B0,480
xmen_fn_001714B0,0x001714B0,0x00171590,224
xmen_fn_00171590,0x00171590,0x00171790,512
xmen_fn_00171790,0x00171790,0x001718B0,288
xmen_fn_001718B0,0x001718B0,0x00171B30,640
xmen_fn_00171B30,0x00171B30,0x00171C80,336
xmen_fn_00171C80,0x00171C80,0x00171ED0,592
xmen_fn_00171ED0,0x00171ED0,0x00171FF0,288
xmen_fn_00171FF0,0x00171FF0,0x001722B0,704
xmen_fn_001722B0,0x001722B0,0x00172780,1232
xmen_fn_00172780,0x00172780,0x00172800,128
xmen_fn_00172800,0x00172800,0x00172880,128
xmen_fn_00172880,0x00172880,0x00172900,128
xmen_fn_00172900,0x00172900,0x00172910,16
xmen_fn_00172910,0x00172910,0x00172920,16
xmen_fn_00172920,0x00172920,0x00172930,16
xmen_fn_00172930,0x00172930,0x00172940,16
xmen_fn_00172940,0x00172940,0x00172C70,816
xmen_fn_00172C70,0x00172C70,0x00172D50,224
xmen_fn_00172D50,0x00172D50,0x00172DE0,144
xmen_fn_00172DE0,0x00172DE0,0x00172F00,288
xmen_fn_00172F00,0x00172F00,0x00173060,352
xmen_fn_00173060,0x00173060,0x00173230,464
xmen_fn_00173230,0x00173230,0x001732B0,128
xmen_fn_001732B0,0x001732B0,0x001732C0,16
xmen_fn_001732C0,0x001732C0,0x001732D0,16
xmen_fn_001732D0,0x001732D0,0x001732E0,16
xmen_fn_001732E0,0x001732E0,0x00173590,688
xmen_fn_00173590,0x00173590,0x00173670,224
xmen_fn_00173670,0x00173670,0x00173700,144
xmen_fn_00173700,0x00173700,0x00173870,368
xmen_fn_00173870,0x00173870,0x00173A50,480
xmen_fn_00173A50,0x00173A50,0x00173DC0,880
xmen_fn_00173DC0,0x00173DC0,0x00173DD0,16
xmen_fn_00173DD0,0x00173DD0,0x00173DE0,16
xmen_fn_00173DE0,0x00173DE0,0x00173DF0,16
xmen_fn_00173DF0,0x00173DF0,0x00173E00,16
xmen_fn_00173E00,0x00173E00,0x00173E10,16
xmen_fn_00173E10,0x00173E10,0x00173E20,16
xmen_fn_00173E20,0x00173E20,0x00173E30,16
xmen_fn_00173E30,0x00173E30,0x00173E40,16
xmen_fn_00173E40,0x00173E40,0x00173E50,16
xmen_fn_00173E50,0x00173E50,0x00173E60,16
xmen_fn_00173E60,0x00173E60,0x00173E70,16
xmen_fn_00173E70,0x00173E70,0x00173E80,16
xmen_fn_00173E80,0x00173E80,0x00173E90,16
xmen_fn_00173E90,0x00173E90,0x00173EA0,16
xmen_fn_00173EA0,0x00173EA0,0x00173EB0,16
xmen_fn_00173EB0,0x00173EB0,0x00173EC0,16
xmen_fn_00173EC0,0x00173EC0,0x00173ED0,16
xmen_fn_00173ED0,0x00173ED0,0x00173EE0,16
xmen_fn_00173EE0,0x00173EE0,0x00173EF0,16
xmen_fn_00173EF0,0x00173EF0,0x00173F30,64
xmen_fn_00173F30,0x00173F30,0x001747F0,2240
xmen_fn_001747F0,0x001747F0,0x00174B60,880
xmen_fn_00174B60,0x00174B60,0x00174BE0,128
xmen_fn_00174BE0,0x00174BE0,0x00174C60,128
xmen_fn_00174C60,0x00174C60,0x00174C70,16
xmen_fn_00174C70,0x00174C70,0x00174C80,16
xmen_fn_00174C80,0x00174C80,0x00174C90,16
xmen_fn_00174C90,0x00174C90,0x00174CA0,16
xmen_fn_00174CA0,0x00174CA0,0x00174FE0,832
xmen_fn_00174FE0,0x00174FE0,0x00175110,304
xmen_fn_00175110,0x00175110,0x001752A0,400
xmen_fn_001752A0,0x001752A0,0x001753A0,256
xmen_fn_001753A0,0x001753A0,0x001757C0,1056
xmen_fn_001757C0,0x001757C0,0x001757D0,16
xmen_fn_001757D0,0x001757D0,0x00175BA0,976
xmen_fn_00175BA0,0x00175BA0,0x00175CE0,320
xmen_fn_00175CE0,0x00175CE0,0x00175FC0,736
xmen_fn_00175FC0,0x00175FC0,0x00176100,320
xmen_fn_00176100,0x00176100,0x001761E0,224
xmen_fn_001761E0,0x001761E0,0x00176430,592
xmen_fn_00176430,0x00176430,0x001766B0,640
xmen_fn_001766B0,0x001766B0,0x00176830,384
xmen_fn_00176830,0x00176830,0x00176900,208
xmen_fn_00176900,0x00176900,0x00176990,144
xmen_fn_00176990,0x00176990,0x00176BA0,528
xmen_fn_00176BA0,0x00176BA0,0x00176C20,128
xmen_fn_00176C20,0x00176C20,0x00176CA0,128
xmen_fn_00176CA0,0x00176CA0,0x00176F60,704
xmen_fn_00176F60,0x00176F60,0x00177040,224
xmen_fn_00177040,0x00177040,0x001770D0,144
xmen_fn_001770D0,0x001770D0,0x001771F0,288
xmen_fn_001771F0,0x001771F0,0x00177420,560
xmen_fn_00177420,0x00177420,0x001774B0,144
xmen_fn_001774B0,0x001774B0,0x001775C0,272
xmen_fn_001775C0,0x001775C0,0x00177710,336
xmen_fn_00177710,0x00177710,0x001777F0,224
xmen_fn_001777F0,0x001777F0,0x00177880,144
xmen_fn_00177880,0x00177880,0x001778C0,64
xmen_fn_001778C0,0x001778C0,0x00177A40,384
xmen_fn_00177A40,0x00177A40,0x00177AC0,128
xmen_fn_00177AC0,0x00177AC0,0x00177B40,128
xmen_fn_00177B40,0x00177B40,0x00177BC0,128
xmen_fn_00177BC0,0x00177BC0,0x00177D70,432
xmen_fn_00177D70,0x00177D70,0x00177E10,160
xmen_fn_00177E10,0x00177E10,0x00177F30,288
xmen_fn_00177F30,0x00177F30,0x00178000,208
xmen_fn_00178000,0x00178000,0x00178090,144
xmen_fn_00178090,0x00178090,0x00178170,224
xmen_fn_00178170,0x00178170,0x00178360,496
xmen_fn_00178360,0x00178360,0x001783B0,80
xmen_fn_001783B0,0x001783B0,0x00178530,384
xmen_fn_00178530,0x00178530,0x001787F0,704
xmen_fn_001787F0,0x001787F0,0x001789A0,432
xmen_fn_001789A0,0x001789A0,0x00178AE0,320
xmen_fn_00178AE0,0x00178AE0,0x00178BC0,224
xmen_fn_00178BC0,0x00178BC0,0x00178C50,144
xmen_fn_00178C50,0x00178C50,0x00178DB0,352
xmen_fn_00178DB0,0x00178DB0,0x00178F00,336
xmen_fn_00178F00,0x00178F00,0x00178FA0,160
xmen_fn_00178FA0,0x00178FA0,0x001790D0,304
xmen_fn_001790D0,0x001790D0,0x001791B0,224
xmen_fn_001791B0,0x001791B0,0x00179380,464
xmen_fn_00179380,0x00179380,0x00179400,128
xmen_fn_00179400,0x00179400,0x00179610,528
xmen_fn_00179610,0x00179610,0x001796A0,144
xmen_fn_001796A0,0x001796A0,0x00179820,384
xmen_fn_00179820,0x00179820,0x001798A0,128
xmen_fn_001798A0,0x001798A0,0x00179920,128
xmen_fn_00179920,0x00179920,0x001799A0,128
xmen_fn_001799A0,0x001799A0,0x00179A20,128
xmen_fn_00179A20,0x00179A20,0x00179BE0,448
xmen_fn_00179BE0,0x00179BE0,0x00179CB0,208
xmen_fn_00179CB0,0x00179CB0,0x00179D40,144
xmen_fn_00179D40,0x00179D40,0x00179E20,224
xmen_fn_00179E20,0x00179E20,0x00179EB0,144
xmen_fn_00179EB0,0x00179EB0,0x00179F80,208
xmen_fn_00179F80,0x00179F80,0x0017A180,512
xmen_fn_0017A180,0x0017A180,0x0017A310,400
xmen_fn_0017A310,0x0017A310,0x0017A3F0,224
xmen_fn_0017A3F0,0x0017A3F0,0x0017A480,144
xmen_fn_0017A480,0x0017A480,0x0017A5C0,320
xmen_fn_0017A5C0,0x0017A5C0,0x0017A6A0,224
xmen_fn_0017A6A0,0x0017A6A0,0x0017A720,128
xmen_fn_0017A720,0x0017A720,0x0017A7A0,128
xmen_fn_0017A7A0,0x0017A7A0,0x0017AA60,704
xmen_fn_0017AA60,0x0017AA60,0x0017AB40,224
xmen_fn_0017AB40,0x0017AB40,0x0017ABD0,144
xmen_fn_0017ABD0,0x0017ABD0,0x0017AD90,448
xmen_fn_0017AD90,0x0017AD90,0x0017AF20,400
xmen_fn_0017AF20,0x0017AF20,0x0017B000,224
xmen_fn_0017B000,0x0017B000,0x0017B090,144
xmen_fn_0017B090,0x0017B090,0x0017B0D0,64
xmen_fn_0017B0D0,0x0017B0D0,0x0017B230,352
xmen_fn_0017B230,0x0017B230,0x0017B3C0,400
xmen_fn_0017B3C0,0x0017B3C0,0x0017B4A0,224
xmen_fn_0017B4A0,0x0017B4A0,0x0017B660,448
xmen_fn_0017B660,0x0017B660,0x0017B7D0,368
xmen_fn_0017B7D0,0x0017B7D0,0x0017B8B0,224
xmen_fn_0017B8B0,0x0017B8B0,0x0017BA20,368
xmen_fn_0017BA20,0x0017BA20,0x0017BB50,304
xmen_fn_0017BB50,0x0017BB50,0x0017BC30,224
xmen_fn_0017BC30,0x0017BC30,0x0017BD30,256
xmen_fn_0017BD30,0x0017BD30,0x0017BE10,224
xmen_fn_0017BE10,0x0017BE10,0x0017BEA0,144
xmen_fn_0017BEA0,0x0017BEA0,0x0017C010,368
xmen_fn_0017C010,0x0017C010,0x0017C1D0,448
xmen_fn_0017C1D0,0x0017C1D0,0x0017C390,448
xmen_fn_0017C390,0x0017C390,0x0017C410,128
xmen_fn_0017C410,0x0017C410,0x0017C490,128
xmen_fn_0017C490,0x0017C490,0x0017C510,128
xmen_fn_0017C510,0x0017C510,0x0017C6C0,432
xmen_fn_0017C6C0,0x0017C6C0,0x0017C7A0,224
xmen_fn_0017C7A0,0x0017C7A0,0x0017C830,144
xmen_fn_0017C830,0x0017C830,0x0017C870,64
xmen_fn_0017C870,0x0017C870,0x0017CA10,416
xmen_fn_0017CA10,0x0017CA10,0x0017CA90,128
xmen_fn_0017CA90,0x0017CA90,0x0017CB10,128
xmen_fn_0017CB10,0x0017CB10,0x0017CB90,128
xmen_fn_0017CB90,0x0017CB90,0x0017D0C0,1328
xmen_fn_0017D0C0,0x0017D0C0,0x0017D4C0,1024
xmen_fn_0017D4C0,0x0017D4C0,0x0017D540,128
xmen_fn_0017D540,0x0017D540,0x0017D5C0,128
xmen_fn_0017D5C0,0x0017D5C0,0x0017D5D0,16
xmen_fn_0017D5D0,0x0017D5D0,0x0017D5E0,16
xmen_fn_0017D5E0,0x0017D5E0,0x0017D680,160
xmen_fn_0017D680,0x0017D680,0x0017D800,384
xmen_fn_0017D800,0x0017D800,0x0017D8B0,176
xmen_fn_0017D8B0,0x0017D8B0,0x0017D9F0,320
xmen_fn_0017D9F0,0x0017D9F0,0x0017DA60,112
xmen_fn_0017DA60,0x0017DA60,0x0017DC90,560
xmen_fn_0017DC90,0x0017DC90,0x0017DCC0,48
xmen_fn_0017DCC0,0x0017DCC0,0x0017DD80,192
xmen_fn_0017DD80,0x0017DD80,0x0017DE50,208
xmen_fn_0017DE50,0x0017DE50,0x0017E100,688
xmen_fn_0017E100,0x0017E100,0x0017E270,368
xmen_fn_0017E270,0x0017E270,0x0017E370,256
xmen_fn_0017E370,0x0017E370,0x0017ED40,2512
xmen_fn_0017ED40,0x0017ED40,0x0017ED80,64
xmen_fn_0017ED80,0x0017ED80,0x0017F650,2256
xmen_fn_0017F650,0x0017F650,0x0017FAB0,1120
xmen_fn_0017FAB0,0x0017FAB0,0x0017FC60,432
xmen_fn_0017FC60,0x0017FC60,0x0017FD50,240
xmen_fn_0017FD50,0x0017FD50,0x0017FE80,304
xmen_fn_0017FE80,0x0017FE80,0x001803B0,1328
xmen_fn_001803B0,0x001803B0,0x00180460,176
xmen_fn_00180460,0x00180460,0x00180690,560
xmen_fn_00180690,0x00180690,0x001806A0,16
xmen_fn_001806A0,0x001806A0,0x001806C0,32
xmen_fn_001806C0,0x001806C0,0x00180740,128
xmen_fn_00180740,0x00180740,0x001807C0,128
xmen_fn_001807C0,0x001807C0,0x00180B50,912
xmen_fn_00180B50,0x00180B50,0x00180FB0,1120
xmen_fn_00180FB0,0x00180FB0,0x00181900,2384
xmen_fn_00181900,0x00181900,0x00181A10,272
xmen_fn_00181A10,0x00181A10,0x00181B90,384
xmen_fn_00181B90,0x00181B90,0x00181BA0,16
xmen_fn_00181BA0,0x00181BA0,0x00181BD0,48
xmen_fn_00181BD0,0x00181BD0,0x00181BE0,16
xmen_fn_00181BE0,0x00181BE0,0x00181CE0,256
xmen_fn_00181CE0,0x00181CE0,0x00181F10,560
xmen_fn_00181F10,0x00181F10,0x00182340,1072
xmen_fn_00182340,0x00182340,0x001826C0,896
xmen_fn_001826C0,0x001826C0,0x00182910,592
xmen_fn_00182910,0x00182910,0x00182B00,496
xmen_fn_00182B00,0x00182B00,0x00182B10,16
xmen_fn_00182B10,0x00182B10,0x00182DB0,672
xmen_fn_00182DB0,0x00182DB0,0x00183170,960
xmen_fn_00183170,0x00183170,0x00183490,800
xmen_fn_00183490,0x00183490,0x00183570,224
xmen_fn_00183570,0x00183570,0x00183700,400
xmen_fn_00183700,0x00183700,0x001837D0,208
xmen_fn_001837D0,0x001837D0,0x00183880,176
xmen_fn_00183880,0x00183880,0x00183920,160
xmen_fn_00183920,0x00183920,0x001839C0,160
xmen_fn_001839C0,0x001839C0,0x00183AA0,224
xmen_fn_00183AA0,0x00183AA0,0x00183B60,192
xmen_fn_00183B60,0x00183B60,0x00183C60,256
xmen_fn_00183C60,0x00183C60,0x00184170,1296
xmen_fn_00184170,0x00184170,0x001843C0,592
xmen_fn_001843C0,0x001843C0,0x00184BB0,2032
xmen_fn_00184BB0,0x00184BB0,0x00184C80,208
xmen_fn_00184C80,0x00184C80,0x00184D10,144
xmen_fn_00184D10,0x00184D10,0x00184E60,336
xmen_fn_00184E60,0x00184E60,0x00185090,560
xmen_fn_00185090,0x00185090,0x001852F0,608
xmen_fn_001852F0,0x001852F0,0x00185320,48
xmen_fn_00185320,0x00185320,0x00185410,240
xmen_fn_00185410,0x00185410,0x00185540,304
xmen_fn_00185540,0x00185540,0x00185640,256
xmen_fn_00185640,0x00185640,0x001856E0,160
xmen_fn_001856E0,0x001856E0,0x001858C0,480
xmen_fn_001858C0,0x001858C0,0x00185E20,1376
xmen_fn_00185E20,0x00185E20,0x00185F20,256
xmen_fn_00185F20,0x00185F20,0x00185F80,96
xmen_fn_00185F80,0x00185F80,0x00186FD0,4176
xmen_fn_00186FD0,0x00186FD0,0x00187C30,3168
xmen_fn_00187C30,0x00187C30,0x00187F90,864
xmen_fn_00187F90,0x00187F90,0x00188040,176
xmen_fn_00188040,0x00188040,0x001880A0,96
xmen_fn_001880A0,0x001880A0,0x001880D0,48
xmen_fn_001880D0,0x001880D0,0x00188260,400
xmen_fn_00188260,0x00188260,0x00188350,240
xmen_fn_00188350,0x00188350,0x001883F0,160
xmen_fn_001883F0,0x001883F0,0x00188CA0,2224
xmen_fn_00188CA0,0x00188CA0,0x00188D10,112
xmen_fn_00188D10,0x00188D10,0x001893E0,1744
xmen_fn_001893E0,0x001893E0,0x0018B510,8496
xmen_fn_0018B510,0x0018B510,0x0018B780,624
xmen_fn_0018B780,0x0018B780,0x0018B840,192
xmen_fn_0018B840,0x0018B840,0x0018B900,192
xmen_fn_0018B900,0x0018B900,0x0018B930,48
xmen_fn_0018B930,0x0018B930,0x0018B940,16
xmen_fn_0018B940,0x0018B940,0x0018BA80,320
xmen_fn_0018BA80,0x0018BA80,0x0018BB40,192
xmen_fn_0018BB40,0x0018BB40,0x0018BB90,80
xmen_fn_0018BB90,0x0018BB90,0x0018BF90,1024
xmen_fn_0018BF90,0x0018BF90,0x0018C050,192
xmen_fn_0018C050,0x0018C050,0x0018C400,944
xmen_fn_0018C400,0x0018C400,0x0018C5B0,432
xmen_fn_0018C5B0,0x0018C5B0,0x0018C780,464
xmen_fn_0018C780,0x0018C780,0x0018CBE0,1120
xmen_fn_0018CBE0,0x0018CBE0,0x0018D270,1680
xmen_fn_0018D270,0x0018D270,0x0018D660,1008
xmen_fn_0018D660,0x0018D660,0x0018D6B0,80
xmen_fn_0018D6B0,0x0018D6B0,0x0018D6C0,16
xmen_fn_0018D6C0,0x0018D6C0,0x0018D6D0,16
xmen_fn_0018D6D0,0x0018D6D0,0x0018D850,384
xmen_fn_0018D850,0x0018D850,0x0018D9A0,336
xmen_fn_0018D9A0,0x0018D9A0,0x0018DFE0,1600
xmen_fn_0018DFE0,0x0018DFE0,0x0018E1F0,528
xmen_fn_0018E1F0,0x0018E1F0,0x0018FED0,7392
xmen_fn_0018FED0,0x0018FED0,0x001907B0,2272
xmen_fn_001907B0,0x001907B0,0x00190800,80
xmen_fn_00190800,0x00190800,0x00190D20,1312
xmen_fn_00190D20,0x00190D20,0x00191A30,3344
xmen_fn_00191A30,0x00191A30,0x00191E90,1120
xmen_fn_00191E90,0x00191E90,0x001921A0,784
xmen_fn_001921A0,0x001921A0,0x001922A0,256
xmen_fn_001922A0,0x001922A0,0x001926E0,1088
xmen_fn_001926E0,0x001926E0,0x001928C0,480
xmen_fn_001928C0,0x001928C0,0x00192CB0,1008
xmen_fn_00192CB0,0x00192CB0,0x001931C0,1296
xmen_fn_001931C0,0x001931C0,0x00194060,3744
xmen_fn_00194060,0x00194060,0x00194430,976
xmen_fn_00194430,0x00194430,0x00194590,352
xmen_fn_00194590,0x00194590,0x00194800,624
xmen_fn_00194800,0x00194800,0x00194CA0,1184
xmen_fn_00194CA0,0x00194CA0,0x00195530,2192
xmen_fn_00195530,0x00195530,0x00195B00,1488
xmen_fn_00195B00,0x00195B00,0x00195C40,320
xmen_fn_00195C40,0x00195C40,0x00195C50,16
xmen_fn_00195C50,0x00195C50,0x00196E00,4528
xmen_fn_00196E00,0x00196E00,0x00197860,2656
xmen_fn_00197860,0x00197860,0x001979A0,320
xmen_fn_001979A0,0x001979A0,0x00197AE0,320
xmen_fn_00197AE0,0x00197AE0,0x00197C50,368
xmen_fn_00197C50,0x00197C50,0x00197CD0,128
xmen_fn_00197CD0,0x00197CD0,0x00197E00,304
xmen_fn_00197E00,0x00197E00,0x00197FE0,480
xmen_fn_00197FE0,0x00197FE0,0x00198190,432
xmen_fn_00198190,0x00198190,0x00198310,384
xmen_fn_00198310,0x00198310,0x00198430,288
xmen_fn_00198430,0x00198430,0x00198C00,2000
xmen_fn_00198C00,0x00198C00,0x00199560,2400
xmen_fn_00199560,0x00199560,0x00199E30,2256
xmen_fn_00199E30,0x00199E30,0x0019A350,1312
xmen_fn_0019A350,0x0019A350,0x0019A4C0,368
xmen_fn_0019A4C0,0x0019A4C0,0x0019A920,1120
xmen_fn_0019A920,0x0019A920,0x0019AB30,528
xmen_fn_0019AB30,0x0019AB30,0x0019AB80,80
xmen_fn_0019AB80,0x0019AB80,0x0019AE50,720
xmen_fn_0019AE50,0x0019AE50,0x0019AFB0,352
xmen_fn_0019AFB0,0x0019AFB0,0x0019B4F0,1344
xmen_fn_0019B4F0,0x0019B4F0,0x0019B680,400
xmen_fn_0019B680,0x0019B680,0x0019BA50,976
xmen_fn_0019BA50,0x0019BA50,0x0019BB30,224
xmen_fn_0019BB30,0x0019BB30,0x0019BB40,16
xmen_fn_0019BB40,0x0019BB40,0x0019BBC0,128
xmen_fn_0019BBC0,0x0019BBC0,0x0019BCA0,224
xmen_fn_0019BCA0,0x0019BCA0,0x0019BCF0,80
xmen_fn_0019BCF0,0x0019BCF0,0x0019BDC0,208
xmen_fn_0019BDC0,0x0019BDC0,0x0019BDE0,32
xmen_fn_0019BDE0,0x0019BDE0,0x0019BE10,48
xmen_fn_0019BE10,0x0019BE10,0x0019BE20,16
xmen_fn_0019BE20,0x0019BE20,0x0019BF60,320
xmen_fn_0019BF60,0x0019BF60,0x0019BFB0,80
xmen_fn_0019BFB0,0x0019BFB0,0x0019C140,400
xmen_fn_0019C140,0x0019C140,0x0019C1A0,96
xmen_fn_0019C1A0,0x0019C1A0,0x0019C250,176
xmen_fn_0019C250,0x0019C250,0x0019C2E0,144
xmen_fn_0019C2E0,0x0019C2E0,0x0019C480,416
xmen_fn_0019C480,0x0019C480,0x0019C540,192
xmen_fn_0019C540,0x0019C540,0x0019C770,560
xmen_fn_0019C770,0x0019C770,0x0019C810,160
xmen_fn_0019C810,0x0019C810,0x0019C830,32
xmen_fn_0019C830,0x0019C830,0x0019CC50,1056
xmen_fn_0019CC50,0x0019CC50,0x0019CCD0,128
xmen_fn_0019CCD0,0x0019CCD0,0x0019D190,1216
xmen_fn_0019D190,0x0019D190,0x0019D210,128
xmen_fn_0019D210,0x0019D210,0x0019D250,64
xmen_fn_0019D250,0x0019D250,0x0019D3F0,416
xmen_fn_0019D3F0,0x0019D3F0,0x0019DCD0,2272
xmen_fn_0019DCD0,0x0019DCD0,0x0019DFA0,720
xmen_fn_0019DFA0,0x0019DFA0,0x0019E330,912
xmen_fn_0019E330,0x0019E330,0x0019E3C0,144
xmen_fn_0019E3C0,0x0019E3C0,0x0019F940,5504
xmen_fn_0019F940,0x0019F940,0x0019F9C0,128
xmen_fn_0019F9C0,0x0019F9C0,0x001A1360,6560
xmen_fn_001A1360,0x001A1360,0x001A13F0,144
xmen_fn_001A13F0,0x001A13F0,0x001A1400,16
xmen_fn_001A1400,0x001A1400,0x001A1B20,1824
xmen_fn_001A1B20,0x001A1B20,0x001A1D00,480
xmen_fn_001A1D00,0x001A1D00,0x001A1D50,80
xmen_fn_001A1D50,0x001A1D50,0x001A1F30,480
xmen_fn_001A1F30,0x001A1F30,0x001A2010,224
xmen_fn_001A2010,0x001A2010,0x001A2080,112
xmen_fn_001A2080,0x001A2080,0x001A3860,6112
xmen_fn_001A3860,0x001A3860,0x001A3A50,496
xmen_fn_001A3A50,0x001A3A50,0x001A3E90,1088
xmen_fn_001A3E90,0x001A3E90,0x001A4730,2208
xmen_fn_001A4730,0x001A4730,0x001A48F0,448
xmen_fn_001A48F0,0x001A48F0,0x001A5090,1952
xmen_fn_001A5090,0x001A5090,0x001A55A0,1296
xmen_fn_001A55A0,0x001A55A0,0x001A5810,624
xmen_fn_001A5810,0x001A5810,0x001A5BC0,944
xmen_fn_001A5BC0,0x001A5BC0,0x001A6540,2432
xmen_fn_001A6540,0x001A6540,0x001A6620,224
xmen_fn_001A6620,0x001A6620,0x001A6720,256
xmen_fn_001A6720,0x001A6720,0x001A6860,320
xmen_fn_001A6860,0x001A6860,0x001A68F0,144
xmen_fn_001A68F0,0x001A68F0,0x001A6B60,624
xmen_fn_001A6B60,0x001A6B60,0x001A6C90,304
xmen_fn_001A6C90,0x001A6C90,0x001A73F0,1888
xmen_fn_001A73F0,0x001A73F0,0x001A79A0,1456
xmen_fn_001A79A0,0x001A79A0,0x001A7C00,608
xmen_fn_001A7C00,0x001A7C00,0x001A7D40,320
xmen_fn_001A7D40,0x001A7D40,0x001A8200,1216
xmen_fn_001A8200,0x001A8200,0x001A8BE0,2528
xmen_fn_001A8BE0,0x001A8BE0,0x001A93F0,2064
xmen_fn_001A93F0,0x001A93F0,0x001A97E0,1008
xmen_fn_001A97E0,0x001A97E0,0x001A98C0,224
xmen_fn_001A98C0,0x001A98C0,0x001A9DA0,1248
xmen_fn_001A9DA0,0x001A9DA0,0x001AA160,960
xmen_fn_001AA160,0x001AA160,0x001AAA20,2240
xmen_fn_001AAA20,0x001AAA20,0x001AAA70,80
xmen_fn_001AAA70,0x001AAA70,0x001AB680,3088
xmen_fn_001AB680,0x001AB680,0x001AB840,448
xmen_fn_001AB840,0x001AB840,0x001AB880,64
xmen_fn_001AB880,0x001AB880,0x001AB980,256
xmen_fn_001AB980,0x001AB980,0x001ABB60,480
xmen_fn_001ABB60,0x001ABB60,0x001ABB70,16
xmen_fn_001ABB70,0x001ABB70,0x001ABEC0,848
xmen_fn_001ABEC0,0x001ABEC0,0x001AC360,1184
xmen_fn_001AC360,0x001AC360,0x001AC5C0,608
xmen_fn_001AC5C0,0x001AC5C0,0x001AD520,3936
xmen_fn_001AD520,0x001AD520,0x001AD5C0,160
xmen_fn_001AD5C0,0x001AD5C0,0x001AD5D0,16
xmen_fn_001AD5D0,0x001AD5D0,0x001AD640,112
xmen_fn_001AD640,0x001AD640,0x001AD8E0,672
xmen_fn_001AD8E0,0x001AD8E0,0x001AD920,64
xmen_fn_001AD920,0x001AD920,0x001ADE10,1264
xmen_fn_001ADE10,0x001ADE10,0x001ADE90,128
xmen_fn_001ADE90,0x001ADE90,0x001ADF10,128
xmen_fn_001ADF10,0x001ADF10,0x001AE880,2416
xmen_fn_001AE880,0x001AE880,0x001AEA40,448
xmen_fn_001AEA40,0x001AEA40,0x001AEDE0,928
xmen_fn_001AEDE0,0x001AEDE0,0x001AF0E0,768
xmen_fn_001AF0E0,0x001AF0E0,0x001AF640,1376
xmen_fn_001AF640,0x001AF640,0x001AFAF0,1200
xmen_fn_001AFAF0,0x001AFAF0,0x001B00F0,1536
xmen_fn_001B00F0,0x001B00F0,0x001B0730,1600
xmen_fn_001B0730,0x001B0730,0x001B0900,464
xmen_fn_001B0900,0x001B0900,0x001B0AC0,448
xmen_fn_001B0AC0,0x001B0AC0,0x001B0B20,96
xmen_fn_001B0B20,0x001B0B20,0x001B0BB0,144
xmen_fn_001B0BB0,0x001B0BB0,0x001B0C30,128
xmen_fn_001B0C30,0x001B0C30,0x001B0D20,240
xmen_fn_001B0D20,0x001B0D20,0x001B0E50,304
xmen_fn_001B0E50,0x001B0E50,0x001B12D0,1152
xmen_fn_001B12D0,0x001B12D0,0x001B13A0,208
xmen_fn_001B13A0,0x001B13A0,0x001B14F0,336
xmen_fn_001B14F0,0x001B14F0,0x001B1610,288
xmen_fn_001B1610,0x001B1610,0x001B16A0,144
xmen_fn_001B16A0,0x001B16A0,0x001B18A0,512
xmen_fn_001B18A0,0x001B18A0,0x001B1970,208
xmen_fn_001B1970,0x001B1970,0x001B1AE0,368
xmen_fn_001B1AE0,0x001B1AE0,0x001B21B0,1744
xmen_fn_001B21B0,0x001B21B0,0x001B26C0,1296
xmen_fn_001B26C0,0x001B26C0,0x001B2B50,1168
xmen_fn_001B2B50,0x001B2B50,0x001B3860,3344
xmen_fn_001B3860,0x001B3860,0x001B3B40,736
xmen_fn_001B3B40,0x001B3B40,0x001B3D40,512
xmen_fn_001B3D40,0x001B3D40,0x001B3DA0,96
xmen_fn_001B3DA0,0x001B3DA0,0x001B4430,1680
xmen_fn_001B4430,0x001B4430,0x001B44C0,144
xmen_fn_001B44C0,0x001B44C0,0x001B4510,80
xmen_fn_001B4510,0x001B4510,0x001B4590,128
xmen_fn_001B4590,0x001B4590,0x001B45C0,48
xmen_fn_001B45C0,0x001B45C0,0x001B45E0,32
xmen_fn_001B45E0,0x001B45E0,0x001B4600,32
xmen_fn_001B4600,0x001B4600,0x001B4630,48
xmen_fn_001B4630,0x001B4630,0x001B47A0,368
xmen_fn_001B47A0,0x001B47A0,0x001B47B0,16
xmen_fn_001B47B0,0x001B47B0,0x001B4B50,928
xmen_fn_001B4B50,0x001B4B50,0x001B4C10,192
xmen_fn_001B4C10,0x001B4C10,0x001B4CD0,192
xmen_fn_001B4CD0,0x001B4CD0,0x001B4DE0,272
xmen_fn_001B4DE0,0x001B4DE0,0x001B4E90,176
xmen_fn_001B4E90,0x001B4E90,0x001B5970,2784
xmen_fn_001B5970,0x001B5970,0x001B61A0,2096
xmen_fn_001B61A0,0x001B61A0,0x001B63A0,512
xmen_fn_001B63A0,0x001B63A0,0x001B6490,240
xmen_fn_001B6490,0x001B6490,0x001B64A0,16
xmen_fn_001B64A0,0x001B64A0,0x001B6B00,1632
xmen_fn_001B6B00,0x001B6B00,0x001B6FC0,1216
xmen_fn_001B6FC0,0x001B6FC0,0x001B7070,176
xmen_fn_001B7070,0x001B7070,0x001B7DE0,3440
xmen_fn_001B7DE0,0x001B7DE0,0x001B8010,560
xmen_fn_001B8010,0x001B8010,0x001B8A50,2624
xmen_fn_001B8A50,0x001B8A50,0x001B8CF0,672
xmen_fn_001B8CF0,0x001B8CF0,0x001B8DF0,256
xmen_fn_001B8DF0,0x001B8DF0,0x001B8F00,272
xmen_fn_001B8F00,0x001B8F00,0x001B9250,848
xmen_fn_001B9250,0x001B9250,0x001B9390,320
xmen_fn_001B9390,0x001B9390,0x001B9820,1168
xmen_fn_001B9820,0x001B9820,0x001B98B0,144
xmen_fn_001B98B0,0x001B98B0,0x001B98F0,64
xmen_fn_001B98F0,0x001B98F0,0x001B9940,80
xmen_fn_001B9940,0x001B9940,0x001B9B30,496
xmen_fn_001B9B30,0x001B9B30,0x001BA240,1808
xmen_fn_001BA240,0x001BA240,0x001BB8E0,5792
xmen_fn_001BB8E0,0x001BB8E0,0x001BB9D0,240
xmen_fn_001BB9D0,0x001BB9D0,0x001BBD20,848
xmen_fn_001BBD20,0x001BBD20,0x001BBDD0,176
xmen_fn_001BBDD0,0x001BBDD0,0x001BBF60,400
xmen_fn_001BBF60,0x001BBF60,0x001BCFA0,4160
xmen_fn_001BCFA0,0x001BCFA0,0x001BD030,144
xmen_fn_001BD030,0x001BD030,0x001BD0C0,144
xmen_fn_001BD0C0,0x001BD0C0,0x001BD170,176
xmen_fn_001BD170,0x001BD170,0x001BD240,208
xmen_fn_001BD240,0x001BD240,0x001BD250,16
xmen_fn_001BD250,0x001BD250,0x001BD370,288
xmen_fn_001BD370,0x001BD370,0x001BD380,16
xmen_fn_001BD380,0x001BD380,0x001BD460,224
xmen_fn_001BD460,0x001BD460,0x001BD4F0,144
xmen_fn_001BD4F0,0x001BD4F0,0x001BD500,16
xmen_fn_001BD500,0x001BD500,0x001BD520,32
xmen_fn_001BD520,0x001BD520,0x001BD6D0,432
xmen_fn_001BD6D0,0x001BD6D0,0x001BF8E0,8720
xmen_fn_001BF8E0,0x001BF8E0,0x001C0020,1856
xmen_fn_001C0020,0x001C0020,0x001C0200,480
xmen_fn_001C0200,0x001C0200,0x001C02A0,160
xmen_fn_001C02A0,0x001C02A0,0x001C0C80,2528
xmen_fn_001C0C80,0x001C0C80,0x001C0EB0,560
xmen_fn_001C0EB0,0x001C0EB0,0x001C2130,4736
xmen_fn_001C2130,0x001C2130,0x001C2410,736
xmen_fn_001C2410,0x001C2410,0x001C4BE0,10192
xmen_fn_001C4BE0,0x001C4BE0,0x001C5000,1056
xmen_fn_001C5000,0x001C5000,0x001C53B0,944
xmen_fn_001C53B0,0x001C53B0,0x001C5800,1104
xmen_fn_001C5800,0x001C5800,0x001C7690,7824
xmen_fn_001C7690,0x001C7690,0x001C81C0,2864
xmen_fn_001C81C0,0x001C81C0,0x001C82F0,304
xmen_fn_001C82F0,0x001C82F0,0x001C8650,864
xmen_fn_001C8650,0x001C8650,0x001C87B0,352
xmen_fn_001C87B0,0x001C87B0,0x001C88D0,288
xmen_fn_001C88D0,0x001C88D0,0x001C8CD0,1024
xmen_fn_001C8CD0,0x001C8CD0,0x001C8E30,352
xmen_fn_001C8E30,0x001C8E30,0x001C8F50,288
xmen_fn_001C8F50,0x001C8F50,0x001C9160,528
xmen_fn_001C9160,0x001C9160,0x001C9350,496
xmen_fn_001C9350,0x001C9350,0x001C94B0,352
xmen_fn_001C94B0,0x001C94B0,0x001C9610,352
xmen_fn_001C9610,0x001C9610,0x001C9940,816
xmen_fn_001C9940,0x001C9940,0x001C9AA0,352
xmen_fn_001C9AA0,0x001C9AA0,0x001C9C00,352
xmen_fn_001C9C00,0x001C9C00,0x001C9E10,528
xmen_fn_001C9E10,0x001C9E10,0x001C9E50,64
xmen_fn_001C9E50,0x001C9E50,0x001C9EF0,160
xmen_fn_001C9EF0,0x001C9EF0,0x001C9FB0,192
xmen_fn_001C9FB0,0x001C9FB0,0x001CA040,144
xmen_fn_001CA040,0x001CA040,0x001CA380,832
xmen_fn_001CA380,0x001CA380,0x001CA3C0,64
xmen_fn_001CA3C0,0x001CA3C0,0x001CA460,160
xmen_fn_001CA460,0x001CA460,0x001CA660,512
xmen_fn_001CA660,0x001CA660,0x001CA740,224
xmen_fn_001CA740,0x001CA740,0x001CA7D0,144
xmen_fn_001CA7D0,0x001CA7D0,0x001CA8B0,224
xmen_fn_001CA8B0,0x001CA8B0,0x001CA940,144
xmen_fn_001CA940,0x001CA940,0x001CAA80,320
xmen_fn_001CAA80,0x001CAA80,0x001CAB00,128
xmen_fn_001CAB00,0x001CAB00,0x001CAB80,128
xmen_fn_001CAB80,0x001CAB80,0x001CAC00,128
xmen_fn_001CAC00,0x001CAC00,0x001CAEF0,752
xmen_fn_001CAEF0,0x001CAEF0,0x001CB190,672
xmen_fn_001CB190,0x001CB190,0x001CB1D0,64
xmen_fn_001CB1D0,0x001CB1D0,0x001CB210,64
xmen_fn_001CB210,0x001CB210,0x001CB390,384
xmen_fn_001CB390,0x001CB390,0x001CB410,128
xmen_fn_001CB410,0x001CB410,0x001CB560,336
xmen_fn_001CB560,0x001CB560,0x001CB5A0,64
xmen_fn_001CB5A0,0x001CB5A0,0x001CB680,224
xmen_fn_001CB680,0x001CB680,0x001CB860,480
xmen_fn_001CB860,0x001CB860,0x001CB9A0,320
xmen_fn_001CB9A0,0x001CB9A0,0x001CB9E0,64
xmen_fn_001CB9E0,0x001CB9E0,0x001CBAC0,224
xmen_fn_001CBAC0,0x001CBAC0,0x001CBB50,144
xmen_fn_001CBB50,0x001CBB50,0x001CBB90,64
xmen_fn_001CBB90,0x001CBB90,0x001CBC70,224
xmen_fn_001CBC70,0x001CBC70,0x001CBF90,800
xmen_fn_001CBF90,0x001CBF90,0x001CC2B0,800
xmen_fn_001CC2B0,0x001CC2B0,0x001CC3D0,288
xmen_fn_001CC3D0,0x001CC3D0,0x001CC630,608
xmen_fn_001CC630,0x001CC630,0x001CC8E0,688
xmen_fn_001CC8E0,0x001CC8E0,0x001CCA40,352
xmen_fn_001CCA40,0x001CCA40,0x001CCB60,288
xmen_fn_001CCB60,0x001CCB60,0x001CCD70,528
xmen_fn_001CCD70,0x001CCD70,0x001CCDB0,64
xmen_fn_001CCDB0,0x001CCDB0,0x001CCE50,160
xmen_fn_001CCE50,0x001CCE50,0x001CD000,432
xmen_fn_001CD000,0x001CD000,0x001CD150,336
xmen_fn_001CD150,0x001CD150,0x001CD1D0,128
xmen_fn_001CD1D0,0x001CD1D0,0x001CD250,128
xmen_fn_001CD250,0x001CD250,0x001CD2D0,128
xmen_fn_001CD2D0,0x001CD2D0,0x001CD350,128
xmen_fn_001CD350,0x001CD350,0x001CD6E0,912
xmen_fn_001CD6E0,0x001CD6E0,0x001CD8D0,496
xmen_fn_001CD8D0,0x001CD8D0,0x001CD910,64
xmen_fn_001CD910,0x001CD910,0x001CD960,80
xmen_fn_001CD960,0x001CD960,0x001CDB20,448
xmen_fn_001CDB20,0x001CDB20,0x001CDBA0,128
xmen_fn_001CDBA0,0x001CDBA0,0x001CDC20,128
xmen_fn_001CDC20,0x001CDC20,0x001CDCA0,128
xmen_fn_001CDCA0,0x001CDCA0,0x001CDF50,688
xmen_fn_001CDF50,0x001CDF50,0x001CDF90,64
xmen_fn_001CDF90,0x001CDF90,0x001CE160,464
xmen_fn_001CE160,0x001CE160,0x001CE2F0,400
xmen_fn_001CE2F0,0x001CE2F0,0x001CE3D0,224
xmen_fn_001CE3D0,0x001CE3D0,0x001CE460,144
xmen_fn_001CE460,0x001CE460,0x001CE5D0,368
xmen_fn_001CE5D0,0x001CE5D0,0x001CE790,448
xmen_fn_001CE790,0x001CE790,0x001CE960,464
xmen_fn_001CE960,0x001CE960,0x001CEA80,288
xmen_fn_001CEA80,0x001CEA80,0x001CEBA0,288
xmen_fn_001CEBA0,0x001CEBA0,0x001CED00,352
xmen_fn_001CED00,0x001CED00,0x001CEE20,288
xmen_fn_001CEE20,0x001CEE20,0x001CF030,528
xmen_fn_001CF030,0x001CF030,0x001CF0D0,160
xmen_fn_001CF0D0,0x001CF0D0,0x001CF220,336
xmen_fn_001CF220,0x001CF220,0x001CF360,320
xmen_fn_001CF360,0x001CF360,0x001CF3E0,128
xmen_fn_001CF3E0,0x001CF3E0,0x001CF460,128
xmen_fn_001CF460,0x001CF460,0x001CF4E0,128
xmen_fn_001CF4E0,0x001CF4E0,0x001CF680,416
xmen_fn_001CF680,0x001CF680,0x001CF760,224
xmen_fn_001CF760,0x001CF760,0x001CF850,240
xmen_fn_001CF850,0x001CF850,0x001CF9B0,352
xmen_fn_001CF9B0,0x001CF9B0,0x001CFC00,592
xmen_fn_001CFC00,0x001CFC00,0x001CFD40,320
xmen_fn_001CFD40,0x001CFD40,0x001CFEC0,384
xmen_fn_001CFEC0,0x001CFEC0,0x001CFF40,128
xmen_fn_001CFF40,0x001CFF40,0x001D00A0,352
xmen_fn_001D00A0,0x001D00A0,0x001D01C0,288
xmen_fn_001D01C0,0x001D01C0,0x001D0320,352
xmen_fn_001D0320,0x001D0320,0x001D0540,544
xmen_fn_001D0540,0x001D0540,0x001D06D0,400
xmen_fn_001D06D0,0x001D06D0,0x001D08E0,528
xmen_fn_001D08E0,0x001D08E0,0x001D0920,64
xmen_fn_001D0920,0x001D0920,0x001D0A00,224
xmen_fn_001D0A00,0x001D0A00,0x001D0B50,336
xmen_fn_001D0B50,0x001D0B50,0x001D0B90,64
xmen_fn_001D0B90,0x001D0B90,0x001D0C70,224
xmen_fn_001D0C70,0x001D0C70,0x001D0D10,160
xmen_fn_001D0D10,0x001D0D10,0x001D1030,800
xmen_fn_001D1030,0x001D1030,0x001D12C0,656
xmen_fn_001D12C0,0x001D12C0,0x001D1400,320
xmen_fn_001D1400,0x001D1400,0x001D14E0,224
xmen_fn_001D14E0,0x001D14E0,0x001D1570,144
xmen_fn_001D1570,0x001D1570,0x001D1680,272
xmen_fn_001D1680,0x001D1680,0x001D17A0,288
xmen_fn_001D17A0,0x001D17A0,0x001D18C0,288
xmen_fn_001D18C0,0x001D18C0,0x001D1A10,336
xmen_fn_001D1A10,0x001D1A10,0x001D1D40,816
xmen_fn_001D1D40,0x001D1D40,0x001D1E60,288
xmen_fn_001D1E60,0x001D1E60,0x001D1F50,240
xmen_fn_001D1F50,0x001D1F50,0x001D1FF0,160
xmen_fn_001D1FF0,0x001D1FF0,0x001D2290,672
xmen_fn_001D2290,0x001D2290,0x001D2440,432
xmen_fn_001D2440,0x001D2440,0x001D2770,816
xmen_fn_001D2770,0x001D2770,0x001D2890,288
xmen_fn_001D2890,0x001D2890,0x001D2930,160
xmen_fn_001D2930,0x001D2930,0x001D29B0,128
xmen_fn_001D29B0,0x001D29B0,0x001D2D90,992
xmen_fn_001D2D90,0x001D2D90,0x001D2E80,240
xmen_fn_001D2E80,0x001D2E80,0x001D3090,528
xmen_fn_001D3090,0x001D3090,0x001D3170,224
xmen_fn_001D3170,0x001D3170,0x001D3200,144
xmen_fn_001D3200,0x001D3200,0x001D3420,544
xmen_fn_001D3420,0x001D3420,0x001D3520,256
xmen_fn_001D3520,0x001D3520,0x001D3560,64
xmen_fn_001D3560,0x001D3560,0x001D36E0,384
xmen_fn_001D36E0,0x001D36E0,0x001D38C0,480
xmen_fn_001D38C0,0x001D38C0,0x001D3A30,368
xmen_fn_001D3A30,0x001D3A30,0x001D3AD0,160
xmen_fn_001D3AD0,0x001D3AD0,0x001D3C20,336
xmen_fn_001D3C20,0x001D3C20,0x001D3D20,256
xmen_fn_001D3D20,0x001D3D20,0x001D3E20,256
xmen_fn_001D3E20,0x001D3E20,0x001D3F90,368
xmen_fn_001D3F90,0x001D3F90,0x001D4060,208
xmen_fn_001D4060,0x001D4060,0x001D40F0,144
xmen_fn_001D40F0,0x001D40F0,0x001D4210,288
xmen_fn_001D4210,0x001D4210,0x001D4310,256
xmen_fn_001D4310,0x001D4310,0x001D4350,64
xmen_fn_001D4350,0x001D4350,0x001D4430,224
xmen_fn_001D4430,0x001D4430,0x001D4600,464
xmen_fn_001D4600,0x001D4600,0x001D4720,288
xmen_fn_001D4720,0x001D4720,0x001D4940,544
xmen_fn_001D4940,0x001D4940,0x001D49C0,128
xmen_fn_001D49C0,0x001D49C0,0x001D4B10,336
xmen_fn_001D4B10,0x001D4B10,0x001D4BE0,208
xmen_fn_001D4BE0,0x001D4BE0,0x001D4C70,144
xmen_fn_001D4C70,0x001D4C70,0x001D4D10,160
xmen_fn_001D4D10,0x001D4D10,0x001D4E40,304
xmen_fn_001D4E40,0x001D4E40,0x001D50A0,608
xmen_fn_001D50A0,0x001D50A0,0x001D5200,352
xmen_fn_001D5200,0x001D5200,0x001D5320,288
xmen_fn_001D5320,0x001D5320,0x001D5530,528
xmen_fn_001D5530,0x001D5530,0x001D5680,336
xmen_fn_001D5680,0x001D5680,0x001D5820,416
xmen_fn_001D5820,0x001D5820,0x001D58C0,160
xmen_fn_001D58C0,0x001D58C0,0x001D5940,128
xmen_fn_001D5940,0x001D5940,0x001D5A20,224
xmen_fn_001D5A20,0x001D5A20,0x001D5B00,224
xmen_fn_001D5B00,0x001D5B00,0x001D5C00,256
xmen_fn_001D5C00,0x001D5C00,0x001D5D20,288
xmen_fn_001D5D20,0x001D5D20,0x001D5DF0,208
xmen_fn_001D5DF0,0x001D5DF0,0x001D5F50,352
xmen_fn_001D5F50,0x001D5F50,0x001D6070,288
xmen_fn_001D6070,0x001D6070,0x001D6140,208
xmen_fn_001D6140,0x001D6140,0x001D6280,320
xmen_fn_001D6280,0x001D6280,0x001D63A0,288
xmen_fn_001D63A0,0x001D63A0,0x001D64C0,288
xmen_fn_001D64C0,0x001D64C0,0x001D6620,352
xmen_fn_001D6620,0x001D6620,0x001D6780,352
xmen_fn_001D6780,0x001D6780,0x001D6990,528
xmen_fn_001D6990,0x001D6990,0x001D6A70,224
xmen_fn_001D6A70,0x001D6A70,0x001D6B00,144
xmen_fn_001D6B00,0x001D6B00,0x001D6BE0,224
xmen_fn_001D6BE0,0x001D6BE0,0x001D6D30,336
xmen_fn_001D6D30,0x001D6D30,0x001D6F90,608
xmen_fn_001D6F90,0x001D6F90,0x001D7010,128
xmen_fn_001D7010,0x001D7010,0x001D7220,528
xmen_fn_001D7220,0x001D7220,0x001D72A0,128
xmen_fn_001D72A0,0x001D72A0,0x001D72B0,16
xmen_fn_001D72B0,0x001D72B0,0x001D72C0,16
xmen_fn_001D72C0,0x001D72C0,0x001D72D0,16
xmen_fn_001D72D0,0x001D72D0,0x001D72E0,16
xmen_fn_001D72E0,0x001D72E0,0x001D72F0,16
xmen_fn_001D72F0,0x001D72F0,0x001D7300,16
xmen_fn_001D7300,0x001D7300,0x001D7310,16
xmen_fn_001D7310,0x001D7310,0x001D7390,128
xmen_fn_001D7390,0x001D7390,0x001D7970,1504
xmen_fn_001D7970,0x001D7970,0x001D7A80,272
xmen_fn_001D7A80,0x001D7A80,0x001D7CD0,592
xmen_fn_001D7CD0,0x001D7CD0,0x001D7E30,352
xmen_fn_001D7E30,0x001D7E30,0x001D7F90,352
xmen_fn_001D7F90,0x001D7F90,0x001D8260,720
xmen_fn_001D8260,0x001D8260,0x001D82A0,64
xmen_fn_001D82A0,0x001D82A0,0x001D8340,160
xmen_fn_001D8340,0x001D8340,0x001D8540,512
xmen_fn_001D8540,0x001D8540,0x001D8580,64
xmen_fn_001D8580,0x001D8580,0x001D8660,224
xmen_fn_001D8660,0x001D8660,0x001D87B0,336
xmen_fn_001D87B0,0x001D87B0,0x001D8890,224
xmen_fn_001D8890,0x001D8890,0x001D8A10,384
xmen_fn_001D8A10,0x001D8A10,0x001D8B10,256
xmen_fn_001D8B10,0x001D8B10,0x001D8C60,336
xmen_fn_001D8C60,0x001D8C60,0x001D8E90,560
xmen_fn_001D8E90,0x001D8E90,0x001D8ED0,64
xmen_fn_001D8ED0,0x001D8ED0,0x001D9100,560
xmen_fn_001D9100,0x001D9100,0x001D9530,1072
xmen_fn_001D9530,0x001D9530,0x001D9600,208
xmen_fn_001D9600,0x001D9600,0x001D96D0,208
xmen_fn_001D96D0,0x001D96D0,0x001D98C0,496
xmen_fn_001D98C0,0x001D98C0,0x001D9AA0,480
xmen_fn_001D9AA0,0x001D9AA0,0x001D9C00,352
xmen_fn_001D9C00,0x001D9C00,0x001D9E70,624
xmen_fn_001D9E70,0x001D9E70,0x001DA010,416
xmen_fn_001DA010,0x001DA010,0x001DA090,128
xmen_fn_001DA090,0x001DA090,0x001DA3D0,832
xmen_fn_001DA3D0,0x001DA3D0,0x001DA5F0,544
xmen_fn_001DA5F0,0x001DA5F0,0x001DA750,352
xmen_fn_001DA750,0x001DA750,0x001DA870,288
xmen_fn_001DA870,0x001DA870,0x001DAA80,528
xmen_fn_001DAA80,0x001DAA80,0x001DAB60,224
xmen_fn_001DAB60,0x001DAB60,0x001DABF0,144
xmen_fn_001DABF0,0x001DABF0,0x001DAC30,64
xmen_fn_001DAC30,0x001DAC30,0x001DADE0,432
xmen_fn_001DADE0,0x001DADE0,0x001DB110,816
xmen_fn_001DB110,0x001DB110,0x001DB150,64
xmen_fn_001DB150,0x001DB150,0x001DB230,224
xmen_fn_001DB230,0x001DB230,0x001DB4D0,672
xmen_fn_001DB4D0,0x001DB4D0,0x001DB550,128
xmen_fn_001DB550,0x001DB550,0x001DB6F0,416
xmen_fn_001DB6F0,0x001DB6F0,0x001DB7D0,224
xmen_fn_001DB7D0,0x001DB7D0,0x001DBA40,624
xmen_fn_001DBA40,0x001DBA40,0x001DBBB0,368
xmen_fn_001DBBB0,0x001DBBB0,0x001DBE10,608
xmen_fn_001DBE10,0x001DBE10,0x001DBE50,64
xmen_fn_001DBE50,0x001DBE50,0x001DBF30,224
xmen_fn_001DBF30,0x001DBF30,0x001DC060,304
xmen_fn_001DC060,0x001DC060,0x001DC140,224
xmen_fn_001DC140,0x001DC140,0x001DC260,288
xmen_fn_001DC260,0x001DC260,0x001DC2F0,144
xmen_fn_001DC2F0,0x001DC2F0,0x001DC3D0,224
xmen_fn_001DC3D0,0x001DC3D0,0x001DC460,144
xmen_fn_001DC460,0x001DC460,0x001DC4A0,64
xmen_fn_001DC4A0,0x001DC4A0,0x001DC580,224
xmen_fn_001DC580,0x001DC580,0x001DC6A0,288
xmen_fn_001DC6A0,0x001DC6A0,0x001DC730,144
xmen_fn_001DC730,0x001DC730,0x001DC770,64
xmen_fn_001DC770,0x001DC770,0x001DC850,224
xmen_fn_001DC850,0x001DC850,0x001DC8E0,144
xmen_fn_001DC8E0,0x001DC8E0,0x001DC9C0,224
xmen_fn_001DC9C0,0x001DC9C0,0x001DCA50,144
xmen_fn_001DCA50,0x001DCA50,0x001DCA90,64
xmen_fn_001DCA90,0x001DCA90,0x001DCB70,224
xmen_fn_001DCB70,0x001DCB70,0x001DCCC0,336
xmen_fn_001DCCC0,0x001DCCC0,0x001DCDA0,224
xmen_fn_001DCDA0,0x001DCDA0,0x001DCF80,480
xmen_fn_001DCF80,0x001DCF80,0x001DD010,144
xmen_fn_001DD010,0x001DD010,0x001DD050,64
xmen_fn_001DD050,0x001DD050,0x001DD130,224
xmen_fn_001DD130,0x001DD130,0x001DD280,336
xmen_fn_001DD280,0x001DD280,0x001DD2C0,64
xmen_fn_001DD2C0,0x001DD2C0,0x001DD3A0,224
xmen_fn_001DD3A0,0x001DD3A0,0x001DD4F0,336
xmen_fn_001DD4F0,0x001DD4F0,0x001DD530,64
xmen_fn_001DD530,0x001DD530,0x001DD610,224
xmen_fn_001DD610,0x001DD610,0x001DD6A0,144
xmen_fn_001DD6A0,0x001DD6A0,0x001DD770,208
xmen_fn_001DD770,0x001DD770,0x001DD950,480
xmen_fn_001DD950,0x001DD950,0x001DD9E0,144
xmen_fn_001DD9E0,0x001DD9E0,0x001DDA20,64
xmen_fn_001DDA20,0x001DDA20,0x001DDB00,224
xmen_fn_001DDB00,0x001DDB00,0x001DDC50,336
xmen_fn_001DDC50,0x001DDC50,0x001DDC90,64
xmen_fn_001DDC90,0x001DDC90,0x001DDD70,224
xmen_fn_001DDD70,0x001DDD70,0x001DDE00,144
xmen_fn_001DDE00,0x001DDE00,0x001DDE40,64
xmen_fn_001DDE40,0x001DDE40,0x001DDF20,224
xmen_fn_001DDF20,0x001DDF20,0x001DE070,336
xmen_fn_001DE070,0x001DE070,0x001DE150,224
xmen_fn_001DE150,0x001DE150,0x001DE330,480
xmen_fn_001DE330,0x001DE330,0x001DE480,336
xmen_fn_001DE480,0x001DE480,0x001DE4C0,64
xmen_fn_001DE4C0,0x001DE4C0,0x001DE5A0,224
xmen_fn_001DE5A0,0x001DE5A0,0x001DE640,160
xmen_fn_001DE640,0x001DE640,0x001DE680,64
xmen_fn_001DE680,0x001DE680,0x001DE760,224
xmen_fn_001DE760,0x001DE760,0x001DE8B0,336
xmen_fn_001DE8B0,0x001DE8B0,0x001DE990,224
xmen_fn_001DE990,0x001DE990,0x001DEA30,160
xmen_fn_001DEA30,0x001DEA30,0x001DEB00,208
xmen_fn_001DEB00,0x001DEB00,0x001DECE0,480
xmen_fn_001DECE0,0x001DECE0,0x001DEE30,336
xmen_fn_001DEE30,0x001DEE30,0x001DEF10,224
xmen_fn_001DEF10,0x001DEF10,0x001DEFA0,144
xmen_fn_001DEFA0,0x001DEFA0,0x001DEFE0,64
xmen_fn_001DEFE0,0x001DEFE0,0x001DF0C0,224
xmen_fn_001DF0C0,0x001DF0C0,0x001DF150,144
xmen_fn_001DF150,0x001DF150,0x001DF2B0,352
xmen_fn_001DF2B0,0x001DF2B0,0x001DF470,448
xmen_fn_001DF470,0x001DF470,0x001DF500,144
xmen_fn_001DF500,0x001DF500,0x001DF5D0,208
xmen_fn_001DF5D0,0x001DF5D0,0x001DF6B0,224
xmen_fn_001DF6B0,0x001DF6B0,0x001DF840,400
xmen_fn_001DF840,0x001DF840,0x001DFA70,560
xmen_fn_001DFA70,0x001DFA70,0x001DFC60,496
xmen_fn_001DFC60,0x001DFC60,0x001DFDC0,352
xmen_fn_001DFDC0,0x001DFDC0,0x001DFF20,352
xmen_fn_001DFF20,0x001DFF20,0x001E0130,528
xmen_fn_001E0130,0x001E0130,0x001E0210,224
xmen_fn_001E0210,0x001E0210,0x001E02E0,208
xmen_fn_001E02E0,0x001E02E0,0x001E0460,384
xmen_fn_001E0460,0x001E0460,0x001E07A0,832
xmen_fn_001E07A0,0x001E07A0,0x001E0900,352
xmen_fn_001E0900,0x001E0900,0x001E0A60,352
xmen_fn_001E0A60,0x001E0A60,0x001E0C70,528
xmen_fn_001E0C70,0x001E0C70,0x001E0EF0,640
xmen_fn_001E0EF0,0x001E0EF0,0x001E1110,544
xmen_fn_001E1110,0x001E1110,0x001E1440,816
xmen_fn_001E1440,0x001E1440,0x001E1610,464
xmen_fn_001E1610,0x001E1610,0x001E1670,96
xmen_fn_001E1670,0x001E1670,0x001E16D0,96
xmen_fn_001E16D0,0x001E16D0,0x001E1730,96
xmen_fn_001E1730,0x001E1730,0x001E1970,576
xmen_fn_001E1970,0x001E1970,0x001E1BB0,576
xmen_fn_001E1BB0,0x001E1BB0,0x001E1CD0,288
xmen_fn_001E1CD0,0x001E1CD0,0x001E1F10,576
xmen_fn_001E1F10,0x001E1F10,0x001E2150,576
xmen_fn_001E2150,0x001E2150,0x001E22D0,384
xmen_fn_001E22D0,0x001E22D0,0x001E24E0,528
xmen_fn_001E24E0,0x001E24E0,0x001E2800,800
xmen_fn_001E2800,0x001E2800,0x001E29A0,416
xmen_fn_001E29A0,0x001E29A0,0x001E2A80,224
xmen_fn_001E2A80,0x001E2A80,0x001E2CF0,624
xmen_fn_001E2CF0,0x001E2CF0,0x001E2E50,352
xmen_fn_001E2E50,0x001E2E50,0x001E30E0,656
xmen_fn_001E30E0,0x001E30E0,0x001E3260,384
xmen_fn_001E3260,0x001E3260,0x001E33D0,368
xmen_fn_001E33D0,0x001E33D0,0x001E36A0,720
xmen_fn_001E36A0,0x001E36A0,0x001E3740,160
xmen_fn_001E3740,0x001E3740,0x001E3A10,720
xmen_fn_001E3A10,0x001E3A10,0x001E3C00,496
xmen_fn_001E3C00,0x001E3C00,0x001E3DE0,480
xmen_fn_001E3DE0,0x001E3DE0,0x001E4040,608
xmen_fn_001E4040,0x001E4040,0x001E4290,592
xmen_fn_001E4290,0x001E4290,0x001E44D0,576
xmen_fn_001E44D0,0x001E44D0,0x001E4620,336
xmen_fn_001E4620,0x001E4620,0x001E47E0,448
xmen_fn_001E47E0,0x001E47E0,0x001E4A90,688
xmen_fn_001E4A90,0x001E4A90,0x001E4B30,160
xmen_fn_001E4B30,0x001E4B30,0x001E4C10,224
xmen_fn_001E4C10,0x001E4C10,0x001E4DA0,400
xmen_fn_001E4DA0,0x001E4DA0,0x001E4F10,368
xmen_fn_001E4F10,0x001E4F10,0x001E4FA0,144
xmen_fn_001E4FA0,0x001E4FA0,0x001E50B0,272
xmen_fn_001E50B0,0x001E50B0,0x001E5210,352
xmen_fn_001E5210,0x001E5210,0x001E52F0,224
xmen_fn_001E52F0,0x001E52F0,0x001E5860,1392
xmen_fn_001E5860,0x001E5860,0x001E58A0,64
xmen_fn_001E58A0,0x001E58A0,0x001E58D0,48
xmen_fn_001E58D0,0x001E58D0,0x001E6350,2688
xmen_fn_001E6350,0x001E6350,0x001E6390,64
xmen_fn_001E6390,0x001E6390,0x001E63E0,80
xmen_fn_001E63E0,0x001E63E0,0x001E6490,176
xmen_fn_001E6490,0x001E6490,0x001E64A0,16
xmen_fn_001E64A0,0x001E64A0,0x001E64E0,64
xmen_fn_001E64E0,0x001E64E0,0x001E64F0,16
xmen_fn_001E64F0,0x001E64F0,0x001E6610,288
xmen_fn_001E6610,0x001E6610,0x001E6620,16
xmen_fn_001E6620,0x001E6620,0x001E6680,96
xmen_fn_001E6680,0x001E6680,0x001E6750,208
xmen_fn_001E6750,0x001E6750,0x001E6970,544
xmen_fn_001E6970,0x001E6970,0x001E6980,16
xmen_fn_001E6980,0x001E6980,0x001E6990,16
xmen_fn_001E6990,0x001E6990,0x001E6B90,512
xmen_fn_001E6B90,0x001E6B90,0x001E74C0,2352
xmen_fn_001E74C0,0x001E74C0,0x001E74D0,16
xmen_fn_001E74D0,0x001E74D0,0x001E7510,64
xmen_fn_001E7510,0x001E7510,0x001E75B0,160
xmen_fn_001E75B0,0x001E75B0,0x001E7630,128
xmen_fn_001E7630,0x001E7630,0x001E76A0,112
xmen_fn_001E76A0,0x001E76A0,0x001E7710,112
xmen_fn_001E7710,0x001E7710,0x001E7780,112
xmen_fn_001E7780,0x001E7780,0x001E77D0,80
xmen_fn_001E77D0,0x001E77D0,0x001E7820,80
xmen_fn_001E7820,0x001E7820,0x001E7860,64
xmen_fn_001E7860,0x001E7860,0x001E7880,32
xmen_fn_001E7880,0x001E7880,0x001E78E0,96
xmen_fn_001E78E0,0x001E78E0,0x001E79D0,240
xmen_fn_001E79D0,0x001E79D0,0x001E7A50,128
xmen_fn_001E7A50,0x001E7A50,0x001E7C30,480
xmen_fn_001E7C30,0x001E7C30,0x001E7C70,64
xmen_fn_001E7C70,0x001E7C70,0x001E7CB0,64
xmen_fn_001E7CB0,0x001E7CB0,0x001E7D10,96
xmen_fn_001E7D10,0x001E7D10,0x001E7D50,64
xmen_fn_001E7D50,0x001E7D50,0x001E7D60,16
xmen_fn_001E7D60,0x001E7D60,0x001E7D70,16
xmen_fn_001E7D70,0x001E7D70,0x001E7DD0,96
xmen_fn_001E7DD0,0x001E7DD0,0x001E7EA0,208
xmen_fn_001E7EA0,0x001E7EA0,0x001E90A0,4608
xmen_fn_001E90A0,0x001E90A0,0x001E91E0,320
xmen_fn_001E91E0,0x001E91E0,0x001E9220,64
xmen_fn_001E9220,0x001E9220,0x001E9260,64
xmen_fn_001E9260,0x001E9260,0x001E92C0,96
xmen_fn_001E92C0,0x001E92C0,0x001EA530,4720
xmen_fn_001EA530,0x001EA530,0x001EA860,816
xmen_fn_001EA860,0x001EA860,0x001EAA80,544
xmen_fn_001EAA80,0x001EAA80,0x001EAB20,160
xmen_fn_001EAB20,0x001EAB20,0x001EAC30,272
xmen_fn_001EAC30,0x001EAC30,0x001EACB0,128
xmen_fn_001EACB0,0x001EACB0,0x001EADA0,240
xmen_fn_001EADA0,0x001EADA0,0x001EAE40,160
xmen_fn_001EAE40,0x001EAE40,0x001EAEC0,128
xmen_fn_001EAEC0,0x001EAEC0,0x001EAF20,96
xmen_fn_001EAF20,0x001EAF20,0x001EAFB0,144
xmen_fn_001EAFB0,0x001EAFB0,0x001EB090,224
xmen_fn_001EB090,0x001EB090,0x001EB120,144
xmen_fn_001EB120,0x001EB120,0x001EB1D0,176
xmen_fn_001EB1D0,0x001EB1D0,0x001EB250,128
xmen_fn_001EB250,0x001EB250,0x001EB340,240
xmen_fn_001EB340,0x001EB340,0x001EB540,512
xmen_fn_001EB540,0x001EB540,0x001EB6F0,432
xmen_fn_001EB6F0,0x001EB6F0,0x001EB7F0,256
xmen_fn_001EB7F0,0x001EB7F0,0x001EB800,16
xmen_fn_001EB800,0x001EB800,0x001EB840,64
xmen_fn_001EB840,0x001EB840,0x001EB930,240
xmen_fn_001EB930,0x001EB930,0x001EB9B0,128
xmen_fn_001EB9B0,0x001EB9B0,0x001EBC90,736
xmen_fn_001EBC90,0x001EBC90,0x001EBCD0,64
xmen_fn_001EBCD0,0x001EBCD0,0x001EBDB0,224
xmen_fn_001EBDB0,0x001EBDB0,0x001EBDF0,64
xmen_fn_001EBDF0,0x001EBDF0,0x001EBE10,32
xmen_fn_001EBE10,0x001EBE10,0x001EBE50,64
xmen_fn_001EBE50,0x001EBE50,0x001EBF00,176
xmen_fn_001EBF00,0x001EBF00,0x001EC0C0,448
xmen_fn_001EC0C0,0x001EC0C0,0x001EC150,144
xmen_fn_001EC150,0x001EC150,0x001EC250,256
xmen_fn_001EC250,0x001EC250,0x001EC520,720
xmen_fn_001EC520,0x001EC520,0x001EC7A0,640
xmen_fn_001EC7A0,0x001EC7A0,0x001EC910,368
xmen_fn_001EC910,0x001EC910,0x001EC950,64
xmen_fn_001EC950,0x001EC950,0x001EC9B0,96
xmen_fn_001EC9B0,0x001EC9B0,0x001EC9C0,16
xmen_fn_001EC9C0,0x001EC9C0,0x001ECA80,192
xmen_fn_001ECA80,0x001ECA80,0x001ECBC0,320
xmen_fn_001ECBC0,0x001ECBC0,0x001ECBD0,16
xmen_fn_001ECBD0,0x001ECBD0,0x001ECC60,144
xmen_fn_001ECC60,0x001ECC60,0x001ECDD0,368
xmen_fn_001ECDD0,0x001ECDD0,0x001ECFA0,464
xmen_fn_001ECFA0,0x001ECFA0,0x001ED190,496
xmen_fn_001ED190,0x001ED190,0x001ED1B0,32
xmen_fn_001ED1B0,0x001ED1B0,0x001ED1E0,48
xmen_fn_001ED1E0,0x001ED1E0,0x001ED790,1456
xmen_fn_001ED790,0x001ED790,0x001EDAB0,800
xmen_fn_001EDAB0,0x001EDAB0,0x001EDC70,448
xmen_fn_001EDC70,0x001EDC70,0x001EE1C0,1360
xmen_fn_001EE1C0,0x001EE1C0,0x001EE220,96
xmen_fn_001EE220,0x001EE220,0x001EE230,16
xmen_fn_001EE230,0x001EE230,0x001EE300,208
xmen_fn_001EE300,0x001EE300,0x001EE440,320
xmen_fn_001EE440,0x001EE440,0x001EE560,288
xmen_fn_001EE560,0x001EE560,0x001EE570,16
xmen_fn_001EE570,0x001EE570,0x001EE630,192
xmen_fn_001EE630,0x001EE630,0x001EE6E0,176
xmen_fn_001EE6E0,0x001EE6E0,0x001EE710,48
xmen_fn_001EE710,0x001EE710,0x001EE740,48
xmen_fn_001EE740,0x001EE740,0x001EE770,48
xmen_fn_001EE770,0x001EE770,0x001EE850,224
xmen_fn_001EE850,0x001EE850,0x001EE8F0,160
xmen_fn_001EE8F0,0x001EE8F0,0x001EEAF0,512
xmen_fn_001EEAF0,0x001EEAF0,0x001EEC80,400
xmen_fn_001EEC80,0x001EEC80,0x001EEDA0,288
xmen_fn_001EEDA0,0x001EEDA0,0x001EEF30,400
xmen_fn_001EEF30,0x001EEF30,0x001EEF90,96
xmen_fn_001EEF90,0x001EEF90,0x001EEFF0,96
xmen_fn_001EEFF0,0x001EEFF0,0x001EF090,160
xmen_fn_001EF090,0x001EF090,0x001EF140,176
xmen_fn_001EF140,0x001EF140,0x001EF200,192
xmen_fn_001EF200,0x001EF200,0x001EF500,768
xmen_fn_001EF500,0x001EF500,0x001EF6C0,448
xmen_fn_001EF6C0,0x001EF6C0,0x001EF750,144
xmen_fn_001EF750,0x001EF750,0x001EF7C0,112
xmen_fn_001EF7C0,0x001EF7C0,0x001EFA60,672
xmen_fn_001EFA60,0x001EFA60,0x001EFB00,160
xmen_fn_001EFB00,0x001EFB00,0x001EFB50,80
xmen_fn_001EFB50,0x001EFB50,0x001EFBD0,128
xmen_fn_001EFBD0,0x001EFBD0,0x001EFC30,96
xmen_fn_001EFC30,0x001EFC30,0x001EFD50,288
xmen_fn_001EFD50,0x001EFD50,0x001EFF40,496
xmen_fn_001EFF40,0x001EFF40,0x001F01E0,672
xmen_fn_001F01E0,0x001F01E0,0x001F0250,112
xmen_fn_001F0250,0x001F0250,0x001F0370,288
xmen_fn_001F0370,0x001F0370,0x001F03B0,64
xmen_fn_001F03B0,0x001F03B0,0x001F03F0,64
xmen_fn_001F03F0,0x001F03F0,0x001F0540,336
xmen_fn_001F0540,0x001F0540,0x001F0550,16
xmen_fn_001F0550,0x001F0550,0x001F06F0,416
xmen_fn_001F06F0,0x001F06F0,0x001F0700,16
xmen_fn_001F0700,0x001F0700,0x001F0710,16
xmen_fn_001F0710,0x001F0710,0x001F0820,272
xmen_fn_001F0820,0x001F0820,0x001F0930,272
xmen_fn_001F0930,0x001F0930,0x001F0AB0,384
xmen_fn_001F0AB0,0x001F0AB0,0x001F0BA0,240
xmen_fn_001F0BA0,0x001F0BA0,0x001F0C70,208
xmen_fn_001F0C70,0x001F0C70,0x001F4E40,16848
xmen_fn_001F4E40,0x001F4E40,0x001F4E90,80
xmen_fn_001F4E90,0x001F4E90,0x001F4EE0,80
xmen_fn_001F4EE0,0x001F4EE0,0x001F4F30,80
xmen_fn_001F4F30,0x001F4F30,0x001F4F80,80
xmen_fn_001F4F80,0x001F4F80,0x001F5AC0,2880
xmen_fn_001F5AC0,0x001F5AC0,0x001F5AF0,48
xmen_fn_001F5AF0,0x001F5AF0,0x001F5B20,48
xmen_fn_001F5B20,0x001F5B20,0x001F5BE0,192
xmen_fn_001F5BE0,0x001F5BE0,0x001F5C90,176
xmen_fn_001F5C90,0x001F5C90,0x001F5CE0,80
xmen_fn_001F5CE0,0x001F5CE0,0x001F5CF0,16
xmen_fn_001F5CF0,0x001F5CF0,0x001F5D40,80
xmen_fn_001F5D40,0x001F5D40,0x001F5D70,48
xmen_fn_001F5D70,0x001F5D70,0x001F5D90,32
xmen_fn_001F5D90,0x001F5D90,0x001F5DE0,80
xmen_fn_001F5DE0,0x001F5DE0,0x001F5E00,32
xmen_fn_001F5E00,0x001F5E00,0x001F5E50,80
xmen_fn_001F5E50,0x001F5E50,0x001F5E70,32
xmen_fn_001F5E70,0x001F5E70,0x001F5EB0,64
xmen_fn_001F5EB0,0x001F5EB0,0x001F5F30,128
xmen_fn_001F5F30,0x001F5F30,0x001F60B0,384
xmen_fn_001F60B0,0x001F60B0,0x001F65C0,1296
xmen_fn_001F65C0,0x001F65C0,0x001F6730,368
xmen_fn_001F6730,0x001F6730,0x001F69B0,640
xmen_fn_001F69B0,0x001F69B0,0x001F6AB0,256
xmen_fn_001F6AB0,0x001F6AB0,0x001F6BB0,256
xmen_fn_001F6BB0,0x001F6BB0,0x001F6BC0,16
xmen_fn_001F6BC0,0x001F6BC0,0x001F6C20,96
xmen_fn_001F6C20,0x001F6C20,0x001F6C80,96
xmen_fn_001F6C80,0x001F6C80,0x001F6DD0,336
xmen_fn_001F6DD0,0x001F6DD0,0x001F6EA0,208
xmen_fn_001F6EA0,0x001F6EA0,0x001F6ED0,48
xmen_fn_001F6ED0,0x001F6ED0,0x001F7210,832
xmen_fn_001F7210,0x001F7210,0x001F7310,256
xmen_fn_001F7310,0x001F7310,0x001F7360,80
xmen_fn_001F7360,0x001F7360,0x001F75B0,592
xmen_fn_001F75B0,0x001F75B0,0x001F7630,128
xmen_fn_001F7630,0x001F7630,0x001F7730,256
xmen_fn_001F7730,0x001F7730,0x001F7850,288
xmen_fn_001F7850,0x001F7850,0x001F7990,320
xmen_fn_001F7990,0x001F7990,0x001F7A20,144
xmen_fn_001F7A20,0x001F7A20,0x001F7B40,288
xmen_fn_001F7B40,0x001F7B40,0x001F7BD0,144
xmen_fn_001F7BD0,0x001F7BD0,0x001F80F0,1312
xmen_fn_001F80F0,0x001F80F0,0x001F8340,592
xmen_fn_001F8340,0x001F8340,0x001F8590,592
xmen_fn_001F8590,0x001F8590,0x001F8760,464
xmen_fn_001F8760,0x001F8760,0x001F8860,256
xmen_fn_001F8860,0x001F8860,0x001F8A10,432
xmen_fn_001F8A10,0x001F8A10,0x001F8CF0,736
xmen_fn_001F8CF0,0x001F8CF0,0x001F8DE0,240
xmen_fn_001F8DE0,0x001F8DE0,0x001F8E90,176
xmen_fn_001F8E90,0x001F8E90,0x001F8FF0,352
xmen_fn_001F8FF0,0x001F8FF0,0x001F9250,608
xmen_fn_001F9250,0x001F9250,0x001F9290,64
xmen_fn_001F9290,0x001F9290,0x001F93C0,304
xmen_fn_001F93C0,0x001F93C0,0x001F9870,1200
xmen_fn_001F9870,0x001F9870,0x001F9990,288
xmen_fn_001F9990,0x001F9990,0x001F9C30,672
xmen_fn_001F9C30,0x001F9C30,0x001F9CE0,176
xmen_fn_001F9CE0,0x001F9CE0,0x001FA850,2928
xmen_fn_001FA850,0x001FA850,0x001FA930,224
xmen_fn_001FA930,0x001FA930,0x001FAA00,208
xmen_fn_001FAA00,0x001FAA00,0x001FAC90,656
xmen_fn_001FAC90,0x001FAC90,0x001FAF40,688
xmen_fn_001FAF40,0x001FAF40,0x001FB1C0,640
xmen_fn_001FB1C0,0x001FB1C0,0x001FB2C0,256
xmen_fn_001FB2C0,0x001FB2C0,0x001FB7F0,1328
xmen_fn_001FB7F0,0x001FB7F0,0x001FB840,80
xmen_fn_001FB840,0x001FB840,0x001FBB90,848
xmen_fn_001FBB90,0x001FBB90,0x001FBD00,368
xmen_fn_001FBD00,0x001FBD00,0x001FC0D0,976
xmen_fn_001FC0D0,0x001FC0D0,0x001FC2E0,528
xmen_fn_001FC2E0,0x001FC2E0,0x001FC470,400
xmen_fn_001FC470,0x001FC470,0x001FC4A0,48
xmen_fn_001FC4A0,0x001FC4A0,0x001FC810,880
xmen_fn_001FC810,0x001FC810,0x001FC920,272
xmen_fn_001FC920,0x001FC920,0x001FCCB0,912
xmen_fn_001FCCB0,0x001FCCB0,0x001FCF40,656
xmen_fn_001FCF40,0x001FCF40,0x001FCF80,64
xmen_fn_001FCF80,0x001FCF80,0x001FD030,176
xmen_fn_001FD030,0x001FD030,0x001FDA00,2512
xmen_fn_001FDA00,0x001FDA00,0x001FDBA0,416
xmen_fn_001FDBA0,0x001FDBA0,0x001FDC90,240
xmen_fn_001FDC90,0x001FDC90,0x001FDD70,224
xmen_fn_001FDD70,0x001FDD70,0x001FDEC0,336
xmen_fn_001FDEC0,0x001FDEC0,0x001FDF00,64
xmen_fn_001FDF00,0x001FDF00,0x001FDF40,64
xmen_fn_001FDF40,0x001FDF40,0x001FDF90,80
xmen_fn_001FDF90,0x001FDF90,0x001FDFD0,64
xmen_fn_001FDFD0,0x001FDFD0,0x001FE030,96
xmen_fn_001FE030,0x001FE030,0x001FE070,64
xmen_fn_001FE070,0x001FE070,0x001FE110,160
xmen_fn_001FE110,0x001FE110,0x001FE170,96
xmen_fn_001FE170,0x001FE170,0x001FE260,240
xmen_fn_001FE260,0x001FE260,0x001FE300,160
xmen_fn_001FE300,0x001FE300,0x001FE480,384
xmen_fn_001FE480,0x001FE480,0x001FE4E0,96
xmen_fn_001FE4E0,0x001FE4E0,0x001FE540,96
xmen_fn_001FE540,0x001FE540,0x001FE5D0,144
xmen_fn_001FE5D0,0x001FE5D0,0x001FE650,128
xmen_fn_001FE650,0x001FE650,0x001FE690,64
xmen_fn_001FE690,0x001FE690,0x001FE6D0,64
xmen_fn_001FE6D0,0x001FE6D0,0x001FE740,112
xmen_fn_001FE740,0x001FE740,0x001FE760,32
xmen_fn_001FE760,0x001FE760,0x001FE810,176
xmen_fn_001FE810,0x001FE810,0x001FE830,32
xmen_fn_001FE830,0x001FE830,0x001FE8D0,160
xmen_fn_001FE8D0,0x001FE8D0,0x001FE9A0,208
xmen_fn_001FE9A0,0x001FE9A0,0x001FEA00,96
xmen_fn_001FEA00,0x001FEA00,0x001FEA40,64
xmen_fn_001FEA40,0x001FEA40,0x001FEAF0,176
xmen_fn_001FEAF0,0x001FEAF0,0x001FEB30,64
xmen_fn_001FEB30,0x001FEB30,0x001FEB70,64
xmen_fn_001FEB70,0x001FEB70,0x001FEB80,16
xmen_fn_001FEB80,0x001FEB80,0x001FEB90,16
xmen_fn_001FEB90,0x001FEB90,0x001FEC30,160
xmen_fn_001FEC30,0x001FEC30,0x001FECF0,192
xmen_fn_001FECF0,0x001FECF0,0x001FF6E0,2544
xmen_fn_001FF6E0,0x001FF6E0,0x001FF720,64
xmen_fn_001FF720,0x001FF720,0x001FF840,288
xmen_fn_001FF840,0x001FF840,0x001FF8B0,112
xmen_fn_001FF8B0,0x001FF8B0,0x00200050,1952
xmen_fn_00200050,0x00200050,0x00200CA0,3152
xmen_fn_00200CA0,0x00200CA0,0x00200CE0,64
xmen_fn_00200CE0,0x00200CE0,0x00200D20,64
xmen_fn_00200D20,0x00200D20,0x00200D40,32
xmen_fn_00200D40,0x00200D40,0x00200D90,80
xmen_fn_00200D90,0x00200D90,0x00200DC0,48
xmen_fn_00200DC0,0x00200DC0,0x00200E10,80
xmen_fn_00200E10,0x00200E10,0x00200E90,128
xmen_fn_00200E90,0x00200E90,0x00200F20,144
xmen_fn_00200F20,0x00200F20,0x00200F30,16
xmen_fn_00200F30,0x00200F30,0x00200F40,16
xmen_fn_00200F40,0x00200F40,0x00200F90,80
xmen_fn_00200F90,0x00200F90,0x00200FA0,16
xmen_fn_00200FA0,0x00200FA0,0x00200FE0,64
xmen_fn_00200FE0,0x00200FE0,0x00200FF0,16
xmen_fn_00200FF0,0x00200FF0,0x00201060,112
xmen_fn_00201060,0x00201060,0x00201080,32
xmen_fn_00201080,0x00201080,0x00201090,16
xmen_fn_00201090,0x00201090,0x00201EF0,3680
xmen_fn_00201EF0,0x00201EF0,0x00201F60,112
xmen_fn_00201F60,0x00201F60,0x002027C0,2144
xmen_fn_002027C0,0x002027C0,0x002034A0,3296
xmen_fn_002034A0,0x002034A0,0x00203560,192
xmen_fn_00203560,0x00203560,0x002039F0,1168
xmen_fn_002039F0,0x002039F0,0x00203A30,64
xmen_fn_00203A30,0x00203A30,0x00203A70,64
xmen_fn_00203A70,0x00203A70,0x00203AB0,64
xmen_fn_00203AB0,0x00203AB0,0x00203AC0,16
xmen_fn_00203AC0,0x00203AC0,0x00203AD0,16
xmen_fn_00203AD0,0x00203AD0,0x00203B20,80
xmen_fn_00203B20,0x00203B20,0x00203B50,48
xmen_fn_00203B50,0x00203B50,0x00203B60,16
xmen_fn_00203B60,0x00203B60,0x00203B70,16
xmen_fn_00203B70,0x00203B70,0x00203B80,16
xmen_fn_00203B80,0x00203B80,0x00203B90,16
xmen_fn_00203B90,0x00203B90,0x00203C20,144
xmen_fn_00203C20,0x00203C20,0x00203CC0,160
xmen_fn_00203CC0,0x00203CC0,0x00203DC0,256
xmen_fn_00203DC0,0x00203DC0,0x00203E10,80
xmen_fn_00203E10,0x00203E10,0x00203F00,240
xmen_fn_00203F00,0x00203F00,0x00203F90,144
xmen_fn_00203F90,0x00203F90,0x00204110,384
xmen_fn_00204110,0x00204110,0x002041A0,144
xmen_fn_002041A0,0x002041A0,0x00204320,384
xmen_fn_00204320,0x00204320,0x00204370,80
xmen_fn_00204370,0x00204370,0x00204500,400
xmen_fn_00204500,0x00204500,0x00204600,256
xmen_fn_00204600,0x00204600,0x00204860,608
xmen_fn_00204860,0x00204860,0x00205C30,5072
xmen_fn_00205C30,0x00205C30,0x00205CB0,128
xmen_fn_00205CB0,0x00205CB0,0x00205D10,96
xmen_fn_00205D10,0x00205D10,0x00205F00,496
xmen_fn_00205F00,0x00205F00,0x00206080,384
xmen_fn_00206080,0x00206080,0x00206120,160
xmen_fn_00206120,0x00206120,0x0020C760,26176
xmen_fn_0020C760,0x0020C760,0x0020C7E0,128
xmen_fn_0020C7E0,0x0020C7E0,0x0020C870,144
xmen_fn_0020C870,0x0020C870,0x0020C8B0,64
xmen_fn_0020C8B0,0x0020C8B0,0x0020C8F0,64
xmen_fn_0020C8F0,0x0020C8F0,0x0020C950,96
xmen_fn_0020C950,0x0020C950,0x0020C960,16
xmen_fn_0020C960,0x0020C960,0x0020C9A0,64
xmen_fn_0020C9A0,0x0020C9A0,0x0020C9E0,64
xmen_fn_0020C9E0,0x0020C9E0,0x0020CA30,80
xmen_fn_0020CA30,0x0020CA30,0x0020CA70,64
xmen_fn_0020CA70,0x0020CA70,0x0020CAB0,64
xmen_fn_0020CAB0,0x0020CAB0,0x0020CAF0,64
xmen_fn_0020CAF0,0x0020CAF0,0x0020CB00,16
xmen_fn_0020CB00,0x0020CB00,0x0020CB30,48
xmen_fn_0020CB30,0x0020CB30,0x0020CB40,16
xmen_fn_0020CB40,0x0020CB40,0x0020CB60,32
xmen_fn_0020CB60,0x0020CB60,0x0020CBC0,96
xmen_fn_0020CBC0,0x0020CBC0,0x0020CBD0,16
xmen_fn_0020CBD0,0x0020CBD0,0x0020CC00,48
xmen_fn_0020CC00,0x0020CC00,0x0020CCC0,192
xmen_fn_0020CCC0,0x0020CCC0,0x0020CD80,192
xmen_fn_0020CD80,0x0020CD80,0x0020E5B0,6192
xmen_fn_0020E5B0,0x0020E5B0,0x0020E620,112
xmen_fn_0020E620,0x0020E620,0x0020E6A0,128
xmen_fn_0020E6A0,0x0020E6A0,0x0020E6F0,80
xmen_fn_0020E6F0,0x0020E6F0,0x0020E7A0,176
xmen_fn_0020E7A0,0x0020E7A0,0x0020E7C0,32
xmen_fn_0020E7C0,0x0020E7C0,0x0020EAC0,768
xmen_fn_0020EAC0,0x0020EAC0,0x0020EC20,352
xmen_fn_0020EC20,0x0020EC20,0x0020ECD0,176
xmen_fn_0020ECD0,0x0020ECD0,0x0020F270,1440
xmen_fn_0020F270,0x0020F270,0x0020F360,240
xmen_fn_0020F360,0x0020F360,0x0020F450,240
xmen_fn_0020F450,0x0020F450,0x0020F860,1040
xmen_fn_0020F860,0x0020F860,0x0020FA00,416
xmen_fn_0020FA00,0x0020FA00,0x0020FAA0,160
xmen_fn_0020FAA0,0x0020FAA0,0x0020FAB0,16
xmen_fn_0020FAB0,0x0020FAB0,0x0020FB00,80
xmen_fn_0020FB00,0x0020FB00,0x0020FB70,112
xmen_fn_0020FB70,0x0020FB70,0x0020FC00,144
xmen_fn_0020FC00,0x0020FC00,0x0020FD10,272
xmen_fn_0020FD10,0x0020FD10,0x0020FD90,128
xmen_fn_0020FD90,0x0020FD90,0x0020FDA0,16
xmen_fn_0020FDA0,0x0020FDA0,0x0020FDF0,80
xmen_fn_0020FDF0,0x0020FDF0,0x0020FE40,80
xmen_fn_0020FE40,0x0020FE40,0x00210160,800
xmen_fn_00210160,0x00210160,0x002101B0,80
xmen_fn_002101B0,0x002101B0,0x002102B0,256
xmen_fn_002102B0,0x002102B0,0x00210420,368
xmen_fn_00210420,0x00210420,0x00210490,112
xmen_fn_00210490,0x00210490,0x00210580,240
xmen_fn_00210580,0x00210580,0x00210660,224
xmen_fn_00210660,0x00210660,0x002106D0,112
xmen_fn_002106D0,0x002106D0,0x00210750,128
xmen_fn_00210750,0x00210750,0x002107A0,80
xmen_fn_002107A0,0x002107A0,0x00210800,96
xmen_fn_00210800,0x00210800,0x00210880,128
xmen_fn_00210880,0x00210880,0x002108C0,64
xmen_fn_002108C0,0x002108C0,0x00210910,80
xmen_fn_00210910,0x00210910,0x00210950,64
xmen_fn_00210950,0x00210950,0x00210B70,544
xmen_fn_00210B70,0x00210B70,0x00210B80,16
xmen_fn_00210B80,0x00210B80,0x00210B90,16
xmen_fn_00210B90,0x00210B90,0x00211130,1440
xmen_fn_00211130,0x00211130,0x00211140,16
xmen_fn_00211140,0x00211140,0x00211150,16
xmen_fn_00211150,0x00211150,0x00211220,208
xmen_fn_00211220,0x00211220,0x00211230,16
xmen_fn_00211230,0x00211230,0x00211320,240
xmen_fn_00211320,0x00211320,0x00211410,240
xmen_fn_00211410,0x00211410,0x002117E0,976
xmen_fn_002117E0,0x002117E0,0x002118B0,208
xmen_fn_002118B0,0x002118B0,0x00211990,224
xmen_fn_00211990,0x00211990,0x002119F0,96
xmen_fn_002119F0,0x002119F0,0x00211B10,288
xmen_fn_00211B10,0x00211B10,0x00211BE0,208
xmen_fn_00211BE0,0x00211BE0,0x00211C10,48
xmen_fn_00211C10,0x00211C10,0x00211D10,256
xmen_fn_00211D10,0x00211D10,0x00211E20,272
xmen_fn_00211E20,0x00211E20,0x00211EF0,208
xmen_fn_00211EF0,0x00211EF0,0x00211F80,144
xmen_fn_00211F80,0x00211F80,0x00212020,160
xmen_fn_00212020,0x00212020,0x00212030,16
xmen_fn_00212030,0x00212030,0x00212070,64
xmen_fn_00212070,0x00212070,0x002120C0,80
xmen_fn_002120C0,0x002120C0,0x002120E0,32
xmen_fn_002120E0,0x002120E0,0x00212100,32
xmen_fn_00212100,0x00212100,0x002121C0,192
xmen_fn_002121C0,0x002121C0,0x00212290,208
xmen_fn_00212290,0x00212290,0x00212450,448
xmen_fn_00212450,0x00212450,0x00212480,48
xmen_fn_00212480,0x00212480,0x002124A0,32
xmen_fn_002124A0,0x002124A0,0x002124C0,32
xmen_fn_002124C0,0x002124C0,0x00212590,208
xmen_fn_00212590,0x00212590,0x00212620,144
xmen_fn_00212620,0x00212620,0x00212630,16
xmen_fn_00212630,0x00212630,0x00212640,16
xmen_fn_00212640,0x00212640,0x00212650,16
xmen_fn_00212650,0x00212650,0x00212660,16
xmen_fn_00212660,0x00212660,0x00212730,208
xmen_fn_00212730,0x00212730,0x00212760,48
xmen_fn_00212760,0x00212760,0x002127C0,96
xmen_fn_002127C0,0x002127C0,0x002128F0,304
xmen_fn_002128F0,0x002128F0,0x00212960,112
xmen_fn_00212960,0x00212960,0x002129D0,112
xmen_fn_002129D0,0x002129D0,0x00212AF0,288
xmen_fn_00212AF0,0x00212AF0,0x00212B90,160
xmen_fn_00212B90,0x00212B90,0x00212BA0,16
xmen_fn_00212BA0,0x00212BA0,0x00212C20,128
xmen_fn_00212C20,0x00212C20,0x00212F10,752
xmen_fn_00212F10,0x00212F10,0x00213110,512
xmen_fn_00213110,0x00213110,0x00213180,112
xmen_fn_00213180,0x00213180,0x002131D0,80
xmen_fn_002131D0,0x002131D0,0x00213270,160
xmen_fn_00213270,0x00213270,0x00213300,144
xmen_fn_00213300,0x00213300,0x00213310,16
xmen_fn_00213310,0x00213310,0x00213320,16
xmen_fn_00213320,0x00213320,0x00213340,32
xmen_fn_00213340,0x00213340,0x00213350,16
xmen_fn_00213350,0x00213350,0x00213390,64
xmen_fn_00213390,0x00213390,0x002133A0,16
xmen_fn_002133A0,0x002133A0,0x002133B0,16
xmen_fn_002133B0,0x002133B0,0x002133C0,16
xmen_fn_002133C0,0x002133C0,0x002133E0,32
xmen_fn_002133E0,0x002133E0,0x002133F0,16
xmen_fn_002133F0,0x002133F0,0x00213400,16
xmen_fn_00213400,0x00213400,0x00213430,48
xmen_fn_00213430,0x00213430,0x00213550,288
xmen_fn_00213550,0x00213550,0x00213600,176
xmen_fn_00213600,0x00213600,0x002139F0,1008
xmen_fn_002139F0,0x002139F0,0x00213A60,112
xmen_fn_00213A60,0x00213A60,0x00213A70,16
xmen_fn_00213A70,0x00213A70,0x00213A80,16
xmen_fn_00213A80,0x00213A80,0x00213B90,272
xmen_fn_00213B90,0x00213B90,0x00213C60,208
xmen_fn_00213C60,0x00213C60,0x00213D10,176
xmen_fn_00213D10,0x00213D10,0x00213DB0,160
xmen_fn_00213DB0,0x00213DB0,0x00213E70,192
xmen_fn_00213E70,0x00213E70,0x00213F10,160
xmen_fn_00213F10,0x00213F10,0x00213FA0,144
xmen_fn_00213FA0,0x00213FA0,0x00214070,208
xmen_fn_00214070,0x00214070,0x002141F0,384
xmen_fn_002141F0,0x002141F0,0x002144B0,704
xmen_fn_002144B0,0x002144B0,0x002146F0,576
xmen_fn_002146F0,0x002146F0,0x00214860,368
xmen_fn_00214860,0x00214860,0x00214900,160
xmen_fn_00214900,0x00214900,0x002149D0,208
xmen_fn_002149D0,0x002149D0,0x00214A80,176
xmen_fn_00214A80,0x00214A80,0x00214B80,256
xmen_fn_00214B80,0x00214B80,0x00214C80,256
xmen_fn_00214C80,0x00214C80,0x00214D60,224
xmen_fn_00214D60,0x00214D60,0x00214E60,256
xmen_fn_00214E60,0x00214E60,0x00214EC0,96
xmen_fn_00214EC0,0x00214EC0,0x00214F30,112
xmen_fn_00214F30,0x00214F30,0x00214F90,96
xmen_fn_00214F90,0x00214F90,0x00214FD0,64
xmen_fn_00214FD0,0x00214FD0,0x00215010,64
xmen_fn_00215010,0x00215010,0x00215060,80
xmen_fn_00215060,0x00215060,0x002150B0,80
xmen_fn_002150B0,0x002150B0,0x00215100,80
xmen_fn_00215100,0x00215100,0x00215160,96
xmen_fn_00215160,0x00215160,0x002151B0,80
xmen_fn_002151B0,0x002151B0,0x00215200,80
xmen_fn_00215200,0x00215200,0x00215260,96
xmen_fn_00215260,0x00215260,0x00215270,16
xmen_fn_00215270,0x00215270,0x002157F0,1408
xmen_fn_002157F0,0x002157F0,0x00215EF0,1792
xmen_fn_00215EF0,0x00215EF0,0x00215FA0,176
xmen_fn_00215FA0,0x00215FA0,0x00216000,96
xmen_fn_00216000,0x00216000,0x00216050,80
xmen_fn_00216050,0x00216050,0x00216170,288
xmen_fn_00216170,0x00216170,0x00216270,256
xmen_fn_00216270,0x00216270,0x002163B0,320
xmen_fn_002163B0,0x002163B0,0x00216430,128
xmen_fn_00216430,0x00216430,0x002164F0,192
xmen_fn_002164F0,0x002164F0,0x00216560,112
xmen_fn_00216560,0x00216560,0x002165F0,144
xmen_fn_002165F0,0x002165F0,0x002166B0,192
xmen_fn_002166B0,0x002166B0,0x002168F0,576
xmen_fn_002168F0,0x002168F0,0x00217500,3088
xmen_fn_00217500,0x00217500,0x002175D0,208
xmen_fn_002175D0,0x002175D0,0x00217650,128
xmen_fn_00217650,0x00217650,0x00217D30,1760
xmen_fn_00217D30,0x00217D30,0x00217D80,80
xmen_fn_00217D80,0x00217D80,0x00217DD0,80
xmen_fn_00217DD0,0x00217DD0,0x00217E40,112
xmen_fn_00217E40,0x00217E40,0x00217EE0,160
xmen_fn_00217EE0,0x00217EE0,0x00217F30,80
xmen_fn_00217F30,0x00217F30,0x00217FC0,144
xmen_fn_00217FC0,0x00217FC0,0x00217FD0,16
xmen_fn_00217FD0,0x00217FD0,0x00217FF0,32
xmen_fn_00217FF0,0x00217FF0,0x00218040,80
xmen_fn_00218040,0x00218040,0x002181A0,352
xmen_fn_002181A0,0x002181A0,0x002184C0,800
xmen_fn_002184C0,0x002184C0,0x00218510,80
xmen_fn_00218510,0x00218510,0x00218580,112
xmen_fn_00218580,0x00218580,0x002185F0,112
xmen_fn_002185F0,0x002185F0,0x00218660,112
xmen_fn_00218660,0x00218660,0x00218710,176
xmen_fn_00218710,0x00218710,0x00218780,112
xmen_fn_00218780,0x00218780,0x00218840,192
xmen_fn_00218840,0x00218840,0x00218890,80
xmen_fn_00218890,0x00218890,0x002188E0,80
xmen_fn_002188E0,0x002188E0,0x00218A00,288
xmen_fn_00218A00,0x00218A00,0x00218CD0,720
xmen_fn_00218CD0,0x00218CD0,0x002191D0,1280
xmen_fn_002191D0,0x002191D0,0x00219370,416
xmen_fn_00219370,0x00219370,0x002195D0,608
xmen_fn_002195D0,0x002195D0,0x00219610,64
xmen_fn_00219610,0x00219610,0x00219650,64
xmen_fn_00219650,0x00219650,0x00219710,192
xmen_fn_00219710,0x00219710,0x00219750,64
xmen_fn_00219750,0x00219750,0x002197F0,160
xmen_fn_002197F0,0x002197F0,0x00219980,400
xmen_fn_00219980,0x00219980,0x00219DC0,1088
xmen_fn_00219DC0,0x00219DC0,0x00219E00,64
xmen_fn_00219E00,0x00219E00,0x00219E40,64
xmen_fn_00219E40,0x00219E40,0x00219EC0,128
xmen_fn_00219EC0,0x00219EC0,0x00219F00,64
xmen_fn_00219F00,0x00219F00,0x0021A390,1168
xmen_fn_0021A390,0x0021A390,0x0021A530,416
xmen_fn_0021A530,0x0021A530,0x0021A680,336
xmen_fn_0021A680,0x0021A680,0x0021A6E0,96
xmen_fn_0021A6E0,0x0021A6E0,0x0021A7C0,224
xmen_fn_0021A7C0,0x0021A7C0,0x0021A880,192
xmen_fn_0021A880,0x0021A880,0x0021A940,192
xmen_fn_0021A940,0x0021A940,0x0021AAE0,416
xmen_fn_0021AAE0,0x0021AAE0,0x0021AC70,400
xmen_fn_0021AC70,0x0021AC70,0x0021B020,944
xmen_fn_0021B020,0x0021B020,0x0021B0E0,192
xmen_fn_0021B0E0,0x0021B0E0,0x0021B3D0,752
xmen_fn_0021B3D0,0x0021B3D0,0x0021B640,624
xmen_fn_0021B640,0x0021B640,0x0021B720,224
xmen_fn_0021B720,0x0021B720,0x0021B800,224
xmen_fn_0021B800,0x0021B800,0x0021B820,32
xmen_fn_0021B820,0x0021B820,0x0021B830,16
xmen_fn_0021B830,0x0021B830,0x0021B880,80
xmen_fn_0021B880,0x0021B880,0x0021B8D0,80
xmen_fn_0021B8D0,0x0021B8D0,0x0021B920,80
xmen_fn_0021B920,0x0021B920,0x0021B970,80
xmen_fn_0021B970,0x0021B970,0x0021BA40,208
xmen_fn_0021BA40,0x0021BA40,0x0021BC20,480
xmen_fn_0021BC20,0x0021BC20,0x0021BDE0,448
xmen_fn_0021BDE0,0x0021BDE0,0x0021C150,880
xmen_fn_0021C150,0x0021C150,0x0021C1A0,80
xmen_fn_0021C1A0,0x0021C1A0,0x0021C3A0,512
xmen_fn_0021C3A0,0x0021C3A0,0x0021C410,112
xmen_fn_0021C410,0x0021C410,0x0021C480,112
xmen_fn_0021C480,0x0021C480,0x0021C4F0,112
xmen_fn_0021C4F0,0x0021C4F0,0x0021C6A0,432
xmen_fn_0021C6A0,0x0021C6A0,0x0021C720,128
xmen_fn_0021C720,0x0021C720,0x0021C8D0,432
xmen_fn_0021C8D0,0x0021C8D0,0x0021C980,176
xmen_fn_0021C980,0x0021C980,0x0021C990,16
xmen_fn_0021C990,0x0021C990,0x0021CBC0,560
xmen_fn_0021CBC0,0x0021CBC0,0x0021CD30,368
xmen_fn_0021CD30,0x0021CD30,0x0021CEE0,432
xmen_fn_0021CEE0,0x0021CEE0,0x0021D220,832
xmen_fn_0021D220,0x0021D220,0x0021D570,848
xmen_fn_0021D570,0x0021D570,0x0021D670,256
xmen_fn_0021D670,0x0021D670,0x0021D790,288
xmen_fn_0021D790,0x0021D790,0x0021D7A0,16
xmen_fn_0021D7A0,0x0021D7A0,0x0021D9D0,560
xmen_fn_0021D9D0,0x0021D9D0,0x0021DD20,848
xmen_fn_0021DD20,0x0021DD20,0x0021DFA0,640
xmen_fn_0021DFA0,0x0021DFA0,0x0021E040,160
xmen_fn_0021E040,0x0021E040,0x0021E150,272
xmen_fn_0021E150,0x0021E150,0x0021E260,272
xmen_fn_0021E260,0x0021E260,0x0021E4D0,624
xmen_fn_0021E4D0,0x0021E4D0,0x0021E510,64
xmen_fn_0021E510,0x0021E510,0x0021E550,64
xmen_fn_0021E550,0x0021E550,0x0021E5B0,96
xmen_fn_0021E5B0,0x0021E5B0,0x0021EAA0,1264
xmen_fn_0021EAA0,0x0021EAA0,0x0021EBB0,272
xmen_fn_0021EBB0,0x0021EBB0,0x0021EE60,688
xmen_fn_0021EE60,0x0021EE60,0x0021F2C0,1120
xmen_fn_0021F2C0,0x0021F2C0,0x0021F300,64
xmen_fn_0021F300,0x0021F300,0x0021F350,80
xmen_fn_0021F350,0x0021F350,0x0021F3B0,96
xmen_fn_0021F3B0,0x0021F3B0,0x0021F450,160
xmen_fn_0021F450,0x0021F450,0x0021F4B0,96
xmen_fn_0021F4B0,0x0021F4B0,0x0021F4F0,64
xmen_fn_0021F4F0,0x0021F4F0,0x0021F650,352
xmen_fn_0021F650,0x0021F650,0x0021F680,48
xmen_fn_0021F680,0x0021F680,0x0021F6C0,64
xmen_fn_0021F6C0,0x0021F6C0,0x0021F700,64
xmen_fn_0021F700,0x0021F700,0x0021F7B0,176
xmen_fn_0021F7B0,0x0021F7B0,0x0021F7C0,16
xmen_fn_0021F7C0,0x0021F7C0,0x0021F800,64
xmen_fn_0021F800,0x0021F800,0x0021F870,112
xmen_fn_0021F870,0x0021F870,0x0021F8D0,96
xmen_fn_0021F8D0,0x0021F8D0,0x0021F930,96
xmen_fn_0021F930,0x0021F930,0x0021F9D0,160
xmen_fn_0021F9D0,0x0021F9D0,0x0021FA80,176
xmen_fn_0021FA80,0x0021FA80,0x0021FB70,240
xmen_fn_0021FB70,0x0021FB70,0x0021FD60,496
xmen_fn_0021FD60,0x0021FD60,0x0021FD70,16
xmen_fn_0021FD70,0x0021FD70,0x0021FE30,192
xmen_fn_0021FE30,0x0021FE30,0x0021FF80,336
xmen_fn_0021FF80,0x0021FF80,0x0021FFE0,96
xmen_fn_0021FFE0,0x0021FFE0,0x00220040,96
xmen_fn_00220040,0x00220040,0x00220100,192
xmen_fn_00220100,0x00220100,0x00220190,144
xmen_fn_00220190,0x00220190,0x00220250,192
xmen_fn_00220250,0x00220250,0x002202F0,160
xmen_fn_002202F0,0x002202F0,0x002203C0,208
xmen_fn_002203C0,0x002203C0,0x002204C0,256
xmen_fn_002204C0,0x002204C0,0x00220530,112
xmen_fn_00220530,0x00220530,0x00220600,208
xmen_fn_00220600,0x00220600,0x00220620,32
xmen_fn_00220620,0x00220620,0x00220630,16
xmen_fn_00220630,0x00220630,0x00220690,96
xmen_fn_00220690,0x00220690,0x002206F0,96
xmen_fn_002206F0,0x002206F0,0x00220800,272
xmen_fn_00220800,0x00220800,0x00220870,112
xmen_fn_00220870,0x00220870,0x002208F0,128
xmen_fn_002208F0,0x002208F0,0x00220900,16
xmen_fn_00220900,0x00220900,0x002209F0,240
xmen_fn_002209F0,0x002209F0,0x00220A40,80
xmen_fn_00220A40,0x00220A40,0x00220BA0,352
xmen_fn_00220BA0,0x00220BA0,0x00220BC0,32
xmen_fn_00220BC0,0x00220BC0,0x00220CB0,240
xmen_fn_00220CB0,0x00220CB0,0x00220DE0,304
xmen_fn_00220DE0,0x00220DE0,0x00220DF0,16
xmen_fn_00220DF0,0x00220DF0,0x00220E00,16
xmen_fn_00220E00,0x00220E00,0x00220E60,96
xmen_fn_00220E60,0x00220E60,0x00220F10,176
xmen_fn_00220F10,0x00220F10,0x00220F40,48
xmen_fn_00220F40,0x00220F40,0x00220F90,80
xmen_fn_00220F90,0x00220F90,0x00221090,256
xmen_fn_00221090,0x00221090,0x002210F0,96
xmen_fn_002210F0,0x002210F0,0x002211C0,208
xmen_fn_002211C0,0x002211C0,0x00221210,80
xmen_fn_00221210,0x00221210,0x00221360,336
xmen_fn_00221360,0x00221360,0x002218C0,1376
xmen_fn_002218C0,0x002218C0,0x002218D0,16
xmen_fn_002218D0,0x002218D0,0x002218E0,16
xmen_fn_002218E0,0x002218E0,0x00221960,128
xmen_fn_00221960,0x00221960,0x002222F0,2448
xmen_fn_002222F0,0x002222F0,0x00222610,800
xmen_fn_00222610,0x00222610,0x002227A0,400
xmen_fn_002227A0,0x002227A0,0x002227E0,64
xmen_fn_002227E0,0x002227E0,0x00222820,64
xmen_fn_00222820,0x00222820,0x00222870,80
xmen_fn_00222870,0x00222870,0x00222A00,400
xmen_fn_00222A00,0x00222A00,0x00222A40,64
xmen_fn_00222A40,0x00222A40,0x00222A80,64
xmen_fn_00222A80,0x00222A80,0x00222AD0,80
xmen_fn_00222AD0,0x00222AD0,0x00222C60,400
xmen_fn_00222C60,0x00222C60,0x00222C90,48
xmen_fn_00222C90,0x00222C90,0x00222CD0,64
xmen_fn_00222CD0,0x00222CD0,0x00222D10,64
xmen_fn_00222D10,0x00222D10,0x00222F00,496
xmen_fn_00222F00,0x00222F00,0x002233F0,1264
xmen_fn_002233F0,0x002233F0,0x00223770,896
xmen_fn_00223770,0x00223770,0x00223E20,1712
xmen_fn_00223E20,0x00223E20,0x002242A0,1152
xmen_fn_002242A0,0x002242A0,0x00224840,1440
xmen_fn_00224840,0x00224840,0x002248E0,160
xmen_fn_002248E0,0x002248E0,0x00225910,4144
xmen_fn_00225910,0x00225910,0x00225A90,384
xmen_fn_00225A90,0x00225A90,0x00225DE0,848
xmen_fn_00225DE0,0x00225DE0,0x00225F00,288
xmen_fn_00225F00,0x00225F00,0x00226390,1168
xmen_fn_00226390,0x00226390,0x00226550,448
xmen_fn_00226550,0x00226550,0x00226960,1040
xmen_fn_00226960,0x00226960,0x00228270,6416
xmen_fn_00228270,0x00228270,0x00228920,1712
xmen_fn_00228920,0x00228920,0x00229260,2368
xmen_fn_00229260,0x00229260,0x00229380,288
xmen_fn_00229380,0x00229380,0x00229760,992
xmen_fn_00229760,0x00229760,0x0022C710,12208
xmen_fn_0022C710,0x0022C710,0x0022D160,2640
xmen_fn_0022D160,0x0022D160,0x0022DAE0,2432
xmen_fn_0022DAE0,0x0022DAE0,0x0022FB60,8320
xmen_fn_0022FB60,0x0022FB60,0x00231D40,8672
xmen_fn_00231D40,0x00231D40,0x00231D60,32
xmen_fn_00231D60,0x00231D60,0x00231DC0,96
xmen_fn_00231DC0,0x00231DC0,0x00231E00,64
xmen_fn_00231E00,0x00231E00,0x00231E40,64
xmen_fn_00231E40,0x00231E40,0x00231E70,48
xmen_fn_00231E70,0x00231E70,0x002335E0,6000
xmen_fn_002335E0,0x002335E0,0x00233620,64
xmen_fn_00233620,0x00233620,0x00233670,80
xmen_fn_00233670,0x00233670,0x00233910,672
xmen_fn_00233910,0x00233910,0x00235710,7680
xmen_fn_00235710,0x00235710,0x00235CA0,1424
xmen_fn_00235CA0,0x00235CA0,0x00235D30,144
xmen_fn_00235D30,0x00235D30,0x00235EB0,384
xmen_fn_00235EB0,0x00235EB0,0x002361A0,752
xmen_fn_002361A0,0x002361A0,0x002361D0,48
xmen_fn_002361D0,0x002361D0,0x00236210,64
xmen_fn_00236210,0x00236210,0x00236290,128
xmen_fn_00236290,0x00236290,0x00236310,128
xmen_fn_00236310,0x00236310,0x00236710,1024
xmen_fn_00236710,0x00236710,0x00236750,64
xmen_fn_00236750,0x00236750,0x002367E0,144
xmen_fn_002367E0,0x002367E0,0x00236DA0,1472
xmen_fn_00236DA0,0x00236DA0,0x00237480,1760
xmen_fn_00237480,0x00237480,0x002374C0,64
xmen_fn_002374C0,0x002374C0,0x002378B0,1008
xmen_fn_002378B0,0x002378B0,0x00237AB0,512
xmen_fn_00237AB0,0x00237AB0,0x00239CE0,8752
xmen_fn_00239CE0,0x00239CE0,0x00239D20,64
xmen_fn_00239D20,0x00239D20,0x00239D50,48
xmen_fn_00239D50,0x00239D50,0x0023AA80,3376
xmen_fn_0023AA80,0x0023AA80,0x0023AAC0,64
xmen_fn_0023AAC0,0x0023AAC0,0x0023C0A0,5600
xmen_fn_0023C0A0,0x0023C0A0,0x0023C380,736
xmen_fn_0023C380,0x0023C380,0x0023C520,416
xmen_fn_0023C520,0x0023C520,0x0023C960,1088
xmen_fn_0023C960,0x0023C960,0x0023CC90,816
xmen_fn_0023CC90,0x0023CC90,0x0023CCD0,64
xmen_fn_0023CCD0,0x0023CCD0,0x0023D550,2176
xmen_fn_0023D550,0x0023D550,0x0023D590,64
xmen_fn_0023D590,0x0023D590,0x0023D7F0,608
xmen_fn_0023D7F0,0x0023D7F0,0x0023DDE0,1520
xmen_fn_0023DDE0,0x0023DDE0,0x0023DE90,176
xmen_fn_0023DE90,0x0023DE90,0x0023DF40,176
xmen_fn_0023DF40,0x0023DF40,0x0023E040,256
xmen_fn_0023E040,0x0023E040,0x0023E600,1472
xmen_fn_0023E600,0x0023E600,0x0023E6D0,208
xmen_fn_0023E6D0,0x0023E6D0,0x0023E840,368
xmen_fn_0023E840,0x0023E840,0x002401C0,6528
xmen_fn_002401C0,0x002401C0,0x002404F0,816
xmen_fn_002404F0,0x002404F0,0x00240510,32
xmen_fn_00240510,0x00240510,0x00240D80,2160
xmen_fn_00240D80,0x00240D80,0x002418B0,2864
xmen_fn_002418B0,0x002418B0,0x002418E0,48
xmen_fn_002418E0,0x002418E0,0x00241930,80
xmen_fn_00241930,0x00241930,0x00241960,48
xmen_fn_00241960,0x00241960,0x00241990,48
xmen_fn_00241990,0x00241990,0x002419D0,64
xmen_fn_002419D0,0x002419D0,0x00241DA0,976
xmen_fn_00241DA0,0x00241DA0,0x00241DB0,16
xmen_fn_00241DB0,0x00241DB0,0x00242420,1648
xmen_fn_00242420,0x00242420,0x00242450,48
xmen_fn_00242450,0x00242450,0x00242490,64
xmen_fn_00242490,0x00242490,0x00242500,112
xmen_fn_00242500,0x00242500,0x002425B0,176
xmen_fn_002425B0,0x002425B0,0x00242620,112
xmen_fn_00242620,0x00242620,0x00242D30,1808
xmen_fn_00242D30,0x00242D30,0x00243890,2912
xmen_fn_00243890,0x00243890,0x00243A00,368
xmen_fn_00243A00,0x00243A00,0x002442B0,2224
xmen_fn_002442B0,0x002442B0,0x00244340,144
xmen_fn_00244340,0x00244340,0x00244750,1040
xmen_fn_00244750,0x00244750,0x00244770,32
xmen_fn_00244770,0x00244770,0x00244890,288
xmen_fn_00244890,0x00244890,0x002448F0,96
xmen_fn_002448F0,0x002448F0,0x00244940,80
xmen_fn_00244940,0x00244940,0x00244AB0,368
xmen_fn_00244AB0,0x00244AB0,0x00244AE0,48
xmen_fn_00244AE0,0x00244AE0,0x00244E10,816
xmen_fn_00244E10,0x00244E10,0x00244EA0,144
xmen_fn_00244EA0,0x00244EA0,0x00245020,384
xmen_fn_00245020,0x00245020,0x002457C0,1952
xmen_fn_002457C0,0x002457C0,0x00245FE0,2080
xmen_fn_00245FE0,0x00245FE0,0x00246B70,2960
xmen_fn_00246B70,0x00246B70,0x00246C10,160
xmen_fn_00246C10,0x00246C10,0x00247CC0,4272
xmen_fn_00247CC0,0x00247CC0,0x00247D00,64
xmen_fn_00247D00,0x00247D00,0x00247D10,16
xmen_fn_00247D10,0x00247D10,0x00247DB0,160
xmen_fn_00247DB0,0x00247DB0,0x00247FC0,528
xmen_fn_00247FC0,0x00247FC0,0x00248040,128
xmen_fn_00248040,0x00248040,0x00248080,64
xmen_fn_00248080,0x00248080,0x00248090,16
xmen_fn_00248090,0x00248090,0x00249B40,6832
xmen_fn_00249B40,0x00249B40,0x00249B60,32
xmen_fn_00249B60,0x00249B60,0x00249BA0,64
xmen_fn_00249BA0,0x00249BA0,0x00249C40,160
xmen_fn_00249C40,0x00249C40,0x00249D60,288
xmen_fn_00249D60,0x00249D60,0x00249EB0,336
xmen_fn_00249EB0,0x00249EB0,0x00249F90,224
xmen_fn_00249F90,0x00249F90,0x0024A070,224
xmen_fn_0024A070,0x0024A070,0x0024A0F0,128
xmen_fn_0024A0F0,0x0024A0F0,0x0024A1D0,224
xmen_fn_0024A1D0,0x0024A1D0,0x0024A260,144
xmen_fn_0024A260,0x0024A260,0x0024A390,304
xmen_fn_0024A390,0x0024A390,0x0024A490,256
xmen_fn_0024A490,0x0024A490,0x0024A520,144
xmen_fn_0024A520,0x0024A520,0x0024A6C0,416
xmen_fn_0024A6C0,0x0024A6C0,0x0024A940,640
xmen_fn_0024A940,0x0024A940,0x0024ACA0,864
xmen_fn_0024ACA0,0x0024ACA0,0x0024AE50,432
xmen_fn_0024AE50,0x0024AE50,0x0024AF70,288
xmen_fn_0024AF70,0x0024AF70,0x0024B1F0,640
xmen_fn_0024B1F0,0x0024B1F0,0x0024B210,32
xmen_fn_0024B210,0x0024B210,0x0024B2E0,208
xmen_fn_0024B2E0,0x0024B2E0,0x0024B7A0,1216
xmen_fn_0024B7A0,0x0024B7A0,0x0024BD00,1376
xmen_fn_0024BD00,0x0024BD00,0x0024BD20,32
xmen_fn_0024BD20,0x0024BD20,0x0024BDD0,176
xmen_fn_0024BDD0,0x0024BDD0,0x0024BE80,176
xmen_fn_0024BE80,0x0024BE80,0x0024BF40,192
xmen_fn_0024BF40,0x0024BF40,0x0024D870,6448
xmen_fn_0024D870,0x0024D870,0x0024DA50,480
xmen_fn_0024DA50,0x0024DA50,0x0024DD00,688
xmen_fn_0024DD00,0x0024DD00,0x0024DE00,256
xmen_fn_0024DE00,0x0024DE00,0x0024DEA0,160
xmen_fn_0024DEA0,0x0024DEA0,0x0024DFC0,288
xmen_fn_0024DFC0,0x0024DFC0,0x0024E110,336
xmen_fn_0024E110,0x0024E110,0x0024E1E0,208
xmen_fn_0024E1E0,0x0024E1E0,0x0024E270,144
xmen_fn_0024E270,0x0024E270,0x0024E2B0,64
xmen_fn_0024E2B0,0x0024E2B0,0x0024E350,160
xmen_fn_0024E350,0x0024E350,0x0024E7C0,1136
xmen_fn_0024E7C0,0x0024E7C0,0x0024E910,336
xmen_fn_0024E910,0x0024E910,0x0024EA80,368
xmen_fn_0024EA80,0x0024EA80,0x0024EC40,448
xmen_fn_0024EC40,0x0024EC40,0x0024ECD0,144
xmen_fn_0024ECD0,0x0024ECD0,0x0024ED10,64
xmen_fn_0024ED10,0x0024ED10,0x0024EE60,336
xmen_fn_0024EE60,0x0024EE60,0x0024EFC0,352
xmen_fn_0024EFC0,0x0024EFC0,0x0024F040,128
xmen_fn_0024F040,0x0024F040,0x0024F290,592
xmen_fn_0024F290,0x0024F290,0x0024F2D0,64
xmen_fn_0024F2D0,0x0024F2D0,0x0024F450,384
xmen_fn_0024F450,0x0024F450,0x0024F4D0,128
xmen_fn_0024F4D0,0x0024F4D0,0x0024F6D0,512
xmen_fn_0024F6D0,0x0024F6D0,0x0024F710,64
xmen_fn_0024F710,0x0024F710,0x0024F7F0,224
xmen_fn_0024F7F0,0x0024F7F0,0x0024F8E0,240
xmen_fn_0024F8E0,0x0024F8E0,0x0024FA50,368
xmen_fn_0024FA50,0x0024FA50,0x0024FBD0,384
xmen_fn_0024FBD0,0x0024FBD0,0x0024FC60,144
xmen_fn_0024FC60,0x0024FC60,0x0024FF20,704
xmen_fn_0024FF20,0x0024FF20,0x0024FFB0,144
xmen_fn_0024FFB0,0x0024FFB0,0x0024FFF0,64
xmen_fn_0024FFF0,0x0024FFF0,0x00250090,160
xmen_fn_00250090,0x00250090,0x00250220,400
xmen_fn_00250220,0x00250220,0x002502F0,208
xmen_fn_002502F0,0x002502F0,0x00250390,160
xmen_fn_00250390,0x00250390,0x002504E0,336
xmen_fn_002504E0,0x002504E0,0x00250610,304
xmen_fn_00250610,0x00250610,0x00250790,384
xmen_fn_00250790,0x00250790,0x002507D0,64
xmen_fn_002507D0,0x002507D0,0x00250870,160
xmen_fn_00250870,0x00250870,0x00250A90,544
xmen_fn_00250A90,0x00250A90,0x00250BE0,336
xmen_fn_00250BE0,0x00250BE0,0x00250D20,320
xmen_fn_00250D20,0x00250D20,0x00250E10,240
xmen_fn_00250E10,0x00250E10,0x002510C0,688
xmen_fn_002510C0,0x002510C0,0x002511E0,288
xmen_fn_002511E0,0x002511E0,0x00251260,128
xmen_fn_00251260,0x00251260,0x00251420,448
xmen_fn_00251420,0x00251420,0x00251460,64
xmen_fn_00251460,0x00251460,0x002515D0,368
xmen_fn_002515D0,0x002515D0,0x00251770,416
xmen_fn_00251770,0x00251770,0x002517F0,128
xmen_fn_002517F0,0x002517F0,0x00251870,128
xmen_fn_00251870,0x00251870,0x00251B50,736
xmen_fn_00251B50,0x00251B50,0x00251B90,64
xmen_fn_00251B90,0x00251B90,0x00251C70,224
xmen_fn_00251C70,0x00251C70,0x002520A0,1072
xmen_fn_002520A0,0x002520A0,0x002521B0,272
xmen_fn_002521B0,0x002521B0,0x002522D0,288
xmen_fn_002522D0,0x002522D0,0x00252310,64
xmen_fn_00252310,0x00252310,0x002523B0,160
xmen_fn_002523B0,0x002523B0,0x002525B0,512
xmen_fn_002525B0,0x002525B0,0x00252640,144
xmen_fn_00252640,0x00252640,0x002526D0,144
xmen_fn_002526D0,0x002526D0,0x002527E0,272
xmen_fn_002527E0,0x002527E0,0x00252930,336
xmen_fn_00252930,0x00252930,0x00252B80,592
xmen_fn_00252B80,0x00252B80,0x00252CC0,320
xmen_fn_00252CC0,0x00252CC0,0x00252DA0,224
xmen_fn_00252DA0,0x00252DA0,0x00252E80,224
xmen_fn_00252E80,0x00252E80,0x00252F60,224
xmen_fn_00252F60,0x00252F60,0x00252FE0,128
xmen_fn_00252FE0,0x00252FE0,0x00253020,64
xmen_fn_00253020,0x00253020,0x002530C0,160
xmen_fn_002530C0,0x002530C0,0x00253310,592
xmen_fn_00253310,0x00253310,0x002533F0,224
xmen_fn_002533F0,0x002533F0,0x002536C0,720
xmen_fn_002536C0,0x002536C0,0x00253820,352
xmen_fn_00253820,0x00253820,0x00253B80,864
xmen_fn_00253B80,0x00253B80,0x00253BC0,64
xmen_fn_00253BC0,0x00253BC0,0x00253CA0,224
xmen_fn_00253CA0,0x00253CA0,0x00253D30,144
xmen_fn_00253D30,0x00253D30,0x00253EA0,368
xmen_fn_00253EA0,0x00253EA0,0x00253FD0,304
xmen_fn_00253FD0,0x00253FD0,0x00254010,64
xmen_fn_00254010,0x00254010,0x002540F0,224
xmen_fn_002540F0,0x002540F0,0x00254180,144
xmen_fn_00254180,0x00254180,0x00254290,272
xmen_fn_00254290,0x00254290,0x00254410,384
xmen_fn_00254410,0x00254410,0x00254490,128
xmen_fn_00254490,0x00254490,0x00254570,224
xmen_fn_00254570,0x00254570,0x00254770,512
xmen_fn_00254770,0x00254770,0x00254930,448
xmen_fn_00254930,0x00254930,0x00254A10,224
xmen_fn_00254A10,0x00254A10,0x00254C20,528
xmen_fn_00254C20,0x00254C20,0x00254D00,224
xmen_fn_00254D00,0x00254D00,0x00254EC0,448
xmen_fn_00254EC0,0x00254EC0,0x00255000,320
xmen_fn_00255000,0x00255000,0x002550E0,224
xmen_fn_002550E0,0x002550E0,0x00255250,368
xmen_fn_00255250,0x00255250,0x00255350,256
xmen_fn_00255350,0x00255350,0x00255420,208
xmen_fn_00255420,0x00255420,0x00255540,288
xmen_fn_00255540,0x00255540,0x00255670,304
xmen_fn_00255670,0x00255670,0x002557C0,336
xmen_fn_002557C0,0x002557C0,0x002558F0,304
xmen_fn_002558F0,0x002558F0,0x002559D0,224
xmen_fn_002559D0,0x002559D0,0x00255AE0,272
xmen_fn_00255AE0,0x00255AE0,0x00255C10,304
xmen_fn_00255C10,0x00255C10,0x00255CE0,208
xmen_fn_00255CE0,0x00255CE0,0x00255D70,144
xmen_fn_00255D70,0x00255D70,0x00255E90,288
xmen_fn_00255E90,0x00255E90,0x00255FD0,320
xmen_fn_00255FD0,0x00255FD0,0x002560A0,208
xmen_fn_002560A0,0x002560A0,0x00256130,144
xmen_fn_00256130,0x00256130,0x00256260,304
xmen_fn_00256260,0x00256260,0x00256360,256
xmen_fn_00256360,0x00256360,0x002563A0,64
xmen_fn_002563A0,0x002563A0,0x00256480,224
xmen_fn_00256480,0x00256480,0x00256650,464
xmen_fn_00256650,0x00256650,0x002566F0,160
xmen_fn_002566F0,0x002566F0,0x00256770,128
xmen_fn_00256770,0x00256770,0x00256810,160
xmen_fn_00256810,0x00256810,0x00256970,352
xmen_fn_00256970,0x00256970,0x00256A90,288
xmen_fn_00256A90,0x00256A90,0x00256C20,400
xmen_fn_00256C20,0x00256C20,0x00256D20,256
xmen_fn_00256D20,0x00256D20,0x00256E00,224
xmen_fn_00256E00,0x00256E00,0x00257000,512
xmen_fn_00257000,0x00257000,0x00257280,640
xmen_fn_00257280,0x00257280,0x00257640,960
xmen_fn_00257640,0x00257640,0x002576C0,128
xmen_fn_002576C0,0x002576C0,0x002576E0,32
xmen_fn_002576E0,0x002576E0,0x002576F0,16
xmen_fn_002576F0,0x002576F0,0x00257700,16
xmen_fn_00257700,0x00257700,0x00257710,16
xmen_fn_00257710,0x00257710,0x00257720,16
xmen_fn_00257720,0x00257720,0x002577E0,192
xmen_fn_002577E0,0x002577E0,0x00258690,3760
xmen_fn_00258690,0x00258690,0x00258900,624
xmen_fn_00258900,0x00258900,0x002589B0,176
xmen_fn_002589B0,0x002589B0,0x00258B00,336
xmen_fn_00258B00,0x00258B00,0x00258BA0,160
xmen_fn_00258BA0,0x00258BA0,0x00258C20,128
xmen_fn_00258C20,0x00258C20,0x00258E00,480
xmen_fn_00258E00,0x00258E00,0x00258E40,64
xmen_fn_00258E40,0x00258E40,0x00258F20,224
xmen_fn_00258F20,0x00258F20,0x00259150,560
xmen_fn_00259150,0x00259150,0x00259250,256
xmen_fn_00259250,0x00259250,0x002592D0,128
xmen_fn_002592D0,0x002592D0,0x00259350,128
xmen_fn_00259350,0x00259350,0x002594C0,368
xmen_fn_002594C0,0x002594C0,0x00259640,384
xmen_fn_00259640,0x00259640,0x002598A0,608
xmen_fn_002598A0,0x002598A0,0x00259AA0,512
xmen_fn_00259AA0,0x00259AA0,0x00259E60,960
xmen_fn_00259E60,0x00259E60,0x0025A180,800
xmen_fn_0025A180,0x0025A180,0x0025A2C0,320
xmen_fn_0025A2C0,0x0025A2C0,0x0025A400,320
xmen_fn_0025A400,0x0025A400,0x0025A5C0,448
xmen_fn_0025A5C0,0x0025A5C0,0x0025A7A0,480
xmen_fn_0025A7A0,0x0025A7A0,0x0025AA10,624
xmen_fn_0025AA10,0x0025AA10,0x0025ABF0,480
xmen_fn_0025ABF0,0x0025ABF0,0x0025AE70,640
xmen_fn_0025AE70,0x0025AE70,0x0025B2B0,1088
xmen_fn_0025B2B0,0x0025B2B0,0x0025B320,112
xmen_fn_0025B320,0x0025B320,0x0025B360,64
xmen_fn_0025B360,0x0025B360,0x0025B470,272
xmen_fn_0025B470,0x0025B470,0x0025B520,176
xmen_fn_0025B520,0x0025B520,0x0025B570,80
xmen_fn_0025B570,0x0025B570,0x0025B620,176
xmen_fn_0025B620,0x0025B620,0x0025B710,240
xmen_fn_0025B710,0x0025B710,0x0025B9D0,704
xmen_fn_0025B9D0,0x0025B9D0,0x0025BCB0,736
xmen_fn_0025BCB0,0x0025BCB0,0x0025CB00,3664
xmen_fn_0025CB00,0x0025CB00,0x0025CBC0,192
xmen_fn_0025CBC0,0x0025CBC0,0x0025CC30,112
xmen_fn_0025CC30,0x0025CC30,0x0025D360,1840
xmen_fn_0025D360,0x0025D360,0x0025D3A0,64
xmen_fn_0025D3A0,0x0025D3A0,0x0025D9C0,1568
xmen_fn_0025D9C0,0x0025D9C0,0x0025DA80,192
xmen_fn_0025DA80,0x0025DA80,0x0025DB60,224
xmen_fn_0025DB60,0x0025DB60,0x0025EDD0,4720
xmen_fn_0025EDD0,0x0025EDD0,0x0025EDE0,16
xmen_fn_0025EDE0,0x0025EDE0,0x0025F620,2112
xmen_fn_0025F620,0x0025F620,0x0025FC80,1632
xmen_fn_0025FC80,0x0025FC80,0x002603E0,1888
xmen_fn_002603E0,0x002603E0,0x00260860,1152
xmen_fn_00260860,0x00260860,0x002608D0,112
xmen_fn_002608D0,0x002608D0,0x002608E0,16
xmen_fn_002608E0,0x002608E0,0x00260970,144
xmen_fn_00260970,0x00260970,0x00260A60,240
xmen_fn_00260A60,0x00260A60,0x00260B80,288
xmen_fn_00260B80,0x00260B80,0x00260BD0,80
xmen_fn_00260BD0,0x00260BD0,0x00260BE0,16
xmen_fn_00260BE0,0x00260BE0,0x00260C60,128
xmen_fn_00260C60,0x00260C60,0x00260CE0,128
xmen_fn_00260CE0,0x00260CE0,0x00260E70,400
xmen_fn_00260E70,0x00260E70,0x00260F40,208
xmen_fn_00260F40,0x00260F40,0x00260FE0,160
xmen_fn_00260FE0,0x00260FE0,0x00261090,176
xmen_fn_00261090,0x00261090,0x00261640,1456
xmen_fn_00261640,0x00261640,0x00261750,272
xmen_fn_00261750,0x00261750,0x00261760,16
xmen_fn_00261760,0x00261760,0x00261780,32
xmen_fn_00261780,0x00261780,0x00261C20,1184
xmen_fn_00261C20,0x00261C20,0x00261CC0,160
xmen_fn_00261CC0,0x00261CC0,0x00262120,1120
xmen_fn_00262120,0x00262120,0x00262220,256
xmen_fn_00262220,0x00262220,0x00262240,32
xmen_fn_00262240,0x00262240,0x00262280,64
xmen_fn_00262280,0x00262280,0x00262550,720
xmen_fn_00262550,0x00262550,0x00262620,208
xmen_fn_00262620,0x00262620,0x00262C30,1552
xmen_fn_00262C30,0x00262C30,0x00262F30,768
xmen_fn_00262F30,0x00262F30,0x00263250,800
xmen_fn_00263250,0x00263250,0x00263350,256
xmen_fn_00263350,0x00263350,0x00263550,512
xmen_fn_00263550,0x00263550,0x00263980,1072
xmen_fn_00263980,0x00263980,0x00263990,16
xmen_fn_00263990,0x00263990,0x00263CC0,816
xmen_fn_00263CC0,0x00263CC0,0x00263DE0,288
xmen_fn_00263DE0,0x00263DE0,0x00263E80,160
xmen_fn_00263E80,0x00263E80,0x00263EA0,32
xmen_fn_00263EA0,0x00263EA0,0x00263ED0,48
xmen_fn_00263ED0,0x00263ED0,0x00263F00,48
xmen_fn_00263F00,0x00263F00,0x00264300,1024
xmen_fn_00264300,0x00264300,0x002644F0,496
xmen_fn_002644F0,0x002644F0,0x00264530,64
xmen_fn_00264530,0x00264530,0x00264570,64
xmen_fn_00264570,0x00264570,0x002645F0,128
xmen_fn_002645F0,0x002645F0,0x00264670,128
xmen_fn_00264670,0x00264670,0x00264690,32
xmen_fn_00264690,0x00264690,0x002646B0,32
xmen_fn_002646B0,0x002646B0,0x00264830,384
xmen_fn_00264830,0x00264830,0x002648A0,112
xmen_fn_002648A0,0x002648A0,0x00264910,112
xmen_fn_00264910,0x00264910,0x00264930,32
xmen_fn_00264930,0x00264930,0x00264970,64
xmen_fn_00264970,0x00264970,0x00264990,32
xmen_fn_00264990,0x00264990,0x002649F0,96
xmen_fn_002649F0,0x002649F0,0x00264A20,48
xmen_fn_00264A20,0x00264A20,0x00264EB0,1168
xmen_fn_00264EB0,0x00264EB0,0x00264F90,224
xmen_fn_00264F90,0x00264F90,0x00264FC0,48
xmen_fn_00264FC0,0x00264FC0,0x00265110,336
xmen_fn_00265110,0x00265110,0x00265340,560
xmen_fn_00265340,0x00265340,0x00265610,720
xmen_fn_00265610,0x00265610,0x00266290,3200
xmen_fn_00266290,0x00266290,0x002662C0,48
xmen_fn_002662C0,0x002662C0,0x00266300,64
xmen_fn_00266300,0x00266300,0x00266370,112
xmen_fn_00266370,0x00266370,0x002663E0,112
xmen_fn_002663E0,0x002663E0,0x002664C0,224
xmen_fn_002664C0,0x002664C0,0x00266D10,2128
xmen_fn_00266D10,0x00266D10,0x002699B0,11424
xmen_fn_002699B0,0x002699B0,0x00269B00,336
xmen_fn_00269B00,0x00269B00,0x0026A5D0,2768
xmen_fn_0026A5D0,0x0026A5D0,0x0026A660,144
xmen_fn_0026A660,0x0026A660,0x0026B6D0,4208
xmen_fn_0026B6D0,0x0026B6D0,0x0026B740,112
xmen_fn_0026B740,0x0026B740,0x0026B780,64
xmen_fn_0026B780,0x0026B780,0x0026B7F0,112
xmen_fn_0026B7F0,0x0026B7F0,0x0026B860,112
xmen_fn_0026B860,0x0026B860,0x0026B900,160
xmen_fn_0026B900,0x0026B900,0x0026B950,80
xmen_fn_0026B950,0x0026B950,0x0026B980,48
xmen_fn_0026B980,0x0026B980,0x0026B9B0,48
xmen_fn_0026B9B0,0x0026B9B0,0x0026BA30,128
xmen_fn_0026BA30,0x0026BA30,0x0026BA40,16
xmen_fn_0026BA40,0x0026BA40,0x0026BB70,304
xmen_fn_0026BB70,0x0026BB70,0x0026BC30,192
xmen_fn_0026BC30,0x0026BC30,0x0026C820,3056
xmen_fn_0026C820,0x0026C820,0x0026C950,304
xmen_fn_0026C950,0x0026C950,0x0026CA50,256
xmen_fn_0026CA50,0x0026CA50,0x0026CA60,16
xmen_fn_0026CA60,0x0026CA60,0x0026CA70,16
xmen_fn_0026CA70,0x0026CA70,0x0026CA80,16
xmen_fn_0026CA80,0x0026CA80,0x0026CA90,16
xmen_fn_0026CA90,0x0026CA90,0x0026CAA0,16
xmen_fn_0026CAA0,0x0026CAA0,0x0026CAB0,16
xmen_fn_0026CAB0,0x0026CAB0,0x0026D190,1760
xmen_fn_0026D190,0x0026D190,0x0026DA20,2192
xmen_fn_0026DA20,0x0026DA20,0x0026DB00,224
xmen_fn_0026DB00,0x0026DB00,0x0026DEF0,1008
xmen_fn_0026DEF0,0x0026DEF0,0x0026E200,784
xmen_fn_0026E200,0x0026E200,0x0026E330,304
xmen_fn_0026E330,0x0026E330,0x0026EFB0,3200
xmen_fn_0026EFB0,0x0026EFB0,0x0026F0D0,288
xmen_fn_0026F0D0,0x0026F0D0,0x0026F190,192
xmen_fn_0026F190,0x0026F190,0x0026F1F0,96
xmen_fn_0026F1F0,0x0026F1F0,0x0026F210,32
xmen_fn_0026F210,0x0026F210,0x0026F270,96
xmen_fn_0026F270,0x0026F270,0x0026F360,240
xmen_fn_0026F360,0x0026F360,0x0026FEF0,2960
xmen_fn_0026FEF0,0x0026FEF0,0x00270080,400
xmen_fn_00270080,0x00270080,0x002702A0,544
xmen_fn_002702A0,0x002702A0,0x00270520,640
xmen_fn_00270520,0x00270520,0x00270660,320
xmen_fn_00270660,0x00270660,0x00270950,752
xmen_fn_00270950,0x00270950,0x002709D0,128
xmen_fn_002709D0,0x002709D0,0x00270A00,48
xmen_fn_00270A00,0x00270A00,0x00270A40,64
xmen_fn_00270A40,0x00270A40,0x00270A70,48
xmen_fn_00270A70,0x00270A70,0x00270C50,480
xmen_fn_00270C50,0x00270C50,0x00271120,1232
xmen_fn_00271120,0x00271120,0x002711A0,128
xmen_fn_002711A0,0x002711A0,0x00271280,224
xmen_fn_00271280,0x00271280,0x002712A0,32
xmen_fn_002712A0,0x002712A0,0x002712C0,32
xmen_fn_002712C0,0x002712C0,0x002712E0,32
xmen_fn_002712E0,0x002712E0,0x00271300,32
xmen_fn_00271300,0x00271300,0x00271340,64
xmen_fn_00271340,0x00271340,0x00271620,736
xmen_fn_00271620,0x00271620,0x00271680,96
xmen_fn_00271680,0x00271680,0x00271810,400
xmen_fn_00271810,0x00271810,0x002719A0,400
xmen_fn_002719A0,0x002719A0,0x00271B40,416
xmen_fn_00271B40,0x00271B40,0x00271CC0,384
xmen_fn_00271CC0,0x00271CC0,0x00271D50,144
xmen_fn_00271D50,0x00271D50,0x00271EB0,352
xmen_fn_00271EB0,0x00271EB0,0x00271FF0,320
xmen_fn_00271FF0,0x00271FF0,0x00273470,5248
xmen_fn_00273470,0x00273470,0x002735B0,320
xmen_fn_002735B0,0x002735B0,0x00273710,352
xmen_fn_00273710,0x00273710,0x002738D0,448
xmen_fn_002738D0,0x002738D0,0x00273910,64
xmen_fn_00273910,0x00273910,0x00273960,80
xmen_fn_00273960,0x00273960,0x00273A70,272
xmen_fn_00273A70,0x00273A70,0x00273A80,16
xmen_fn_00273A80,0x00273A80,0x00273B50,208
xmen_fn_00273B50,0x00273B50,0x00273C30,224
xmen_fn_00273C30,0x00273C30,0x00273FC0,912
xmen_fn_00273FC0,0x00273FC0,0x00273FE0,32
xmen_fn_00273FE0,0x00273FE0,0x002740A0,192
xmen_fn_002740A0,0x002740A0,0x00274150,176
xmen_fn_00274150,0x00274150,0x00274200,176
xmen_fn_00274200,0x00274200,0x002744B0,688
xmen_fn_002744B0,0x002744B0,0x00274760,688
xmen_fn_00274760,0x00274760,0x00274970,528
xmen_fn_00274970,0x00274970,0x00274F90,1568
xmen_fn_00274F90,0x00274F90,0x002750E0,336
xmen_fn_002750E0,0x002750E0,0x00277060,8064
xmen_fn_00277060,0x00277060,0x00277110,176
xmen_fn_00277110,0x00277110,0x00277360,592
xmen_fn_00277360,0x00277360,0x002775A0,576
xmen_fn_002775A0,0x002775A0,0x00277820,640
xmen_fn_00277820,0x00277820,0x00277990,368
xmen_fn_00277990,0x00277990,0x00277A80,240
xmen_fn_00277A80,0x00277A80,0x00277BD0,336
xmen_fn_00277BD0,0x00277BD0,0x00277D20,336
xmen_fn_00277D20,0x00277D20,0x00277F50,560
xmen_fn_00277F50,0x00277F50,0x00278070,288
xmen_fn_00278070,0x00278070,0x00278130,192
xmen_fn_00278130,0x00278130,0x002781A0,112
xmen_fn_002781A0,0x002781A0,0x002784E0,832
xmen_fn_002784E0,0x002784E0,0x00278510,48
xmen_fn_00278510,0x00278510,0x00278F20,2576
xmen_fn_00278F20,0x00278F20,0x00279950,2608
xmen_fn_00279950,0x00279950,0x0027AD20,5072
xmen_fn_0027AD20,0x0027AD20,0x0027AE20,256
xmen_fn_0027AE20,0x0027AE20,0x0027AEE0,192
xmen_fn_0027AEE0,0x0027AEE0,0x0027B360,1152
xmen_fn_0027B360,0x0027B360,0x0027B490,304
xmen_fn_0027B490,0x0027B490,0x0027B620,400
xmen_fn_0027B620,0x0027B620,0x0027B650,48
xmen_fn_0027B650,0x0027B650,0x0027B690,64
xmen_fn_0027B690,0x0027B690,0x0027B6D0,64
xmen_fn_0027B6D0,0x0027B6D0,0x0027B730,96
xmen_fn_0027B730,0x0027B730,0x0027B7A0,112
xmen_fn_0027B7A0,0x0027B7A0,0x0027B830,144
xmen_fn_0027B830,0x0027B830,0x0027B950,288
xmen_fn_0027B950,0x0027B950,0x0027B9F0,160
xmen_fn_0027B9F0,0x0027B9F0,0x0027BC90,672
xmen_fn_0027BC90,0x0027BC90,0x0027BD80,240
xmen_fn_0027BD80,0x0027BD80,0x0027BDC0,64
xmen_fn_0027BDC0,0x0027BDC0,0x0027BE80,192
xmen_fn_0027BE80,0x0027BE80,0x0027BEA0,32
xmen_fn_0027BEA0,0x0027BEA0,0x0027BEC0,32
xmen_fn_0027BEC0,0x0027BEC0,0x0027BF70,176
xmen_fn_0027BF70,0x0027BF70,0x0027C020,176
xmen_fn_0027C020,0x0027C020,0x0027C090,112
xmen_fn_0027C090,0x0027C090,0x0027C100,112
xmen_fn_0027C100,0x0027C100,0x0027C1F0,240
xmen_fn_0027C1F0,0x0027C1F0,0x0027C260,112
xmen_fn_0027C260,0x0027C260,0x0027C390,304
xmen_fn_0027C390,0x0027C390,0x0027C3F0,96
xmen_fn_0027C3F0,0x0027C3F0,0x0027C4C0,208
xmen_fn_0027C4C0,0x0027C4C0,0x0027C520,96
xmen_fn_0027C520,0x0027C520,0x0027C550,48
xmen_fn_0027C550,0x0027C550,0x0027C610,192
xmen_fn_0027C610,0x0027C610,0x0027C670,96
xmen_fn_0027C670,0x0027C670,0x0027C6A0,48
xmen_fn_0027C6A0,0x0027C6A0,0x0027CDB0,1808
xmen_fn_0027CDB0,0x0027CDB0,0x0027CDD0,32
xmen_fn_0027CDD0,0x0027CDD0,0x0027D190,960
xmen_fn_0027D190,0x0027D190,0x0027DED0,3392
xmen_fn_0027DED0,0x0027DED0,0x0027E380,1200
xmen_fn_0027E380,0x0027E380,0x0027F760,5088
xmen_fn_0027F760,0x0027F760,0x0027F7A0,64
xmen_fn_0027F7A0,0x0027F7A0,0x0027F830,144
xmen_fn_0027F830,0x0027F830,0x00280CC0,5264
xmen_fn_00280CC0,0x00280CC0,0x00280F30,624
xmen_fn_00280F30,0x00280F30,0x00281040,272
xmen_fn_00281040,0x00281040,0x00281170,304
xmen_fn_00281170,0x00281170,0x002811C0,80
xmen_fn_002811C0,0x002811C0,0x00281400,576
xmen_fn_00281400,0x00281400,0x002816A0,672
xmen_fn_002816A0,0x002816A0,0x00281730,144
xmen_fn_00281730,0x00281730,0x002818D0,416
xmen_fn_002818D0,0x002818D0,0x002818E0,16
xmen_fn_002818E0,0x002818E0,0x002820B0,2000
xmen_fn_002820B0,0x002820B0,0x002822C0,528
xmen_fn_002822C0,0x002822C0,0x002824B0,496
xmen_fn_002824B0,0x002824B0,0x002828C0,1040
xmen_fn_002828C0,0x002828C0,0x00282C60,928
xmen_fn_00282C60,0x00282C60,0x00282D40,224
xmen_fn_00282D40,0x00282D40,0x002833C0,1664
xmen_fn_002833C0,0x002833C0,0x00283420,96
xmen_fn_00283420,0x00283420,0x002834C0,160
xmen_fn_002834C0,0x002834C0,0x002835A0,224
xmen_fn_002835A0,0x002835A0,0x002835D0,48
xmen_fn_002835D0,0x002835D0,0x00283650,128
xmen_fn_00283650,0x00283650,0x00283660,16
xmen_fn_00283660,0x00283660,0x00283740,224
xmen_fn_00283740,0x00283740,0x00283A40,768
xmen_fn_00283A40,0x00283A40,0x00283B70,304
xmen_fn_00283B70,0x00283B70,0x00283DB0,576
xmen_fn_00283DB0,0x00283DB0,0x00283E30,128
xmen_fn_00283E30,0x00283E30,0x00284040,528
xmen_fn_00284040,0x00284040,0x00284050,16
xmen_fn_00284050,0x00284050,0x00284340,752
xmen_fn_00284340,0x00284340,0x00284480,320
xmen_fn_00284480,0x00284480,0x00285110,3216
xmen_fn_00285110,0x00285110,0x00285760,1616
xmen_fn_00285760,0x00285760,0x00285B50,1008
xmen_fn_00285B50,0x00285B50,0x00285D60,528
xmen_fn_00285D60,0x00285D60,0x00286250,1264
xmen_fn_00286250,0x00286250,0x00286F50,3328
xmen_fn_00286F50,0x00286F50,0x002871F0,672
xmen_fn_002871F0,0x002871F0,0x00287200,16
xmen_fn_00287200,0x00287200,0x00287230,48
xmen_fn_00287230,0x00287230,0x00287340,272
xmen_fn_00287340,0x00287340,0x00287770,1072
xmen_fn_00287770,0x00287770,0x00287C80,1296
xmen_fn_00287C80,0x00287C80,0x00288CB0,4144
xmen_fn_00288CB0,0x00288CB0,0x00288CE0,48
xmen_fn_00288CE0,0x00288CE0,0x00288CF0,16
xmen_fn_00288CF0,0x00288CF0,0x00288D00,16
xmen_fn_00288D00,0x00288D00,0x00288D40,64
xmen_fn_00288D40,0x00288D40,0x00288D50,16
xmen_fn_00288D50,0x00288D50,0x00288FD0,640
xmen_fn_00288FD0,0x00288FD0,0x00288FF0,32
xmen_fn_00288FF0,0x00288FF0,0x00289290,672
xmen_fn_00289290,0x00289290,0x00289530,672
xmen_fn_00289530,0x00289530,0x00289590,96
xmen_fn_00289590,0x00289590,0x002895A0,16
xmen_fn_002895A0,0x002895A0,0x002898C0,800
xmen_fn_002898C0,0x002898C0,0x002898E0,32
xmen_fn_002898E0,0x002898E0,0x00289960,128
xmen_fn_00289960,0x00289960,0x0028B400,6816
xmen_fn_0028B400,0x0028B400,0x0028B460,96
xmen_fn_0028B460,0x0028B460,0x0028DEE0,10880
xmen_fn_0028DEE0,0x0028DEE0,0x0028DF20,64
xmen_fn_0028DF20,0x0028DF20,0x0028DFC0,160
xmen_fn_0028DFC0,0x0028DFC0,0x0028E0A0,224
xmen_fn_0028E0A0,0x0028E0A0,0x0028E0E0,64
xmen_fn_0028E0E0,0x0028E0E0,0x0028E1C0,224
xmen_fn_0028E1C0,0x0028E1C0,0x0028E2E0,288
xmen_fn_0028E2E0,0x0028E2E0,0x0028E410,304
xmen_fn_0028E410,0x0028E410,0x0028E590,384
xmen_fn_0028E590,0x0028E590,0x0028E6F0,352
xmen_fn_0028E6F0,0x0028E6F0,0x0028E850,352
xmen_fn_0028E850,0x0028E850,0x0028E9B0,352
xmen_fn_0028E9B0,0x0028E9B0,0x0028EB10,352
xmen_fn_0028EB10,0x0028EB10,0x0028EC70,352
xmen_fn_0028EC70,0x0028EC70,0x0028ED90,288
xmen_fn_0028ED90,0x0028ED90,0x0028EEF0,352
xmen_fn_0028EEF0,0x0028EEF0,0x0028EF30,64
xmen_fn_0028EF30,0x0028EF30,0x0028EFC0,144
xmen_fn_0028EFC0,0x0028EFC0,0x0028F140,384
xmen_fn_0028F140,0x0028F140,0x0028F220,224
xmen_fn_0028F220,0x0028F220,0x0028F2B0,144
xmen_fn_0028F2B0,0x0028F2B0,0x0028F390,224
xmen_fn_0028F390,0x0028F390,0x0028F4E0,336
xmen_fn_0028F4E0,0x0028F4E0,0x0028F570,144
xmen_fn_0028F570,0x0028F570,0x0028F7D0,608
xmen_fn_0028F7D0,0x0028F7D0,0x0028F930,352
xmen_fn_0028F930,0x0028F930,0x0028F970,64
xmen_fn_0028F970,0x0028F970,0x0028FA40,208
xmen_fn_0028FA40,0x0028FA40,0x0028FAD0,144
xmen_fn_0028FAD0,0x0028FAD0,0x0028FBA0,208
xmen_fn_0028FBA0,0x0028FBA0,0x0028FC30,144
xmen_fn_0028FC30,0x0028FC30,0x0028FD00,208
xmen_fn_0028FD00,0x0028FD00,0x0028FD90,144
xmen_fn_0028FD90,0x0028FD90,0x0028FE60,208
xmen_fn_0028FE60,0x0028FE60,0x0028FEF0,144
xmen_fn_0028FEF0,0x0028FEF0,0x0028FFC0,208
xmen_fn_0028FFC0,0x0028FFC0,0x00290050,144
xmen_fn_00290050,0x00290050,0x00290120,208
xmen_fn_00290120,0x00290120,0x002901B0,144
xmen_fn_002901B0,0x002901B0,0x00290280,208
xmen_fn_00290280,0x00290280,0x00290310,144
xmen_fn_00290310,0x00290310,0x002903E0,208
xmen_fn_002903E0,0x002903E0,0x00290470,144
xmen_fn_00290470,0x00290470,0x00290540,208
xmen_fn_00290540,0x00290540,0x002905D0,144
xmen_fn_002905D0,0x002905D0,0x002906A0,208
xmen_fn_002906A0,0x002906A0,0x00290730,144
xmen_fn_00290730,0x00290730,0x00290800,208
xmen_fn_00290800,0x00290800,0x00290890,144
xmen_fn_00290890,0x00290890,0x00290960,208
xmen_fn_00290960,0x00290960,0x002909F0,144
xmen_fn_002909F0,0x002909F0,0x00290AD0,224
xmen_fn_00290AD0,0x00290AD0,0x00290C20,336
xmen_fn_00290C20,0x00290C20,0x00290C60,64
xmen_fn_00290C60,0x00290C60,0x00290D40,224
xmen_fn_00290D40,0x00290D40,0x00290E90,336
xmen_fn_00290E90,0x00290E90,0x00290F60,208
xmen_fn_00290F60,0x00290F60,0x002910B0,336
xmen_fn_002910B0,0x002910B0,0x00291190,224
xmen_fn_00291190,0x00291190,0x002912E0,336
xmen_fn_002912E0,0x002912E0,0x002913C0,224
xmen_fn_002913C0,0x002913C0,0x00291450,144
xmen_fn_00291450,0x00291450,0x00291490,64
xmen_fn_00291490,0x00291490,0x00291570,224
xmen_fn_00291570,0x00291570,0x002916C0,336
xmen_fn_002916C0,0x002916C0,0x00291790,208
xmen_fn_00291790,0x00291790,0x002918E0,336
xmen_fn_002918E0,0x002918E0,0x00291920,64
xmen_fn_00291920,0x00291920,0x00291970,80
xmen_fn_00291970,0x00291970,0x00291A00,144
xmen_fn_00291A00,0x00291A00,0x00291D20,800
xmen_fn_00291D20,0x00291D20,0x00291DF0,208
xmen_fn_00291DF0,0x00291DF0,0x00291F00,272
xmen_fn_00291F00,0x00291F00,0x00292220,800
xmen_fn_00292220,0x00292220,0x002923F0,464
xmen_fn_002923F0,0x002923F0,0x002928B0,1216
xmen_fn_002928B0,0x002928B0,0x00292B10,608
xmen_fn_00292B10,0x00292B10,0x00292BB0,160
xmen_fn_00292BB0,0x00292BB0,0x00292C60,176
xmen_fn_00292C60,0x00292C60,0x00293100,1184
xmen_fn_00293100,0x00293100,0x00293180,128
xmen_fn_00293180,0x00293180,0x00293940,1984
xmen_fn_00293940,0x00293940,0x00293C20,736
xmen_fn_00293C20,0x00293C20,0x00294360,1856
xmen_fn_00294360,0x00294360,0x002943B0,80
xmen_fn_002943B0,0x002943B0,0x002945B0,512
xmen_fn_002945B0,0x002945B0,0x002956B0,4352
xmen_fn_002956B0,0x002956B0,0x00295840,400
xmen_fn_00295840,0x00295840,0x00295E10,1488
xmen_fn_00295E10,0x00295E10,0x00296930,2848
xmen_fn_00296930,0x00296930,0x00296B50,544
xmen_fn_00296B50,0x00296B50,0x00296BA0,80
xmen_fn_00296BA0,0x00296BA0,0x00296BF0,80
xmen_fn_00296BF0,0x00296BF0,0x00296C10,32
xmen_fn_00296C10,0x00296C10,0x00296C30,32
xmen_fn_00296C30,0x00296C30,0x00296C50,32
xmen_fn_00296C50,0x00296C50,0x00296C70,32
xmen_fn_00296C70,0x00296C70,0x00296C90,32
xmen_fn_00296C90,0x00296C90,0x00296D00,112
xmen_fn_00296D00,0x00296D00,0x00296D70,112
xmen_fn_00296D70,0x00296D70,0x00296DE0,112
xmen_fn_00296DE0,0x00296DE0,0x00296E20,64
xmen_fn_00296E20,0x00296E20,0x00296E60,64
xmen_fn_00296E60,0x00296E60,0x00296EA0,64
xmen_fn_00296EA0,0x00296EA0,0x00296EE0,64
xmen_fn_00296EE0,0x00296EE0,0x00296F20,64
xmen_fn_00296F20,0x00296F20,0x00296F60,64
xmen_fn_00296F60,0x00296F60,0x00296FA0,64
xmen_fn_00296FA0,0x00296FA0,0x00296FE0,64
xmen_fn_00296FE0,0x00296FE0,0x00297020,64
xmen_fn_00297020,0x00297020,0x00297070,80
xmen_fn_00297070,0x00297070,0x002970E0,112
xmen_fn_002970E0,0x002970E0,0x00297130,80
xmen_fn_00297130,0x00297130,0x002971A0,112
xmen_fn_002971A0,0x002971A0,0x002971F0,80
xmen_fn_002971F0,0x002971F0,0x00297280,144
xmen_fn_00297280,0x00297280,0x002972D0,80
xmen_fn_002972D0,0x002972D0,0x00297320,80
xmen_fn_00297320,0x00297320,0x00297370,80
xmen_fn_00297370,0x00297370,0x00297380,16
xmen_fn_00297380,0x00297380,0x002973D0,80
xmen_fn_002973D0,0x002973D0,0x00297470,160
xmen_fn_00297470,0x00297470,0x002974F0,128
xmen_fn_002974F0,0x002974F0,0x002976D0,480
xmen_fn_002976D0,0x002976D0,0x002978F0,544
xmen_fn_002978F0,0x002978F0,0x00297DF0,1280
xmen_fn_00297DF0,0x00297DF0,0x00297EB0,192
xmen_fn_00297EB0,0x00297EB0,0x00297F10,96
xmen_fn_00297F10,0x00297F10,0x00297F30,32
xmen_fn_00297F30,0x00297F30,0x00297F50,32
xmen_fn_00297F50,0x00297F50,0x00298080,304
xmen_fn_00298080,0x00298080,0x002980D0,80
xmen_fn_002980D0,0x002980D0,0x002980F0,32
xmen_fn_002980F0,0x002980F0,0x002981C0,208
xmen_fn_002981C0,0x002981C0,0x00298290,208
xmen_fn_00298290,0x00298290,0x00298310,128
xmen_fn_00298310,0x00298310,0x00298390,128
xmen_fn_00298390,0x00298390,0x00298500,368
xmen_fn_00298500,0x00298500,0x00298670,368
xmen_fn_00298670,0x00298670,0x00298AB0,1088
xmen_fn_00298AB0,0x00298AB0,0x00298B30,128
xmen_fn_00298B30,0x00298B30,0x00298C20,240
xmen_fn_00298C20,0x00298C20,0x00298CD0,176
xmen_fn_00298CD0,0x00298CD0,0x00298D90,192
xmen_fn_00298D90,0x00298D90,0x00298ED0,320
xmen_fn_00298ED0,0x00298ED0,0x002991F0,800
xmen_fn_002991F0,0x002991F0,0x00299500,784
xmen_fn_00299500,0x00299500,0x00299860,864
xmen_fn_00299860,0x00299860,0x00299960,256
xmen_fn_00299960,0x00299960,0x00299BC0,608
xmen_fn_00299BC0,0x00299BC0,0x00299C90,208
xmen_fn_00299C90,0x00299C90,0x0029A0C0,1072
xmen_fn_0029A0C0,0x0029A0C0,0x0029A420,864
xmen_fn_0029A420,0x0029A420,0x0029A4F0,208
xmen_fn_0029A4F0,0x0029A4F0,0x0029A5D0,224
xmen_fn_0029A5D0,0x0029A5D0,0x0029A6B0,224
xmen_fn_0029A6B0,0x0029A6B0,0x0029A8D0,544
xmen_fn_0029A8D0,0x0029A8D0,0x0029A9A0,208
xmen_fn_0029A9A0,0x0029A9A0,0x0029AA50,176
xmen_fn_0029AA50,0x0029AA50,0x0029AB70,288
xmen_fn_0029AB70,0x0029AB70,0x0029AD80,528
xmen_fn_0029AD80,0x0029AD80,0x0029AE90,272
xmen_fn_0029AE90,0x0029AE90,0x0029AF70,224
xmen_fn_0029AF70,0x0029AF70,0x0029AFB0,64
xmen_fn_0029AFB0,0x0029AFB0,0x0029AFF0,64
xmen_fn_0029AFF0,0x0029AFF0,0x0029B030,64
xmen_fn_0029B030,0x0029B030,0x0029B0E0,176
xmen_fn_0029B0E0,0x0029B0E0,0x0029B130,80
xmen_fn_0029B130,0x0029B130,0x0029B1A0,112
xmen_fn_0029B1A0,0x0029B1A0,0x0029B2D0,304
xmen_fn_0029B2D0,0x0029B2D0,0x0029B390,192
xmen_fn_0029B390,0x0029B390,0x0029B720,912
xmen_fn_0029B720,0x0029B720,0x0029BE30,1808
xmen_fn_0029BE30,0x0029BE30,0x0029BEA0,112
xmen_fn_0029BEA0,0x0029BEA0,0x0029C650,1968
xmen_fn_0029C650,0x0029C650,0x0029C820,464
xmen_fn_0029C820,0x0029C820,0x0029C8D0,176
xmen_fn_0029C8D0,0x0029C8D0,0x0029C9F0,288
xmen_fn_0029C9F0,0x0029C9F0,0x0029CB10,288
xmen_fn_0029CB10,0x0029CB10,0x0029CCA0,400
xmen_fn_0029CCA0,0x0029CCA0,0x0029CDC0,288
xmen_fn_0029CDC0,0x0029CDC0,0x0029CEE0,288
xmen_fn_0029CEE0,0x0029CEE0,0x0029CFE0,256
xmen_fn_0029CFE0,0x0029CFE0,0x0029D0C0,224
xmen_fn_0029D0C0,0x0029D0C0,0x0029D2A0,480
xmen_fn_0029D2A0,0x0029D2A0,0x0029D480,480
xmen_fn_0029D480,0x0029D480,0x0029D660,480
xmen_fn_0029D660,0x0029D660,0x0029D840,480
xmen_fn_0029D840,0x0029D840,0x0029DA70,560
xmen_fn_0029DA70,0x0029DA70,0x0029DC00,400
xmen_fn_0029DC00,0x0029DC00,0x0029DD50,336
xmen_fn_0029DD50,0x0029DD50,0x0029DF90,576
xmen_fn_0029DF90,0x0029DF90,0x0029E190,512
xmen_fn_0029E190,0x0029E190,0x0029E390,512
xmen_fn_0029E390,0x0029E390,0x0029E650,704
xmen_fn_0029E650,0x0029E650,0x0029E8D0,640
xmen_fn_0029E8D0,0x0029E8D0,0x0029EAA0,464
xmen_fn_0029EAA0,0x0029EAA0,0x0029EC90,496
xmen_fn_0029EC90,0x0029EC90,0x0029EDB0,288
xmen_fn_0029EDB0,0x0029EDB0,0x0029EE90,224
xmen_fn_0029EE90,0x0029EE90,0x0029EF90,256
xmen_fn_0029EF90,0x0029EF90,0x0029F070,224
xmen_fn_0029F070,0x0029F070,0x0029F250,480
xmen_fn_0029F250,0x0029F250,0x0029F2E0,144
xmen_fn_0029F2E0,0x0029F2E0,0x0029F3C0,224
xmen_fn_0029F3C0,0x0029F3C0,0x0029F450,144
xmen_fn_0029F450,0x0029F450,0x0029F530,224
xmen_fn_0029F530,0x0029F530,0x0029F600,208
xmen_fn_0029F600,0x0029F600,0x0029F6F0,240
xmen_fn_0029F6F0,0x0029F6F0,0x0029F880,400
xmen_fn_0029F880,0x0029F880,0x0029F9A0,288
xmen_fn_0029F9A0,0x0029F9A0,0x0029FA30,144
xmen_fn_0029FA30,0x0029FA30,0x0029FAC0,144
xmen_fn_0029FAC0,0x0029FAC0,0x0029FCB0,496
xmen_fn_0029FCB0,0x0029FCB0,0x0029FE50,416
xmen_fn_0029FE50,0x0029FE50,0x0029FF70,288
xmen_fn_0029FF70,0x0029FF70,0x002A0000,144
xmen_fn_002A0000,0x002A0000,0x002A0090,144
xmen_fn_002A0090,0x002A0090,0x002A0190,256
xmen_fn_002A0190,0x002A0190,0x002A02D0,320
xmen_fn_002A02D0,0x002A02D0,0x002A04B0,480
xmen_fn_002A04B0,0x002A04B0,0x002A05B0,256
xmen_fn_002A05B0,0x002A05B0,0x002A0730,384
xmen_fn_002A0730,0x002A0730,0x002A0950,544
xmen_fn_002A0950,0x002A0950,0x002A0B70,544
xmen_fn_002A0B70,0x002A0B70,0x002A0CA0,304
xmen_fn_002A0CA0,0x002A0CA0,0x002A0E20,384
xmen_fn_002A0E20,0x002A0E20,0x002A1030,528
xmen_fn_002A1030,0x002A1030,0x002A12A0,624
xmen_fn_002A12A0,0x002A12A0,0x002A1420,384
xmen_fn_002A1420,0x002A1420,0x002A1460,64
xmen_fn_002A1460,0x002A1460,0x002A1590,304
xmen_fn_002A1590,0x002A1590,0x002A1610,128
xmen_fn_002A1610,0x002A1610,0x002A1750,320
xmen_fn_002A1750,0x002A1750,0x002A1790,64
xmen_fn_002A1790,0x002A1790,0x002A1870,224
xmen_fn_002A1870,0x002A1870,0x002A1900,144
xmen_fn_002A1900,0x002A1900,0x002A19A0,160
xmen_fn_002A19A0,0x002A19A0,0x002A1A20,128
xmen_fn_002A1A20,0x002A1A20,0x002A1A60,64
xmen_fn_002A1A60,0x002A1A60,0x002A1BE0,384
xmen_fn_002A1BE0,0x002A1BE0,0x002A1D20,320
xmen_fn_002A1D20,0x002A1D20,0x002A1EA0,384
xmen_fn_002A1EA0,0x002A1EA0,0x002A20B0,528
xmen_fn_002A20B0,0x002A20B0,0x002A21E0,304
xmen_fn_002A21E0,0x002A21E0,0x002A2340,352
xmen_fn_002A2340,0x002A2340,0x002A2570,560
xmen_fn_002A2570,0x002A2570,0x002A2690,288
xmen_fn_002A2690,0x002A2690,0x002A27B0,288
xmen_fn_002A27B0,0x002A27B0,0x002A2840,144
xmen_fn_002A2840,0x002A2840,0x002A28D0,144
xmen_fn_002A28D0,0x002A28D0,0x002A2B50,640
xmen_fn_002A2B50,0x002A2B50,0x002A2D50,512
xmen_fn_002A2D50,0x002A2D50,0x002A2FB0,608
xmen_fn_002A2FB0,0x002A2FB0,0x002A31E0,560
xmen_fn_002A31E0,0x002A31E0,0x002A32E0,256
xmen_fn_002A32E0,0x002A32E0,0x002A34C0,480
xmen_fn_002A34C0,0x002A34C0,0x002A3540,128
xmen_fn_002A3540,0x002A3540,0x002A3900,960
xmen_fn_002A3900,0x002A3900,0x002A3920,32
xmen_fn_002A3920,0x002A3920,0x002A3930,16
xmen_fn_002A3930,0x002A3930,0x002A3950,32
xmen_fn_002A3950,0x002A3950,0x002A39D0,128
xmen_fn_002A39D0,0x002A39D0,0x002A3A50,128
xmen_fn_002A3A50,0x002A3A50,0x002A3A90,64
xmen_fn_002A3A90,0x002A3A90,0x002A40C0,1584
xmen_fn_002A40C0,0x002A40C0,0x002A4490,976
xmen_fn_002A4490,0x002A4490,0x002A44D0,64
xmen_fn_002A44D0,0x002A44D0,0x002A46A0,464
xmen_fn_002A46A0,0x002A46A0,0x002A47A0,256
xmen_fn_002A47A0,0x002A47A0,0x002A48A0,256
xmen_fn_002A48A0,0x002A48A0,0x002A48C0,32
xmen_fn_002A48C0,0x002A48C0,0x002A4AF0,560
xmen_fn_002A4AF0,0x002A4AF0,0x002A4B40,80
xmen_fn_002A4B40,0x002A4B40,0x002A4BA0,96
xmen_fn_002A4BA0,0x002A4BA0,0x002A4CD0,304
xmen_fn_002A4CD0,0x002A4CD0,0x002A4E10,320
xmen_fn_002A4E10,0x002A4E10,0x002A4E20,16
xmen_fn_002A4E20,0x002A4E20,0x002A4E30,16
xmen_fn_002A4E30,0x002A4E30,0x002A4E40,16
xmen_fn_002A4E40,0x002A4E40,0x002A4F90,336
xmen_fn_002A4F90,0x002A4F90,0x002A5800,2160
xmen_fn_002A5800,0x002A5800,0x002A5B90,912
xmen_fn_002A5B90,0x002A5B90,0x002A5BB0,32
xmen_fn_002A5BB0,0x002A5BB0,0x002A5CD0,288
xmen_fn_002A5CD0,0x002A5CD0,0x002A5E20,336
xmen_fn_002A5E20,0x002A5E20,0x002A5EC0,160
xmen_fn_002A5EC0,0x002A5EC0,0x002A5F50,144
xmen_fn_002A5F50,0x002A5F50,0x002A6080,304
xmen_fn_002A6080,0x002A6080,0x002A6310,656
xmen_fn_002A6310,0x002A6310,0x002A6440,304
xmen_fn_002A6440,0x002A6440,0x002A6620,480
xmen_fn_002A6620,0x002A6620,0x002A66A0,128
xmen_fn_002A66A0,0x002A66A0,0x002A6720,128
xmen_fn_002A6720,0x002A6720,0x002A67A0,128
xmen_fn_002A67A0,0x002A67A0,0x002A6AB0,784
xmen_fn_002A6AB0,0x002A6AB0,0x002A6C80,464
xmen_fn_002A6C80,0x002A6C80,0x002A6EC0,576
xmen_fn_002A6EC0,0x002A6EC0,0x002A70E0,544
xmen_fn_002A70E0,0x002A70E0,0x002A7250,368
xmen_fn_002A7250,0x002A7250,0x002A73F0,416
xmen_fn_002A73F0,0x002A73F0,0x002A74D0,224
xmen_fn_002A74D0,0x002A74D0,0x002A7640,368
xmen_fn_002A7640,0x002A7640,0x002A7720,224
xmen_fn_002A7720,0x002A7720,0x002A7840,288
xmen_fn_002A7840,0x002A7840,0x002A7920,224
xmen_fn_002A7920,0x002A7920,0x002A7A70,336
xmen_fn_002A7A70,0x002A7A70,0x002A7B40,208
xmen_fn_002A7B40,0x002A7B40,0x002A7C60,288
xmen_fn_002A7C60,0x002A7C60,0x002A7D30,208
xmen_fn_002A7D30,0x002A7D30,0x002A7EE0,432
xmen_fn_002A7EE0,0x002A7EE0,0x002A7FB0,208
xmen_fn_002A7FB0,0x002A7FB0,0x002A80A0,240
xmen_fn_002A80A0,0x002A80A0,0x002A8250,432
xmen_fn_002A8250,0x002A8250,0x002A83C0,368
xmen_fn_002A83C0,0x002A83C0,0x002A8500,320
xmen_fn_002A8500,0x002A8500,0x002A8540,64
xmen_fn_002A8540,0x002A8540,0x002A8620,224
xmen_fn_002A8620,0x002A8620,0x002A8880,608
xmen_fn_002A8880,0x002A8880,0x002A89D0,336
xmen_fn_002A89D0,0x002A89D0,0x002A8A50,128
xmen_fn_002A8A50,0x002A8A50,0x002A8BB0,352
xmen_fn_002A8BB0,0x002A8BB0,0x002A8D30,384
xmen_fn_002A8D30,0x002A8D30,0x002A8D70,64
xmen_fn_002A8D70,0x002A8D70,0x002A8E50,224
xmen_fn_002A8E50,0x002A8E50,0x002A8FA0,336
xmen_fn_002A8FA0,0x002A8FA0,0x002A8FE0,64
xmen_fn_002A8FE0,0x002A8FE0,0x002A9030,80
xmen_fn_002A9030,0x002A9030,0x002A9110,224
xmen_fn_002A9110,0x002A9110,0x002A9270,352
xmen_fn_002A9270,0x002A9270,0x002A92B0,64
xmen_fn_002A92B0,0x002A92B0,0x002A9300,80
xmen_fn_002A9300,0x002A9300,0x002A9400,256
xmen_fn_002A9400,0x002A9400,0x002A9700,768
xmen_fn_002A9700,0x002A9700,0x002A97E0,224
xmen_fn_002A97E0,0x002A97E0,0x002A9900,288
xmen_fn_002A9900,0x002A9900,0x002A9A50,336
xmen_fn_002A9A50,0x002A9A50,0x002A9A90,64
xmen_fn_002A9A90,0x002A9A90,0x002A9B80,240
xmen_fn_002A9B80,0x002A9B80,0x002A9E10,656
xmen_fn_002A9E10,0x002A9E10,0x002A9F80,368
xmen_fn_002A9F80,0x002A9F80,0x002A9FC0,64
xmen_fn_002A9FC0,0x002A9FC0,0x002AA0A0,224
xmen_fn_002AA0A0,0x002AA0A0,0x002AA1A0,256
xmen_fn_002AA1A0,0x002AA1A0,0x002AA270,208
xmen_fn_002AA270,0x002AA270,0x002AA540,720
xmen_fn_002AA540,0x002AA540,0x002AA760,544
xmen_fn_002AA760,0x002AA760,0x002AA8A0,320
xmen_fn_002AA8A0,0x002AA8A0,0x002AA8E0,64
xmen_fn_002AA8E0,0x002AA8E0,0x002AAA10,304
xmen_fn_002AAA10,0x002AAA10,0x002AABD0,448
xmen_fn_002AABD0,0x002AABD0,0x002AADA0,464
xmen_fn_002AADA0,0x002AADA0,0x002AAF60,448
xmen_fn_002AAF60,0x002AAF60,0x002AB090,304
xmen_fn_002AB090,0x002AB090,0x002AB1C0,304
xmen_fn_002AB1C0,0x002AB1C0,0x002AB3F0,560
xmen_fn_002AB3F0,0x002AB3F0,0x002AB430,64
xmen_fn_002AB430,0x002AB430,0x002AB5B0,384
xmen_fn_002AB5B0,0x002AB5B0,0x002AB9B0,1024
xmen_fn_002AB9B0,0x002AB9B0,0x002ABB00,336
xmen_fn_002ABB00,0x002ABB00,0x002ABB40,64
xmen_fn_002ABB40,0x002ABB40,0x002ABB90,80
xmen_fn_002ABB90,0x002ABB90,0x002ABC30,160
xmen_fn_002ABC30,0x002ABC30,0x002ABE40,528
xmen_fn_002ABE40,0x002ABE40,0x002AC010,464
xmen_fn_002AC010,0x002AC010,0x002AC210,512
xmen_fn_002AC210,0x002AC210,0x002AC340,304
xmen_fn_002AC340,0x002AC340,0x002AC4D0,400
xmen_fn_002AC4D0,0x002AC4D0,0x002AC710,576
xmen_fn_002AC710,0x002AC710,0x002AC7E0,208
xmen_fn_002AC7E0,0x002AC7E0,0x002AC9B0,464
xmen_fn_002AC9B0,0x002AC9B0,0x002ACA40,144
xmen_fn_002ACA40,0x002ACA40,0x002ACB60,288
xmen_fn_002ACB60,0x002ACB60,0x002ACCC0,352
xmen_fn_002ACCC0,0x002ACCC0,0x002ACDA0,224
xmen_fn_002ACDA0,0x002ACDA0,0x002ACEA0,256
xmen_fn_002ACEA0,0x002ACEA0,0x002ACEE0,64
xmen_fn_002ACEE0,0x002ACEE0,0x002ACFC0,224
xmen_fn_002ACFC0,0x002ACFC0,0x002AD0C0,256
xmen_fn_002AD0C0,0x002AD0C0,0x002AD240,384
xmen_fn_002AD240,0x002AD240,0x002AD490,592
xmen_fn_002AD490,0x002AD490,0x002AD510,128
xmen_fn_002AD510,0x002AD510,0x002AD710,512
xmen_fn_002AD710,0x002AD710,0x002AD7F0,224
xmen_fn_002AD7F0,0x002AD7F0,0x002AD8A0,176
xmen_fn_002AD8A0,0x002AD8A0,0x002AD980,224
xmen_fn_002AD980,0x002AD980,0x002ADA60,224
xmen_fn_002ADA60,0x002ADA60,0x002ADAE0,128
xmen_fn_002ADAE0,0x002ADAE0,0x002ADBC0,224
xmen_fn_002ADBC0,0x002ADBC0,0x002ADC50,144
xmen_fn_002ADC50,0x002ADC50,0x002ADC90,64
xmen_fn_002ADC90,0x002ADC90,0x002ADCE0,80
xmen_fn_002ADCE0,0x002ADCE0,0x002ADD80,160
xmen_fn_002ADD80,0x002ADD80,0x002ADFD0,592
xmen_fn_002ADFD0,0x002ADFD0,0x002AE0F0,288
xmen_fn_002AE0F0,0x002AE0F0,0x002AE130,64
xmen_fn_002AE130,0x002AE130,0x002AE210,224
xmen_fn_002AE210,0x002AE210,0x002AE3D0,448
xmen_fn_002AE3D0,0x002AE3D0,0x002AE580,432
xmen_fn_002AE580,0x002AE580,0x002AE6C0,320
xmen_fn_002AE6C0,0x002AE6C0,0x002AE700,64
xmen_fn_002AE700,0x002AE700,0x002AE790,144
xmen_fn_002AE790,0x002AE790,0x002AE9D0,576
xmen_fn_002AE9D0,0x002AE9D0,0x002AEB60,400
xmen_fn_002AEB60,0x002AEB60,0x002AEC80,288
xmen_fn_002AEC80,0x002AEC80,0x002AECC0,64
xmen_fn_002AECC0,0x002AECC0,0x002AED50,144
xmen_fn_002AED50,0x002AED50,0x002AEE50,256
xmen_fn_002AEE50,0x002AEE50,0x002AEE90,64
xmen_fn_002AEE90,0x002AEE90,0x002AEF70,224
xmen_fn_002AEF70,0x002AEF70,0x002AF000,144
xmen_fn_002AF000,0x002AF000,0x002AF040,64
xmen_fn_002AF040,0x002AF040,0x002AF170,304
xmen_fn_002AF170,0x002AF170,0x002AF2E0,368
xmen_fn_002AF2E0,0x002AF2E0,0x002AF320,64
xmen_fn_002AF320,0x002AF320,0x002AF400,224
xmen_fn_002AF400,0x002AF400,0x002AF490,144
xmen_fn_002AF490,0x002AF490,0x002AF4D0,64
xmen_fn_002AF4D0,0x002AF4D0,0x002AF520,80
xmen_fn_002AF520,0x002AF520,0x002AF600,224
xmen_fn_002AF600,0x002AF600,0x002AFA60,1120
xmen_fn_002AFA60,0x002AFA60,0x002AFB90,304
xmen_fn_002AFB90,0x002AFB90,0x002AFD70,480
xmen_fn_002AFD70,0x002AFD70,0x002AFE40,208
xmen_fn_002AFE40,0x002AFE40,0x002B00E0,672
xmen_fn_002B00E0,0x002B00E0,0x002B0370,656
xmen_fn_002B0370,0x002B0370,0x002B0510,416
xmen_fn_002B0510,0x002B0510,0x002B0650,320
xmen_fn_002B0650,0x002B0650,0x002B0690,64
xmen_fn_002B0690,0x002B0690,0x002B06E0,80
xmen_fn_002B06E0,0x002B06E0,0x002B0730,80
xmen_fn_002B0730,0x002B0730,0x002B08F0,448
xmen_fn_002B08F0,0x002B08F0,0x002B09C0,208
xmen_fn_002B09C0,0x002B09C0,0x002B0AE0,288
xmen_fn_002B0AE0,0x002B0AE0,0x002B0C70,400
xmen_fn_002B0C70,0x002B0C70,0x002B0E80,528
xmen_fn_002B0E80,0x002B0E80,0x002B1030,432
xmen_fn_002B1030,0x002B1030,0x002B1150,288
xmen_fn_002B1150,0x002B1150,0x002B1280,304
xmen_fn_002B1280,0x002B1280,0x002B13B0,304
xmen_fn_002B13B0,0x002B13B0,0x002B1580,464
xmen_fn_002B1580,0x002B1580,0x002B1730,432
xmen_fn_002B1730,0x002B1730,0x002B18E0,432
xmen_fn_002B18E0,0x002B18E0,0x002B1A00,288
xmen_fn_002B1A00,0x002B1A00,0x002B1A40,64
xmen_fn_002B1A40,0x002B1A40,0x002B1B20,224
xmen_fn_002B1B20,0x002B1B20,0x002B1C40,288
xmen_fn_002B1C40,0x002B1C40,0x002B1D10,208
xmen_fn_002B1D10,0x002B1D10,0x002B1E30,288
xmen_fn_002B1E30,0x002B1E30,0x002B1F00,208
xmen_fn_002B1F00,0x002B1F00,0x002B20D0,464
xmen_fn_002B20D0,0x002B20D0,0x002B2220,336
xmen_fn_002B2220,0x002B2220,0x002B22A0,128
xmen_fn_002B22A0,0x002B22A0,0x002B22E0,64
xmen_fn_002B22E0,0x002B22E0,0x002B2330,80
xmen_fn_002B2330,0x002B2330,0x002B23C0,144
xmen_fn_002B23C0,0x002B23C0,0x002B2560,416
xmen_fn_002B2560,0x002B2560,0x002B2730,464
xmen_fn_002B2730,0x002B2730,0x002B2950,544
xmen_fn_002B2950,0x002B2950,0x002B2A90,320
xmen_fn_002B2A90,0x002B2A90,0x002B2B60,208
xmen_fn_002B2B60,0x002B2B60,0x002B2CC0,352
xmen_fn_002B2CC0,0x002B2CC0,0x002B2D00,64
xmen_fn_002B2D00,0x002B2D00,0x002B2D50,80
xmen_fn_002B2D50,0x002B2D50,0x002B2DE0,144
xmen_fn_002B2DE0,0x002B2DE0,0x002B2F50,368
xmen_fn_002B2F50,0x002B2F50,0x002B2F90,64
xmen_fn_002B2F90,0x002B2F90,0x002B3070,224
xmen_fn_002B3070,0x002B3070,0x002B3190,288
xmen_fn_002B3190,0x002B3190,0x002B31D0,64
xmen_fn_002B31D0,0x002B31D0,0x002B3260,144
xmen_fn_002B3260,0x002B3260,0x002B34B0,592
xmen_fn_002B34B0,0x002B34B0,0x002B3640,400
xmen_fn_002B3640,0x002B3640,0x002B3740,256
xmen_fn_002B3740,0x002B3740,0x002B3780,64
xmen_fn_002B3780,0x002B3780,0x002B37D0,80
xmen_fn_002B37D0,0x002B37D0,0x002B3860,144
xmen_fn_002B3860,0x002B3860,0x002B3960,256
xmen_fn_002B3960,0x002B3960,0x002B3A40,224
xmen_fn_002B3A40,0x002B3A40,0x002B3AD0,144
xmen_fn_002B3AD0,0x002B3AD0,0x002B3B10,64
xmen_fn_002B3B10,0x002B3B10,0x002B3BF0,224
xmen_fn_002B3BF0,0x002B3BF0,0x002B3E20,560
xmen_fn_002B3E20,0x002B3E20,0x002B4010,496
xmen_fn_002B4010,0x002B4010,0x002B4050,64
xmen_fn_002B4050,0x002B4050,0x002B4180,304
xmen_fn_002B4180,0x002B4180,0x002B4460,736
xmen_fn_002B4460,0x002B4460,0x002B44A0,64
xmen_fn_002B44A0,0x002B44A0,0x002B4580,224
xmen_fn_002B4580,0x002B4580,0x002B4610,144
xmen_fn_002B4610,0x002B4610,0x002B4650,64
xmen_fn_002B4650,0x002B4650,0x002B4730,224
xmen_fn_002B4730,0x002B4730,0x002B47C0,144
xmen_fn_002B47C0,0x002B47C0,0x002B4980,448
xmen_fn_002B4980,0x002B4980,0x002B4B30,432
xmen_fn_002B4B30,0x002B4B30,0x002B4BD0,160
xmen_fn_002B4BD0,0x002B4BD0,0x002B4C50,128
xmen_fn_002B4C50,0x002B4C50,0x002B4D30,224
xmen_fn_002B4D30,0x002B4D30,0x002B4DC0,144
xmen_fn_002B4DC0,0x002B4DC0,0x002B4EA0,224
xmen_fn_002B4EA0,0x002B4EA0,0x002B4F30,144
xmen_fn_002B4F30,0x002B4F30,0x002B4F70,64
xmen_fn_002B4F70,0x002B4F70,0x002B5050,224
xmen_fn_002B5050,0x002B5050,0x002B50E0,144
xmen_fn_002B50E0,0x002B50E0,0x002B5130,80
xmen_fn_002B5130,0x002B5130,0x002B5180,80
xmen_fn_002B5180,0x002B5180,0x002B52E0,352
xmen_fn_002B52E0,0x002B52E0,0x002B53B0,208
xmen_fn_002B53B0,0x002B53B0,0x002B54B0,256
xmen_fn_002B54B0,0x002B54B0,0x002B5580,208
xmen_fn_002B5580,0x002B5580,0x002B57F0,624
xmen_fn_002B57F0,0x002B57F0,0x002B5800,16
xmen_fn_002B5800,0x002B5800,0x002B5810,16
xmen_fn_002B5810,0x002B5810,0x002B5850,64
xmen_fn_002B5850,0x002B5850,0x002B5A20,464
xmen_fn_002B5A20,0x002B5A20,0x002B5FD0,1456
xmen_fn_002B5FD0,0x002B5FD0,0x002B60F0,288
xmen_fn_002B60F0,0x002B60F0,0x002B6AF0,2560
xmen_fn_002B6AF0,0x002B6AF0,0x002B7770,3200
xmen_fn_002B7770,0x002B7770,0x002B78A0,304
xmen_fn_002B78A0,0x002B78A0,0x002B8420,2944
xmen_fn_002B8420,0x002B8420,0x002B86F0,720
xmen_fn_002B86F0,0x002B86F0,0x002B93F0,3328
xmen_fn_002B93F0,0x002B93F0,0x002BA740,4944
xmen_fn_002BA740,0x002BA740,0x002BAF20,2016
xmen_fn_002BAF20,0x002BAF20,0x002BAF50,48
xmen_fn_002BAF50,0x002BAF50,0x002BBFA0,4176
xmen_fn_002BBFA0,0x002BBFA0,0x002BC2D0,816
xmen_fn_002BC2D0,0x002BC2D0,0x002BC4D0,512
xmen_fn_002BC4D0,0x002BC4D0,0x002BC600,304
xmen_fn_002BC600,0x002BC600,0x002BC890,656
xmen_fn_002BC890,0x002BC890,0x002BCB90,768
xmen_fn_002BCB90,0x002BCB90,0x002BCE00,624
xmen_fn_002BCE00,0x002BCE00,0x002BDE60,4192
xmen_fn_002BDE60,0x002BDE60,0x002BE4E0,1664
xmen_fn_002BE4E0,0x002BE4E0,0x002BF980,5280
xmen_fn_002BF980,0x002BF980,0x002BFB60,480
xmen_fn_002BFB60,0x002BFB60,0x002BFC80,288
xmen_fn_002BFC80,0x002BFC80,0x002BFD40,192
xmen_fn_002BFD40,0x002BFD40,0x002BFE50,272
xmen_fn_002BFE50,0x002BFE50,0x002C0D90,3904
xmen_fn_002C0D90,0x002C0D90,0x002C0E00,112
xmen_fn_002C0E00,0x002C0E00,0x002C0E80,128
xmen_fn_002C0E80,0x002C0E80,0x002C18E0,2656
xmen_fn_002C18E0,0x002C18E0,0x002C1900,32
xmen_fn_002C1900,0x002C1900,0x002C1E30,1328
xmen_fn_002C1E30,0x002C1E30,0x002C1EA0,112
xmen_fn_002C1EA0,0x002C1EA0,0x002C20A0,512
xmen_fn_002C20A0,0x002C20A0,0x002C20C0,32
xmen_fn_002C20C0,0x002C20C0,0x002C26F0,1584
xmen_fn_002C26F0,0x002C26F0,0x002C2CD0,1504
xmen_fn_002C2CD0,0x002C2CD0,0x002C2DF0,288
xmen_fn_002C2DF0,0x002C2DF0,0x002C3010,544
xmen_fn_002C3010,0x002C3010,0x002C3050,64
xmen_fn_002C3050,0x002C3050,0x002C3250,512
xmen_fn_002C3250,0x002C3250,0x002C32B0,96
xmen_fn_002C32B0,0x002C32B0,0x002C3340,144
xmen_fn_002C3340,0x002C3340,0x002C33C0,128
xmen_fn_002C33C0,0x002C33C0,0x002C33D0,16
xmen_fn_002C33D0,0x002C33D0,0x002C3410,64
xmen_fn_002C3410,0x002C3410,0x002C34A0,144
xmen_fn_002C34A0,0x002C34A0,0x002C34F0,80
xmen_fn_002C34F0,0x002C34F0,0x002C3550,96
xmen_fn_002C3550,0x002C3550,0x002C3560,16
xmen_fn_002C3560,0x002C3560,0x002C3A40,1248
xmen_fn_002C3A40,0x002C3A40,0x002C3AB0,112
xmen_fn_002C3AB0,0x002C3AB0,0x002C3AC0,16
xmen_fn_002C3AC0,0x002C3AC0,0x002C3B70,176
xmen_fn_002C3B70,0x002C3B70,0x002C3BC0,80
xmen_fn_002C3BC0,0x002C3BC0,0x002C3C00,64
xmen_fn_002C3C00,0x002C3C00,0x002C3D30,304
xmen_fn_002C3D30,0x002C3D30,0x002C3D70,64
xmen_fn_002C3D70,0x002C3D70,0x002C3DB0,64
xmen_fn_002C3DB0,0x002C3DB0,0x002C3DF0,64
xmen_fn_002C3DF0,0x002C3DF0,0x002C3E30,64
xmen_fn_002C3E30,0x002C3E30,0x002C3E40,16
xmen_fn_002C3E40,0x002C3E40,0x002C3E70,48
xmen_fn_002C3E70,0x002C3E70,0x002C3EA0,48
xmen_fn_002C3EA0,0x002C3EA0,0x002C3FD0,304
xmen_fn_002C3FD0,0x002C3FD0,0x002C4020,80
xmen_fn_002C4020,0x002C4020,0x002C4070,80
xmen_fn_002C4070,0x002C4070,0x002C4110,160
xmen_fn_002C4110,0x002C4110,0x002C41D0,192
xmen_fn_002C41D0,0x002C41D0,0x002C4210,64
xmen_fn_002C4210,0x002C4210,0x002C4270,96
xmen_fn_002C4270,0x002C4270,0x002C42C0,80
xmen_fn_002C42C0,0x002C42C0,0x002C4320,96
xmen_fn_002C4320,0x002C4320,0x002C4360,64
xmen_fn_002C4360,0x002C4360,0x002C43C0,96
xmen_fn_002C43C0,0x002C43C0,0x002C4420,96
xmen_fn_002C4420,0x002C4420,0x002C4430,16
xmen_fn_002C4430,0x002C4430,0x002C46B0,640
xmen_fn_002C46B0,0x002C46B0,0x002C4CA0,1520
xmen_fn_002C4CA0,0x002C4CA0,0x002C4CF0,80
xmen_fn_002C4CF0,0x002C4CF0,0x002C5000,784
xmen_fn_002C5000,0x002C5000,0x002C5510,1296
xmen_fn_002C5510,0x002C5510,0x002C5620,272
xmen_fn_002C5620,0x002C5620,0x002C58F0,720
xmen_fn_002C58F0,0x002C58F0,0x002C59A0,176
xmen_fn_002C59A0,0x002C59A0,0x002C5A20,128
xmen_fn_002C5A20,0x002C5A20,0x002C5A30,16
xmen_fn_002C5A30,0x002C5A30,0x002C5A40,16
xmen_fn_002C5A40,0x002C5A40,0x002C5A50,16
xmen_fn_002C5A50,0x002C5A50,0x002C5A70,32
xmen_fn_002C5A70,0x002C5A70,0x002C6D80,4880
xmen_fn_002C6D80,0x002C6D80,0x002C7080,768
xmen_fn_002C7080,0x002C7080,0x002C7560,1248
xmen_fn_002C7560,0x002C7560,0x002C7720,448
xmen_fn_002C7720,0x002C7720,0x002C7F30,2064
xmen_fn_002C7F30,0x002C7F30,0x002C8020,240
xmen_fn_002C8020,0x002C8020,0x002C8C00,3040
xmen_fn_002C8C00,0x002C8C00,0x002C92F0,1776
xmen_fn_002C92F0,0x002C92F0,0x002CA810,5408
xmen_fn_002CA810,0x002CA810,0x002CAE10,1536
xmen_fn_002CAE10,0x002CAE10,0x002CB5C0,1968
xmen_fn_002CB5C0,0x002CB5C0,0x002CCA30,5232
xmen_fn_002CCA30,0x002CCA30,0x002CD970,3904
xmen_fn_002CD970,0x002CD970,0x002CDF50,1504
xmen_fn_002CDF50,0x002CDF50,0x002CE4E0,1424
xmen_fn_002CE4E0,0x002CE4E0,0x002CEBC0,1760
xmen_fn_002CEBC0,0x002CEBC0,0x002CF530,2416
xmen_fn_002CF530,0x002CF530,0x002CF560,48
xmen_fn_002CF560,0x002CF560,0x002CF590,48
xmen_fn_002CF590,0x002CF590,0x002CF5B0,32
xmen_fn_002CF5B0,0x002CF5B0,0x002CF600,80
xmen_fn_002CF600,0x002CF600,0x002CF700,256
xmen_fn_002CF700,0x002CF700,0x002CF7B0,176
xmen_fn_002CF7B0,0x002CF7B0,0x002CFB30,896
xmen_fn_002CFB30,0x002CFB30,0x002CFE70,832
xmen_fn_002CFE70,0x002CFE70,0x002D00E0,624
xmen_fn_002D00E0,0x002D00E0,0x002D0180,160
xmen_fn_002D0180,0x002D0180,0x002D0380,512
xmen_fn_002D0380,0x002D0380,0x002D0570,496
xmen_fn_002D0570,0x002D0570,0x002D0D50,2016
xmen_fn_002D0D50,0x002D0D50,0x002D1080,816
xmen_fn_002D1080,0x002D1080,0x002D1360,736
xmen_fn_002D1360,0x002D1360,0x002D1620,704
xmen_fn_002D1620,0x002D1620,0x002D18B0,656
xmen_fn_002D18B0,0x002D18B0,0x002D1A80,464
xmen_fn_002D1A80,0x002D1A80,0x002D1BC0,320
xmen_fn_002D1BC0,0x002D1BC0,0x002D1D00,320
xmen_fn_002D1D00,0x002D1D00,0x002D2070,880
xmen_fn_002D2070,0x002D2070,0x002D22C0,592
xmen_fn_002D22C0,0x002D22C0,0x002D2400,320
xmen_fn_002D2400,0x002D2400,0x002D2560,352
xmen_fn_002D2560,0x002D2560,0x002D2710,432
xmen_fn_002D2710,0x002D2710,0x002D28D0,448
xmen_fn_002D28D0,0x002D28D0,0x002D29C0,240
xmen_fn_002D29C0,0x002D29C0,0x002D2DC0,1024
xmen_fn_002D2DC0,0x002D2DC0,0x002D34D0,1808
xmen_fn_002D34D0,0x002D34D0,0x002D3840,880
xmen_fn_002D3840,0x002D3840,0x002D3BF0,944
xmen_fn_002D3BF0,0x002D3BF0,0x002D3C50,96
xmen_fn_002D3C50,0x002D3C50,0x002D3EE0,656
xmen_fn_002D3EE0,0x002D3EE0,0x002D40D0,496
xmen_fn_002D40D0,0x002D40D0,0x002D4170,160
xmen_fn_002D4170,0x002D4170,0x002D41F0,128
xmen_fn_002D41F0,0x002D41F0,0x002D4220,48
xmen_fn_002D4220,0x002D4220,0x002D4340,288
xmen_fn_002D4340,0x002D4340,0x002D4380,64
xmen_fn_002D4380,0x002D4380,0x002D4520,416
xmen_fn_002D4520,0x002D4520,0x002D4560,64
xmen_fn_002D4560,0x002D4560,0x002D45A0,64
xmen_fn_002D45A0,0x002D45A0,0x002D45E0,64
xmen_fn_002D45E0,0x002D45E0,0x002D4640,96
xmen_fn_002D4640,0x002D4640,0x002D4670,48
xmen_fn_002D4670,0x002D4670,0x002D4840,464
xmen_fn_002D4840,0x002D4840,0x002D4AA0,608
xmen_fn_002D4AA0,0x002D4AA0,0x002D4B10,112
xmen_fn_002D4B10,0x002D4B10,0x002D4BA0,144
xmen_fn_002D4BA0,0x002D4BA0,0x002D4D00,352
xmen_fn_002D4D00,0x002D4D00,0x002D4E70,368
xmen_fn_002D4E70,0x002D4E70,0x002D4EA0,48
xmen_fn_002D4EA0,0x002D4EA0,0x002D4F80,224
xmen_fn_002D4F80,0x002D4F80,0x002D5080,256
xmen_fn_002D5080,0x002D5080,0x002D51D0,336
xmen_fn_002D51D0,0x002D51D0,0x002D5C80,2736
xmen_fn_002D5C80,0x002D5C80,0x002D6170,1264
xmen_fn_002D6170,0x002D6170,0x002D6250,224
xmen_fn_002D6250,0x002D6250,0x002D6370,288
xmen_fn_002D6370,0x002D6370,0x002D63C0,80
xmen_fn_002D63C0,0x002D63C0,0x002D6420,96
xmen_fn_002D6420,0x002D6420,0x002D6450,48
xmen_fn_002D6450,0x002D6450,0x002D6730,736
xmen_fn_002D6730,0x002D6730,0x002D67F0,192
xmen_fn_002D67F0,0x002D67F0,0x002D7080,2192
xmen_fn_002D7080,0x002D7080,0x002D70B0,48
xmen_fn_002D70B0,0x002D70B0,0x002D72A0,496
xmen_fn_002D72A0,0x002D72A0,0x002D73B0,272
xmen_fn_002D73B0,0x002D73B0,0x002D7410,96
xmen_fn_002D7410,0x002D7410,0x002D7710,768
xmen_fn_002D7710,0x002D7710,0x002D7850,320
xmen_fn_002D7850,0x002D7850,0x002D7A00,432
xmen_fn_002D7A00,0x002D7A00,0x002D7A40,64
xmen_fn_002D7A40,0x002D7A40,0x002D7AA0,96
xmen_fn_002D7AA0,0x002D7AA0,0x002D7BD0,304
xmen_fn_002D7BD0,0x002D7BD0,0x002D7F50,896
xmen_fn_002D7F50,0x002D7F50,0x002D7F80,48
xmen_fn_002D7F80,0x002D7F80,0x002D8080,256
xmen_fn_002D8080,0x002D8080,0x002D81E0,352
xmen_fn_002D81E0,0x002D81E0,0x002D8310,304
xmen_fn_002D8310,0x002D8310,0x002D8410,256
xmen_fn_002D8410,0x002D8410,0x002D84C0,176
xmen_fn_002D84C0,0x002D84C0,0x002D8590,208
xmen_fn_002D8590,0x002D8590,0x002D85E0,80
xmen_fn_002D85E0,0x002D85E0,0x002D85F0,16
xmen_fn_002D85F0,0x002D85F0,0x002D8600,16
xmen_fn_002D8600,0x002D8600,0x002D8630,48
xmen_fn_002D8630,0x002D8630,0x002D8880,592
xmen_fn_002D8880,0x002D8880,0x002D8890,16
xmen_fn_002D8890,0x002D8890,0x002D8C50,960
xmen_fn_002D8C50,0x002D8C50,0x002D9040,1008
xmen_fn_002D9040,0x002D9040,0x002D92B0,624
xmen_fn_002D92B0,0x002D92B0,0x002D92E0,48
xmen_fn_002D92E0,0x002D92E0,0x002D92F0,16
xmen_fn_002D92F0,0x002D92F0,0x002D9490,416
xmen_fn_002D9490,0x002D9490,0x002D9760,720
xmen_fn_002D9760,0x002D9760,0x002D9780,32
xmen_fn_002D9780,0x002D9780,0x002D9880,256
xmen_fn_002D9880,0x002D9880,0x002D9910,144
xmen_fn_002D9910,0x002D9910,0x002D9A20,272
xmen_fn_002D9A20,0x002D9A20,0x002D9CB0,656
xmen_fn_002D9CB0,0x002D9CB0,0x002D9CD0,32
xmen_fn_002D9CD0,0x002D9CD0,0x002D9D20,80
xmen_fn_002D9D20,0x002D9D20,0x002D9E60,320
xmen_fn_002D9E60,0x002D9E60,0x002DA1D0,880
xmen_fn_002DA1D0,0x002DA1D0,0x002DA240,112
xmen_fn_002DA240,0x002DA240,0x002DA270,48
xmen_fn_002DA270,0x002DA270,0x002DA2B0,64
xmen_fn_002DA2B0,0x002DA2B0,0x002DA2D0,32
xmen_fn_002DA2D0,0x002DA2D0,0x002DA350,128
xmen_fn_002DA350,0x002DA350,0x002DA3C0,112
xmen_fn_002DA3C0,0x002DA3C0,0x002DA430,112
xmen_fn_002DA430,0x002DA430,0x002DA4A0,112
xmen_fn_002DA4A0,0x002DA4A0,0x002DA510,112
xmen_fn_002DA510,0x002DA510,0x002DA560,80
xmen_fn_002DA560,0x002DA560,0x002DA5F0,144
xmen_fn_002DA5F0,0x002DA5F0,0x002DA6D0,224
xmen_fn_002DA6D0,0x002DA6D0,0x002DA8F0,544
xmen_fn_002DA8F0,0x002DA8F0,0x002DA934,68
xmen_fn_002DA934,0x002DA934,0x002DA9B0,124
xmen_fn_002DA9B0,0x002DA9B0,0x002DA9D0,32
xmen_fn_002DA9D0,0x002DA9D0,0x002DAA30,96
xmen_fn_002DAA30,0x002DAA30,0x002DAAC0,144
xmen_fn_002DAAC0,0x002DAAC0,0x002DAAD0,16
xmen_fn_002DAAD0,0x002DAAD0,0x002DBFE0,5392
xmen_fn_002DBFE0,0x002DBFE0,0x002DCA70,2704
xmen_fn_002DCA70,0x002DCA70,0x002DCB60,240
xmen_fn_002DCB60,0x002DCB60,0x002DCDC0,608
xmen_fn_002DCDC0,0x002DCDC0,0x002DCDD0,16
xmen_fn_002DCDD0,0x002DCDD0,0x002DD050,640
xmen_fn_002DD050,0x002DD050,0x002DD070,32
xmen_fn_002DD070,0x002DD070,0x002DD100,144
xmen_fn_002DD100,0x002DD100,0x002DD120,32
xmen_fn_002DD120,0x002DD120,0x002DD2A0,384
xmen_fn_002DD2A0,0x002DD2A0,0x002DD4B0,528
xmen_fn_002DD4B0,0x002DD4B0,0x002DD5E0,304
xmen_fn_002DD5E0,0x002DD5E0,0x002DD5F0,16
xmen_fn_002DD5F0,0x002DD5F0,0x002DD600,16
xmen_fn_002DD600,0x002DD600,0x002DDB30,1328
xmen_fn_002DDB30,0x002DDB30,0x002DDC00,208
xmen_fn_002DDC00,0x002DDC00,0x002DDC50,80
xmen_fn_002DDC50,0x002DDC50,0x002DDCA0,80
xmen_fn_002DDCA0,0x002DDCA0,0x002DDCE0,64
xmen_fn_002DDCE0,0x002DDCE0,0x002DDCF0,16
xmen_fn_002DDCF0,0x002DDCF0,0x002DDD80,144
xmen_fn_002DDD80,0x002DDD80,0x002DDDD0,80
xmen_fn_002DDDD0,0x002DDDD0,0x002DDE20,80
xmen_fn_002DDE20,0x002DDE20,0x002DE130,784
xmen_fn_002DE130,0x002DE130,0x002DE6D0,1440
xmen_fn_002DE6D0,0x002DE6D0,0x002DE860,400
xmen_fn_002DE860,0x002DE860,0x002DE9F0,400
xmen_fn_002DE9F0,0x002DE9F0,0x002DEB90,416
xmen_fn_002DEB90,0x002DEB90,0x002DEBE0,80
xmen_fn_002DEBE0,0x002DEBE0,0x002DEC40,96
xmen_fn_002DEC40,0x002DEC40,0x002DED20,224
xmen_fn_002DED20,0x002DED20,0x002DED70,80
xmen_fn_002DED70,0x002DED70,0x002DEDF0,128
xmen_fn_002DEDF0,0x002DEDF0,0x002DEE10,32
xmen_fn_002DEE10,0x002DEE10,0x002DEE70,96
xmen_fn_002DEE70,0x002DEE70,0x002DEF40,208
xmen_fn_002DEF40,0x002DEF40,0x002DEF90,80
xmen_fn_002DEF90,0x002DEF90,0x002DF1C0,560
xmen_fn_002DF1C0,0x002DF1C0,0x002DF250,144
xmen_fn_002DF250,0x002DF250,0x002DF2C0,112
xmen_fn_002DF2C0,0x002DF2C0,0x002DF340,128
xmen_fn_002DF340,0x002DF340,0x002DF360,32
xmen_fn_002DF360,0x002DF360,0x002DF3B0,80
xmen_fn_002DF3B0,0x002DF3B0,0x002DF3D0,32
xmen_fn_002DF3D0,0x002DF3D0,0x002DF410,64
xmen_fn_002DF410,0x002DF410,0x002DF450,64
xmen_fn_002DF450,0x002DF450,0x002DF5C0,368
xmen_fn_002DF5C0,0x002DF5C0,0x002DF5E0,32
xmen_fn_002DF5E0,0x002DF5E0,0x002DF7E0,512
xmen_fn_002DF7E0,0x002DF7E0,0x002DF810,48
xmen_fn_002DF810,0x002DF810,0x002DFBC0,944
xmen_fn_002DFBC0,0x002DFBC0,0x002DFD20,352
xmen_fn_002DFD20,0x002DFD20,0x002DFE50,304
xmen_fn_002DFE50,0x002DFE50,0x002DFF70,288
xmen_fn_002DFF70,0x002DFF70,0x002DFF90,32
xmen_fn_002DFF90,0x002DFF90,0x002DFFA0,16
xmen_fn_002DFFA0,0x002DFFA0,0x002DFFD0,48
xmen_fn_002DFFD0,0x002DFFD0,0x002E0360,912
xmen_fn_002E0360,0x002E0360,0x002E0700,928
xmen_fn_002E0700,0x002E0700,0x002E0AB0,944
xmen_fn_002E0AB0,0x002E0AB0,0x002E0E90,992
xmen_fn_002E0E90,0x002E0E90,0x002E1250,960
xmen_fn_002E1250,0x002E1250,0x002E15E0,912
xmen_fn_002E15E0,0x002E15E0,0x002E1C40,1632
xmen_fn_002E1C40,0x002E1C40,0x002E2010,976
xmen_fn_002E2010,0x002E2010,0x002E2400,1008
xmen_fn_002E2400,0x002E2400,0x002E27B0,944
xmen_fn_002E27B0,0x002E27B0,0x002E2BB0,1024
xmen_fn_002E2BB0,0x002E2BB0,0x002E2FF0,1088
xmen_fn_002E2FF0,0x002E2FF0,0x002E3030,64
xmen_fn_002E3030,0x002E3030,0x002E31B0,384
xmen_fn_002E31B0,0x002E31B0,0x002E3290,224
xmen_fn_002E3290,0x002E3290,0x002E3670,992
xmen_fn_002E3670,0x002E3670,0x002E5310,7328
xmen_fn_002E5310,0x002E5310,0x002E5320,16
xmen_fn_002E5320,0x002E5320,0x002E5350,48
xmen_fn_002E5350,0x002E5350,0x002E5E00,2736
xmen_fn_002E5E00,0x002E5E00,0x002E6100,768
xmen_fn_002E6100,0x002E6100,0x002E61E0,224
xmen_fn_002E61E0,0x002E61E0,0x002E61F0,16
xmen_fn_002E61F0,0x002E61F0,0x002E6210,32
xmen_fn_002E6210,0x002E6210,0x002E6320,272
xmen_fn_002E6320,0x002E6320,0x002E6340,32
xmen_fn_002E6340,0x002E6340,0x002E6570,560
xmen_fn_002E6570,0x002E6570,0x002E65A0,48
xmen_fn_002E65A0,0x002E65A0,0x002E6780,480
xmen_fn_002E6780,0x002E6780,0x002E6980,512
xmen_fn_002E6980,0x002E6980,0x002E69B0,48
xmen_fn_002E69B0,0x002E69B0,0x002E6B40,400
xmen_fn_002E6B40,0x002E6B40,0x002E6C60,288
xmen_fn_002E6C60,0x002E6C60,0x002E6E20,448
xmen_fn_002E6E20,0x002E6E20,0x002E6F60,320
xmen_fn_002E6F60,0x002E6F60,0x002E70F0,400
xmen_fn_002E70F0,0x002E70F0,0x002E7120,48
xmen_fn_002E7120,0x002E7120,0x002E7260,320
xmen_fn_002E7260,0x002E7260,0x002E7500,672
xmen_fn_002E7500,0x002E7500,0x002E7510,16
xmen_fn_002E7510,0x002E7510,0x002E7560,80
xmen_fn_002E7560,0x002E7560,0x002E7600,160
xmen_fn_002E7600,0x002E7600,0x002E76A0,160
xmen_fn_002E76A0,0x002E76A0,0x002E7740,160
xmen_fn_002E7740,0x002E7740,0x002E7790,80
xmen_fn_002E7790,0x002E7790,0x002E7800,112
xmen_fn_002E7800,0x002E7800,0x002E7870,112
xmen_fn_002E7870,0x002E7870,0x002E78B0,64
xmen_fn_002E78B0,0x002E78B0,0x002E7920,112
xmen_fn_002E7920,0x002E7920,0x002E8200,2272
xmen_fn_002E8200,0x002E8200,0x002E9C50,6736
xmen_fn_002E9C50,0x002E9C50,0x002E9E70,544
xmen_fn_002E9E70,0x002E9E70,0x002E9EB0,64
xmen_fn_002E9EB0,0x002E9EB0,0x002EA240,912
xmen_fn_002EA240,0x002EA240,0x002EA4E0,672
xmen_fn_002EA4E0,0x002EA4E0,0x002EA8C0,992
xmen_fn_002EA8C0,0x002EA8C0,0x002EAAB0,496
xmen_fn_002EAAB0,0x002EAAB0,0x002EAE00,848
xmen_fn_002EAE00,0x002EAE00,0x002EB080,640
xmen_fn_002EB080,0x002EB080,0x002EB0E0,96
xmen_fn_002EB0E0,0x002EB0E0,0x002EB120,64
xmen_fn_002EB120,0x002EB120,0x002EB200,224
xmen_fn_002EB200,0x002EB200,0x002EB2E0,224
xmen_fn_002EB2E0,0x002EB2E0,0x002EB3A0,192
xmen_fn_002EB3A0,0x002EB3A0,0x002EB450,176
xmen_fn_002EB450,0x002EB450,0x002EB540,240
xmen_fn_002EB540,0x002EB540,0x002EB820,736
xmen_fn_002EB820,0x002EB820,0x002EB8D0,176
xmen_fn_002EB8D0,0x002EB8D0,0x002EB9E0,272
xmen_fn_002EB9E0,0x002EB9E0,0x002EBF30,1360
xmen_fn_002EBF30,0x002EBF30,0x002EC370,1088
xmen_fn_002EC370,0x002EC370,0x002EC430,192
xmen_fn_002EC430,0x002EC430,0x002EC570,320
xmen_fn_002EC570,0x002EC570,0x002EC7C0,592
xmen_fn_002EC7C0,0x002EC7C0,0x002EC930,368
xmen_fn_002EC930,0x002EC930,0x002ECA00,208
xmen_fn_002ECA00,0x002ECA00,0x002ECA70,112
xmen_fn_002ECA70,0x002ECA70,0x002ECB30,192
xmen_fn_002ECB30,0x002ECB30,0x002ECC80,336
xmen_fn_002ECC80,0x002ECC80,0x002ECED0,592
xmen_fn_002ECED0,0x002ECED0,0x002ED030,352
xmen_fn_002ED030,0x002ED030,0x002ED0F0,192
xmen_fn_002ED0F0,0x002ED0F0,0x002ED160,112
xmen_fn_002ED160,0x002ED160,0x002EE180,4128
xmen_fn_002EE180,0x002EE180,0x002EE4F0,880
xmen_fn_002EE4F0,0x002EE4F0,0x002EEAC0,1488
xmen_fn_002EEAC0,0x002EEAC0,0x002EED80,704
xmen_fn_002EED80,0x002EED80,0x002EF600,2176
xmen_fn_002EF600,0x002EF600,0x002EF750,336
xmen_fn_002EF750,0x002EF750,0x002F05E0,3728
xmen_fn_002F05E0,0x002F05E0,0x002F0860,640
xmen_fn_002F0860,0x002F0860,0x002F0E70,1552
xmen_fn_002F0E70,0x002F0E70,0x002F1070,512
xmen_fn_002F1070,0x002F1070,0x002F1B90,2848
xmen_fn_002F1B90,0x002F1B90,0x002F1CD0,320
xmen_fn_002F1CD0,0x002F1CD0,0x002F1D10,64
xmen_fn_002F1D10,0x002F1D10,0x002F1D70,96
xmen_fn_002F1D70,0x002F1D70,0x002F2270,1280
xmen_fn_002F2270,0x002F2270,0x002F22F0,128
xmen_fn_002F22F0,0x002F22F0,0x002F29C0,1744
xmen_fn_002F29C0,0x002F29C0,0x002F2E70,1200
xmen_fn_002F2E70,0x002F2E70,0x002F2EC0,80
xmen_fn_002F2EC0,0x002F2EC0,0x002F2FB0,240
xmen_fn_002F2FB0,0x002F2FB0,0x002F35B0,1536
xmen_fn_002F35B0,0x002F35B0,0x002F3680,208
xmen_fn_002F3680,0x002F3680,0x002F36C0,64
xmen_fn_002F36C0,0x002F36C0,0x002F3BA0,1248
xmen_fn_002F3BA0,0x002F3BA0,0x002F3C10,112
xmen_fn_002F3C10,0x002F3C10,0x002F4690,2688
xmen_fn_002F4690,0x002F4690,0x002F52B0,3104
xmen_fn_002F52B0,0x002F52B0,0x002F5380,208
xmen_fn_002F5380,0x002F5380,0x002F5F80,3072
xmen_fn_002F5F80,0x002F5F80,0x002F6130,432
xmen_fn_002F6130,0x002F6130,0x002F61B0,128
xmen_fn_002F61B0,0x002F61B0,0x002F61C0,16
xmen_fn_002F61C0,0x002F61C0,0x002F61E0,32
xmen_fn_002F61E0,0x002F61E0,0x002F62D0,240
xmen_fn_002F62D0,0x002F62D0,0x002F6690,960
xmen_fn_002F6690,0x002F6690,0x002F6AE0,1104
xmen_fn_002F6AE0,0x002F6AE0,0x002F6BE0,256
xmen_fn_002F6BE0,0x002F6BE0,0x002F6CA0,192
xmen_fn_002F6CA0,0x002F6CA0,0x002F6D10,112
xmen_fn_002F6D10,0x002F6D10,0x002F6E20,272
xmen_fn_002F6E20,0x002F6E20,0x002F6E90,112
xmen_fn_002F6E90,0x002F6E90,0x002F6EE0,80
xmen_fn_002F6EE0,0x002F6EE0,0x002F6F70,144
xmen_fn_002F6F70,0x002F6F70,0x002F6F80,16
xmen_fn_002F6F80,0x002F6F80,0x002F7020,160
xmen_fn_002F7020,0x002F7020,0x002F7060,64
xmen_fn_002F7060,0x002F7060,0x002F7250,496
xmen_fn_002F7250,0x002F7250,0x002F75A0,848
xmen_fn_002F75A0,0x002F75A0,0x002F7C90,1776
xmen_fn_002F7C90,0x002F7C90,0x002F7CE0,80
xmen_fn_002F7CE0,0x002F7CE0,0x002F7E00,288
xmen_fn_002F7E00,0x002F7E00,0x002F7F80,384
xmen_fn_002F7F80,0x002F7F80,0x002F8230,688
xmen_fn_002F8230,0x002F8230,0x002F83C0,400
xmen_fn_002F83C0,0x002F83C0,0x002F84F0,304
xmen_fn_002F84F0,0x002F84F0,0x002F8560,112
xmen_fn_002F8560,0x002F8560,0x002F8A30,1232
xmen_fn_002F8A30,0x002F8A30,0x002F8A60,48
xmen_fn_002F8A60,0x002F8A60,0x002F9300,2208
xmen_fn_002F9300,0x002F9300,0x002F9700,1024
xmen_fn_002F9700,0x002F9700,0x002F9AD0,976
xmen_fn_002F9AD0,0x002F9AD0,0x002F9E80,944
xmen_fn_002F9E80,0x002F9E80,0x002F9FE0,352
xmen_fn_002F9FE0,0x002F9FE0,0x002F9FF0,16
xmen_fn_002F9FF0,0x002F9FF0,0x002FA3C0,976
xmen_fn_002FA3C0,0x002FA3C0,0x002FA560,416
xmen_fn_002FA560,0x002FA560,0x002FA740,480
xmen_fn_002FA740,0x002FA740,0x002FA890,336
xmen_fn_002FA890,0x002FA890,0x002FAFE0,1872
xmen_fn_002FAFE0,0x002FAFE0,0x002FB520,1344
xmen_fn_002FB520,0x002FB520,0x002FB560,64
xmen_fn_002FB560,0x002FB560,0x002FB570,16
xmen_fn_002FB570,0x002FB570,0x002FB5B0,64
xmen_fn_002FB5B0,0x002FB5B0,0x002FB5F0,64
xmen_fn_002FB5F0,0x002FB5F0,0x002FB620,48
xmen_fn_002FB620,0x002FB620,0x002FB750,304
xmen_fn_002FB750,0x002FB750,0x002FB760,16
xmen_fn_002FB760,0x002FB760,0x002FB980,544
xmen_fn_002FB980,0x002FB980,0x002FB9C0,64
xmen_fn_002FB9C0,0x002FB9C0,0x002FBA40,128
xmen_fn_002FBA40,0x002FBA40,0x002FBA80,64
xmen_fn_002FBA80,0x002FBA80,0x002FBFE0,1376
xmen_fn_002FBFE0,0x002FBFE0,0x002FC000,32
xmen_fn_002FC000,0x002FC000,0x002FC0B0,176
xmen_fn_002FC0B0,0x002FC0B0,0x002FC0D0,32
xmen_fn_002FC0D0,0x002FC0D0,0x002FC170,160
xmen_fn_002FC170,0x002FC170,0x002FC230,192
xmen_fn_002FC230,0x002FC230,0x002FC360,304
xmen_fn_002FC360,0x002FC360,0x002FC500,416
xmen_fn_002FC500,0x002FC500,0x002FC590,144
xmen_fn_002FC590,0x002FC590,0x002FC5A0,16
xmen_fn_002FC5A0,0x002FC5A0,0x002FC670,208
xmen_fn_002FC670,0x002FC670,0x002FC750,224
xmen_fn_002FC750,0x002FC750,0x002FC910,448
xmen_fn_002FC910,0x002FC910,0x002FCC70,864
xmen_fn_002FCC70,0x002FCC70,0x002FCC80,16
xmen_fn_002FCC80,0x002FCC80,0x002FCD40,192
xmen_fn_002FCD40,0x002FCD40,0x002FCDD0,144
xmen_fn_002FCDD0,0x002FCDD0,0x002FCDF0,32
xmen_fn_002FCDF0,0x002FCDF0,0x002FD130,832
xmen_fn_002FD130,0x002FD130,0x002FD140,16
xmen_fn_002FD140,0x002FD140,0x002FD150,16
xmen_fn_002FD150,0x002FD150,0x002FD160,16
xmen_fn_002FD160,0x002FD160,0x002FD170,16
xmen_fn_002FD170,0x002FD170,0x002FD210,160
xmen_fn_002FD210,0x002FD210,0x002FD4C0,688
xmen_fn_002FD4C0,0x002FD4C0,0x002FD530,112
xmen_fn_002FD530,0x002FD530,0x002FD5B0,128
xmen_fn_002FD5B0,0x002FD5B0,0x002FD7B0,512
xmen_fn_002FD7B0,0x002FD7B0,0x002FDA50,672
xmen_fn_002FDA50,0x002FDA50,0x002FDAD0,128
xmen_fn_002FDAD0,0x002FDAD0,0x002FDDA0,720
xmen_fn_002FDDA0,0x002FDDA0,0x002FDDB0,16
xmen_fn_002FDDB0,0x002FDDB0,0x002FDDC0,16
xmen_fn_002FDDC0,0x002FDDC0,0x002FDFA0,480
xmen_fn_002FDFA0,0x002FDFA0,0x002FE0B0,272
xmen_fn_002FE0B0,0x002FE0B0,0x002FE0C0,16
xmen_fn_002FE0C0,0x002FE0C0,0x002FE1C0,256
xmen_fn_002FE1C0,0x002FE1C0,0x002FE670,1200
xmen_fn_002FE670,0x002FE670,0x002FE680,16
xmen_fn_002FE680,0x002FE680,0x002FE690,16
xmen_fn_002FE690,0x002FE690,0x002FE6A0,16
xmen_fn_002FE6A0,0x002FE6A0,0x002FE6B0,16
xmen_fn_002FE6B0,0x002FE6B0,0x002FE720,112
xmen_fn_002FE720,0x002FE720,0x002FF1C0,2720
xmen_fn_002FF1C0,0x002FF1C0,0x002FF290,208
xmen_fn_002FF290,0x002FF290,0x002FF2B0,32
xmen_fn_002FF2B0,0x002FF2B0,0x002FF2C0,16
xmen_fn_002FF2C0,0x002FF2C0,0x002FF2D0,16
xmen_fn_002FF2D0,0x002FF2D0,0x002FF370,160
xmen_fn_002FF370,0x002FF370,0x002FF5C0,592
xmen_fn_002FF5C0,0x002FF5C0,0x002FF780,448
xmen_fn_002FF780,0x002FF780,0x002FF800,128
xmen_fn_002FF800,0x002FF800,0x002FFCC0,1216
xmen_fn_002FFCC0,0x002FFCC0,0x002FFCD0,16
xmen_fn_002FFCD0,0x002FFCD0,0x002FFDD0,256
xmen_fn_002FFDD0,0x002FFDD0,0x00300280,1200
xmen_fn_00300280,0x00300280,0x00300290,16
xmen_fn_00300290,0x00300290,0x003002A0,16
xmen_fn_003002A0,0x003002A0,0x00300F60,3264
xmen_fn_00300F60,0x00300F60,0x00300F70,16
xmen_fn_00300F70,0x00300F70,0x00300F90,32
xmen_fn_00300F90,0x00300F90,0x00300FB0,32
xmen_fn_00300FB0,0x00300FB0,0x00301000,80
xmen_fn_00301000,0x00301000,0x00301B90,2960
xmen_fn_00301B90,0x00301B90,0x00301C00,112
xmen_fn_00301C00,0x00301C00,0x00301C60,96
xmen_fn_00301C60,0x00301C60,0x00301C70,16
xmen_fn_00301C70,0x00301C70,0x00301CF0,128
xmen_fn_00301CF0,0x00301CF0,0x00301DD0,224
xmen_fn_00301DD0,0x00301DD0,0x00301E20,80
xmen_fn_00301E20,0x00301E20,0x00301F30,272
xmen_fn_00301F30,0x00301F30,0x00302000,208
xmen_fn_00302000,0x00302000,0x00302060,96
xmen_fn_00302060,0x00302060,0x003020B0,80
xmen_fn_003020B0,0x003020B0,0x00302100,80
xmen_fn_00302100,0x00302100,0x003021B0,176
xmen_fn_003021B0,0x003021B0,0x00302210,96
xmen_fn_00302210,0x00302210,0x00302230,32
xmen_fn_00302230,0x00302230,0x003022C0,144
xmen_fn_003022C0,0x003022C0,0x00302320,96
xmen_fn_00302320,0x00302320,0x00302360,64
xmen_fn_00302360,0x00302360,0x003023B0,80
xmen_fn_003023B0,0x003023B0,0x00302680,720
xmen_fn_00302680,0x00302680,0x003026D0,80
xmen_fn_003026D0,0x003026D0,0x00302720,80
xmen_fn_00302720,0x00302720,0x003027D0,176
xmen_fn_003027D0,0x003027D0,0x00302830,96
xmen_fn_00302830,0x00302830,0x00302850,32
xmen_fn_00302850,0x00302850,0x003029B0,352
xmen_fn_003029B0,0x003029B0,0x00302C00,592
xmen_fn_00302C00,0x00302C00,0x00303A80,3712
xmen_fn_00303A80,0x00303A80,0x00303B00,128
xmen_fn_00303B00,0x00303B00,0x00303E70,880
xmen_fn_00303E70,0x00303E70,0x00303EE0,112
xmen_fn_00303EE0,0x00303EE0,0x00303F60,128
xmen_fn_00303F60,0x00303F60,0x00304F40,4064
xmen_fn_00304F40,0x00304F40,0x003073A0,9312
xmen_fn_003073A0,0x003073A0,0x003073F0,80
xmen_fn_003073F0,0x003073F0,0x003077D0,992
xmen_fn_003077D0,0x003077D0,0x00307870,160
xmen_fn_00307870,0x00307870,0x00307940,208
xmen_fn_00307940,0x00307940,0x00307A70,304
xmen_fn_00307A70,0x00307A70,0x00307A80,16
xmen_fn_00307A80,0x00307A80,0x00307A90,16
xmen_fn_00307A90,0x00307A90,0x00307B10,128
xmen_fn_00307B10,0x00307B10,0x00307B60,80
xmen_fn_00307B60,0x00307B60,0x00307C40,224
xmen_fn_00307C40,0x00307C40,0x00307C70,48
xmen_fn_00307C70,0x00307C70,0x003083D0,1888
xmen_fn_003083D0,0x003083D0,0x003083E0,16
xmen_fn_003083E0,0x003083E0,0x003083F0,16
xmen_fn_003083F0,0x003083F0,0x00308420,48
xmen_fn_00308420,0x00308420,0x00308460,64
xmen_fn_00308460,0x00308460,0x003084F0,144
xmen_fn_003084F0,0x003084F0,0x00308550,96
xmen_fn_00308550,0x00308550,0x00308750,512
xmen_fn_00308750,0x00308750,0x003087A0,80
xmen_fn_003087A0,0x003087A0,0x00308850,176
xmen_fn_00308850,0x00308850,0x00308C80,1072
xmen_fn_00308C80,0x00308C80,0x00308DA0,288
xmen_fn_00308DA0,0x00308DA0,0x00308F90,496
xmen_fn_00308F90,0x00308F90,0x003096C0,1840
xmen_fn_003096C0,0x003096C0,0x00309A90,976
xmen_fn_00309A90,0x00309A90,0x0030A320,2192
xmen_fn_0030A320,0x0030A320,0x0030A3C0,160
xmen_fn_0030A3C0,0x0030A3C0,0x0030A3F0,48
xmen_fn_0030A3F0,0x0030A3F0,0x0030A400,16
xmen_fn_0030A400,0x0030A400,0x0030A470,112
xmen_fn_0030A470,0x0030A470,0x0030A4C0,80
xmen_fn_0030A4C0,0x0030A4C0,0x0030A540,128
xmen_fn_0030A540,0x0030A540,0x0030A5C0,128
xmen_fn_0030A5C0,0x0030A5C0,0x0030A650,144
xmen_fn_0030A650,0x0030A650,0x0030A6A0,80
xmen_fn_0030A6A0,0x0030A6A0,0x0030A6F0,80
xmen_fn_0030A6F0,0x0030A6F0,0x0030A700,16
xmen_fn_0030A700,0x0030A700,0x0030A710,16
xmen_fn_0030A710,0x0030A710,0x0030A7A0,144
xmen_fn_0030A7A0,0x0030A7A0,0x0030A7F0,80
xmen_fn_0030A7F0,0x0030A7F0,0x0030AA10,544
xmen_fn_0030AA10,0x0030AA10,0x0030AC30,544
xmen_fn_0030AC30,0x0030AC30,0x0030ACC0,144
xmen_fn_0030ACC0,0x0030ACC0,0x0030AEC0,512
xmen_fn_0030AEC0,0x0030AEC0,0x0030B040,384
xmen_fn_0030B040,0x0030B040,0x0030B080,64
xmen_fn_0030B080,0x0030B080,0x0030B100,128
xmen_fn_0030B100,0x0030B100,0x0030B120,32
xmen_fn_0030B120,0x0030B120,0x0030B1B0,144
xmen_fn_0030B1B0,0x0030B1B0,0x0030B230,128
xmen_fn_0030B230,0x0030B230,0x0030B2A0,112
xmen_fn_0030B2A0,0x0030B2A0,0x0030B3D0,304
xmen_fn_0030B3D0,0x0030B3D0,0x0030B440,112
xmen_fn_0030B440,0x0030B440,0x0030B570,304
xmen_fn_0030B570,0x0030B570,0x0030B830,704
xmen_fn_0030B830,0x0030B830,0x0030B860,48
xmen_fn_0030B860,0x0030B860,0x0030BBC0,864
xmen_fn_0030BBC0,0x0030BBC0,0x0030BDB0,496
xmen_fn_0030BDB0,0x0030BDB0,0x0030C200,1104
xmen_fn_0030C200,0x0030C200,0x0030C2D0,208
xmen_fn_0030C2D0,0x0030C2D0,0x0030C3D0,256
xmen_fn_0030C3D0,0x0030C3D0,0x0030C4A0,208
xmen_fn_0030C4A0,0x0030C4A0,0x0030C4B0,16
xmen_fn_0030C4B0,0x0030C4B0,0x0030CA00,1360
xmen_fn_0030CA00,0x0030CA00,0x0030D320,2336
xmen_fn_0030D320,0x0030D320,0x0030D3D0,176
xmen_fn_0030D3D0,0x0030D3D0,0x0030D4A0,208
xmen_fn_0030D4A0,0x0030D4A0,0x0030D4C0,32
xmen_fn_0030D4C0,0x0030D4C0,0x0030D520,96
xmen_fn_0030D520,0x0030D520,0x0030D5A0,128
xmen_fn_0030D5A0,0x0030D5A0,0x0030D6D0,304
xmen_fn_0030D6D0,0x0030D6D0,0x0030D7F0,288
xmen_fn_0030D7F0,0x0030D7F0,0x0030D950,352
xmen_fn_0030D950,0x0030D950,0x0030DBA0,592
xmen_fn_0030DBA0,0x0030DBA0,0x0030DBB0,16
xmen_fn_0030DBB0,0x0030DBB0,0x0030DD40,400
xmen_fn_0030DD40,0x0030DD40,0x0030DEF0,432
xmen_fn_0030DEF0,0x0030DEF0,0x0030E090,416
xmen_fn_0030E090,0x0030E090,0x0030E420,912
xmen_fn_0030E420,0x0030E420,0x0030F220,3584
xmen_fn_0030F220,0x0030F220,0x0030F230,16
xmen_fn_0030F230,0x0030F230,0x0030F290,96
xmen_fn_0030F290,0x0030F290,0x0030F2F0,96
xmen_fn_0030F2F0,0x0030F2F0,0x0030F310,32
xmen_fn_0030F310,0x0030F310,0x0030F420,272
xmen_fn_0030F420,0x0030F420,0x0030F6B0,656
xmen_fn_0030F6B0,0x0030F6B0,0x0030F730,128
xmen_fn_0030F730,0x0030F730,0x0030F800,208
xmen_fn_0030F800,0x0030F800,0x0030F8D0,208
xmen_fn_0030F8D0,0x0030F8D0,0x0030FD20,1104
xmen_fn_0030FD20,0x0030FD20,0x0030FD40,32
xmen_fn_0030FD40,0x0030FD40,0x0030FD50,16
xmen_fn_0030FD50,0x0030FD50,0x0030FD60,16
xmen_fn_0030FD60,0x0030FD60,0x0030FEF0,400
xmen_fn_0030FEF0,0x0030FEF0,0x0030FF70,128
xmen_fn_0030FF70,0x0030FF70,0x00310040,208
xmen_fn_00310040,0x00310040,0x003100C0,128
xmen_fn_003100C0,0x003100C0,0x00310220,352
xmen_fn_00310220,0x00310220,0x00310280,96
xmen_fn_00310280,0x00310280,0x00310350,208
xmen_fn_00310350,0x00310350,0x003103F0,160
xmen_fn_003103F0,0x003103F0,0x003106A0,688
xmen_fn_003106A0,0x003106A0,0x00310720,128
xmen_fn_00310720,0x00310720,0x003110D0,2480
xmen_fn_003110D0,0x003110D0,0x00311670,1440
xmen_fn_00311670,0x00311670,0x00311680,16
xmen_fn_00311680,0x00311680,0x00311690,16
xmen_fn_00311690,0x00311690,0x003117A0,272
xmen_fn_003117A0,0x003117A0,0x003117F0,80
xmen_fn_003117F0,0x003117F0,0x00311850,96
xmen_fn_00311850,0x00311850,0x003118B0,96
xmen_fn_003118B0,0x003118B0,0x00311B00,592
xmen_fn_00311B00,0x00311B00,0x00311B40,64
xmen_fn_00311B40,0x00311B40,0x00311C10,208
xmen_fn_00311C10,0x00311C10,0x00311C50,64
xmen_fn_00311C50,0x00311C50,0x00311D40,240
xmen_fn_00311D40,0x00311D40,0x00311D50,16
xmen_fn_00311D50,0x00311D50,0x00311DD0,128
xmen_fn_00311DD0,0x00311DD0,0x00311DE0,16
xmen_fn_00311DE0,0x00311DE0,0x00311DF0,16
xmen_fn_00311DF0,0x00311DF0,0x00312000,528
xmen_fn_00312000,0x00312000,0x00312040,64
xmen_fn_00312040,0x00312040,0x00312680,1600
xmen_fn_00312680,0x00312680,0x00312D20,1696
xmen_fn_00312D20,0x00312D20,0x00313010,752
xmen_fn_00313010,0x00313010,0x003130E0,208
xmen_fn_003130E0,0x003130E0,0x003131C0,224
xmen_fn_003131C0,0x003131C0,0x00313250,144
xmen_fn_00313250,0x00313250,0x00313840,1520
xmen_fn_00313840,0x00313840,0x00313860,32
xmen_fn_00313860,0x00313860,0x00313920,192
xmen_fn_00313920,0x00313920,0x00313930,16
xmen_fn_00313930,0x00313930,0x00313970,64
xmen_fn_00313970,0x00313970,0x00313A00,144
xmen_fn_00313A00,0x00313A00,0x00313AF0,240
xmen_fn_00313AF0,0x00313AF0,0x00313B00,16
xmen_fn_00313B00,0x00313B00,0x00313E00,768
xmen_fn_00313E00,0x00313E00,0x00314010,528
xmen_fn_00314010,0x00314010,0x003140D0,192
xmen_fn_003140D0,0x003140D0,0x003140E0,16
xmen_fn_003140E0,0x003140E0,0x00314160,128
xmen_fn_00314160,0x00314160,0x00314210,176
xmen_fn_00314210,0x00314210,0x00314220,16
xmen_fn_00314220,0x00314220,0x00314240,32
xmen_fn_00314240,0x00314240,0x00314430,496
xmen_fn_00314430,0x00314430,0x003144D0,160
xmen_fn_003144D0,0x003144D0,0x003144E0,16
xmen_fn_003144E0,0x003144E0,0x00314560,128
xmen_fn_00314560,0x00314560,0x00314610,176
xmen_fn_00314610,0x00314610,0x00314620,16
xmen_fn_00314620,0x00314620,0x00314640,32
xmen_fn_00314640,0x00314640,0x00314EF0,2224
xmen_fn_00314EF0,0x00314EF0,0x00315300,1040
xmen_fn_00315300,0x00315300,0x003157C0,1216
xmen_fn_003157C0,0x003157C0,0x00315AC0,768
xmen_fn_00315AC0,0x00315AC0,0x00316350,2192
xmen_fn_00316350,0x00316350,0x003163A0,80
xmen_fn_003163A0,0x003163A0,0x00316B10,1904
xmen_fn_00316B10,0x00316B10,0x00316BF0,224
xmen_fn_00316BF0,0x00316BF0,0x00316C00,16
xmen_fn_00316C00,0x00316C00,0x003172E0,1760
xmen_fn_003172E0,0x003172E0,0x00317410,304
xmen_fn_00317410,0x00317410,0x00317540,304
xmen_fn_00317540,0x00317540,0x00317600,192
xmen_fn_00317600,0x00317600,0x00317680,128
xmen_fn_00317680,0x00317680,0x00317720,160
xmen_fn_00317720,0x00317720,0x003177C0,160
xmen_fn_003177C0,0x003177C0,0x00317920,352
xmen_fn_00317920,0x00317920,0x003192B0,6544
xmen_fn_003192B0,0x003192B0,0x003195A0,752
xmen_fn_003195A0,0x003195A0,0x00319D90,2032
xmen_fn_00319D90,0x00319D90,0x00319DA0,16
xmen_fn_00319DA0,0x00319DA0,0x00319EA0,256
xmen_fn_00319EA0,0x00319EA0,0x0031A350,1200
xmen_fn_0031A350,0x0031A350,0x0031A360,16
xmen_fn_0031A360,0x0031A360,0x0031A370,16
xmen_fn_0031A370,0x0031A370,0x0031A380,16
xmen_fn_0031A380,0x0031A380,0x0031C940,9664
xmen_fn_0031C940,0x0031C940,0x0031C960,32
xmen_fn_0031C960,0x0031C960,0x0031C970,16
xmen_fn_0031C970,0x0031C970,0x0031C9F0,128
xmen_fn_0031C9F0,0x0031C9F0,0x0031D2C0,2256
xmen_fn_0031D2C0,0x0031D2C0,0x0031D310,80
xmen_fn_0031D310,0x0031D310,0x0031D360,80
xmen_fn_0031D360,0x0031D360,0x0031D410,176
xmen_fn_0031D410,0x0031D410,0x0031D470,96
xmen_fn_0031D470,0x0031D470,0x0031D490,32
xmen_fn_0031D490,0x0031D490,0x0031D7D0,832
xmen_fn_0031D7D0,0x0031D7D0,0x0031DB50,896
xmen_fn_0031DB50,0x0031DB50,0x0031DBD0,128
xmen_fn_0031DBD0,0x0031DBD0,0x0031DC30,96
xmen_fn_0031DC30,0x0031DC30,0x0031DDA0,368
xmen_fn_0031DDA0,0x0031DDA0,0x0031DDF0,80
xmen_fn_0031DDF0,0x0031DDF0,0x0031DE30,64
xmen_fn_0031DE30,0x0031DE30,0x0031DE90,96
xmen_fn_0031DE90,0x0031DE90,0x0031DF50,192
xmen_fn_0031DF50,0x0031DF50,0x0031DFA0,80
xmen_fn_0031DFA0,0x0031DFA0,0x0031DFD0,48
xmen_fn_0031DFD0,0x0031DFD0,0x0031DFE0,16
xmen_fn_0031DFE0,0x0031DFE0,0x0031E0F0,272
xmen_fn_0031E0F0,0x0031E0F0,0x0031E140,80
xmen_fn_0031E140,0x0031E140,0x0031E290,336
xmen_fn_0031E290,0x0031E290,0x0031E300,112
xmen_fn_0031E300,0x0031E300,0x0031E350,80
xmen_fn_0031E350,0x0031E350,0x0031E400,176
xmen_fn_0031E400,0x0031E400,0x0031E460,96
xmen_fn_0031E460,0x0031E460,0x0031E480,32
xmen_fn_0031E480,0x0031E480,0x0031F850,5072
xmen_fn_0031F850,0x0031F850,0x0031F970,288
xmen_fn_0031F970,0x0031F970,0x0031FAF0,384
xmen_fn_0031FAF0,0x0031FAF0,0x0031FB10,32
xmen_fn_0031FB10,0x0031FB10,0x0031FB20,16
xmen_fn_0031FB20,0x0031FB20,0x0031FB40,32
xmen_fn_0031FB40,0x0031FB40,0x0031FB50,16
xmen_fn_0031FB50,0x0031FB50,0x0031FB70,32
xmen_fn_0031FB70,0x0031FB70,0x0031FB90,32
xmen_fn_0031FB90,0x0031FB90,0x0031FBA0,16
xmen_fn_0031FBA0,0x0031FBA0,0x00320080,1248
xmen_fn_00320080,0x00320080,0x00320250,464
xmen_fn_00320250,0x00320250,0x00320770,1312
xmen_fn_00320770,0x00320770,0x00320970,512
xmen_fn_00320970,0x00320970,0x00320D10,928
xmen_fn_00320D10,0x00320D10,0x00321B90,3712
xmen_fn_00321B90,0x00321B90,0x00321D20,400
xmen_fn_00321D20,0x00321D20,0x00321FB0,656
xmen_fn_00321FB0,0x00321FB0,0x00322140,400
xmen_fn_00322140,0x00322140,0x00322230,240
xmen_fn_00322230,0x00322230,0x00322380,336
xmen_fn_00322380,0x00322380,0x00322550,464
xmen_fn_00322550,0x00322550,0x00322660,272
xmen_fn_00322660,0x00322660,0x00322890,560
xmen_fn_00322890,0x00322890,0x003228C0,48
xmen_fn_003228C0,0x003228C0,0x00322B30,624
xmen_fn_00322B30,0x00322B30,0x00322F20,1008
xmen_fn_00322F20,0x00322F20,0x00322F40,32
xmen_fn_00322F40,0x00322F40,0x00322F50,16
xmen_fn_00322F50,0x00322F50,0x00322FF0,160
xmen_fn_00322FF0,0x00322FF0,0x003230F0,256
xmen_fn_003230F0,0x003230F0,0x003231F0,256
xmen_fn_003231F0,0x003231F0,0x003236D0,1248
xmen_fn_003236D0,0x003236D0,0x003236E0,16
xmen_fn_003236E0,0x003236E0,0x00324200,2848
xmen_fn_00324200,0x00324200,0x003246A0,1184
xmen_fn_003246A0,0x003246A0,0x003246E0,64
xmen_fn_003246E0,0x003246E0,0x00324FC0,2272
xmen_fn_00324FC0,0x00324FC0,0x00325160,416
xmen_fn_00325160,0x00325160,0x003251E0,128
xmen_fn_003251E0,0x003251E0,0x003252B0,208
xmen_fn_003252B0,0x003252B0,0x00325330,128
xmen_fn_00325330,0x00325330,0x00325400,208
xmen_fn_00325400,0x00325400,0x00325480,128
xmen_fn_00325480,0x00325480,0x00325550,208
xmen_fn_00325550,0x00325550,0x003255D0,128
xmen_fn_003255D0,0x003255D0,0x003256A0,208
xmen_fn_003256A0,0x003256A0,0x003257F0,336
xmen_fn_003257F0,0x003257F0,0x00325840,80
xmen_fn_00325840,0x00325840,0x00325AF0,688
xmen_fn_00325AF0,0x00325AF0,0x00325B30,64
xmen_fn_00325B30,0x00325B30,0x00325B60,48
xmen_fn_00325B60,0x00325B60,0x00325BF0,144
xmen_fn_00325BF0,0x00325BF0,0x00325F70,896
xmen_fn_00325F70,0x00325F70,0x00325FD0,96
xmen_fn_00325FD0,0x00325FD0,0x003262E0,784
xmen_fn_003262E0,0x003262E0,0x00326360,128
xmen_fn_00326360,0x00326360,0x00326430,208
xmen_fn_00326430,0x00326430,0x003264B0,128
xmen_fn_003264B0,0x003264B0,0x00326580,208
xmen_fn_00326580,0x00326580,0x00326600,128
xmen_fn_00326600,0x00326600,0x003266D0,208
xmen_fn_003266D0,0x003266D0,0x00326750,128
xmen_fn_00326750,0x00326750,0x00326820,208
xmen_fn_00326820,0x00326820,0x003268A0,128
xmen_fn_003268A0,0x003268A0,0x00326970,208
xmen_fn_00326970,0x00326970,0x00326D70,1024
xmen_fn_00326D70,0x00326D70,0x00326D90,32
xmen_fn_00326D90,0x00326D90,0x00326E30,160
xmen_fn_00326E30,0x00326E30,0x00326EB0,128
xmen_fn_00326EB0,0x00326EB0,0x003273D0,1312
xmen_fn_003273D0,0x003273D0,0x003273F0,32
xmen_fn_003273F0,0x003273F0,0x00327540,336
xmen_fn_00327540,0x00327540,0x003275C0,128
xmen_fn_003275C0,0x003275C0,0x00327690,208
xmen_fn_00327690,0x00327690,0x00327700,112
xmen_fn_00327700,0x00327700,0x00327780,128
xmen_fn_00327780,0x00327780,0x00327850,208
xmen_fn_00327850,0x00327850,0x003278E0,144
xmen_fn_003278E0,0x003278E0,0x00327AC0,480
xmen_fn_00327AC0,0x00327AC0,0x00327E40,896
xmen_fn_00327E40,0x00327E40,0x00327E50,16
xmen_fn_00327E50,0x00327E50,0x00327F50,256
xmen_fn_00327F50,0x00327F50,0x00328400,1200
xmen_fn_00328400,0x00328400,0x00328410,16
xmen_fn_00328410,0x00328410,0x00328420,16
xmen_fn_00328420,0x00328420,0x00328DC0,2464
xmen_fn_00328DC0,0x00328DC0,0x00328EA0,224
xmen_fn_00328EA0,0x00328EA0,0x003292B0,1040
xmen_fn_003292B0,0x003292B0,0x00329330,128
xmen_fn_00329330,0x00329330,0x00329C30,2304
xmen_fn_00329C30,0x00329C30,0x00329C40,16
xmen_fn_00329C40,0x00329C40,0x00329D10,208
xmen_fn_00329D10,0x00329D10,0x00329D70,96
xmen_fn_00329D70,0x00329D70,0x00329EF0,384
xmen_fn_00329EF0,0x00329EF0,0x00329F00,16
xmen_fn_00329F00,0x00329F00,0x00329F20,32
xmen_fn_00329F20,0x00329F20,0x0032B510,5616
xmen_fn_0032B510,0x0032B510,0x0032B520,16
xmen_fn_0032B520,0x0032B520,0x0032B530,16
xmen_fn_0032B530,0x0032B530,0x0032B5B0,128
xmen_fn_0032B5B0,0x0032B5B0,0x0032B690,224
xmen_fn_0032B690,0x0032B690,0x0032B7D0,320
xmen_fn_0032B7D0,0x0032B7D0,0x0032BA70,672
xmen_fn_0032BA70,0x0032BA70,0x0032BDB0,832
xmen_fn_0032BDB0,0x0032BDB0,0x0032BF30,384
xmen_fn_0032BF30,0x0032BF30,0x0032C250,800
xmen_fn_0032C250,0x0032C250,0x0032C540,752
xmen_fn_0032C540,0x0032C540,0x0032C850,784
xmen_fn_0032C850,0x0032C850,0x0032CDE0,1424
xmen_fn_0032CDE0,0x0032CDE0,0x0032CEE0,256
xmen_fn_0032CEE0,0x0032CEE0,0x0032D040,352
xmen_fn_0032D040,0x0032D040,0x0032D050,16
xmen_fn_0032D050,0x0032D050,0x0032D060,16
xmen_fn_0032D060,0x0032D060,0x0032D070,16
xmen_fn_0032D070,0x0032D070,0x0032D080,16
xmen_fn_0032D080,0x0032D080,0x0032D090,16
xmen_fn_0032D090,0x0032D090,0x0032D0B0,32
xmen_fn_0032D0B0,0x0032D0B0,0x0032D0C0,16
xmen_fn_0032D0C0,0x0032D0C0,0x0032D4B0,1008
xmen_fn_0032D4B0,0x0032D4B0,0x0032D630,384
xmen_fn_0032D630,0x0032D630,0x0032D640,16
xmen_fn_0032D640,0x0032D640,0x0032D650,16
xmen_fn_0032D650,0x0032D650,0x0032D6D0,128
xmen_fn_0032D6D0,0x0032D6D0,0x0032D720,80
xmen_fn_0032D720,0x0032D720,0x0032D730,16
xmen_fn_0032D730,0x0032D730,0x0032D790,96
xmen_fn_0032D790,0x0032D790,0x0032D880,240
xmen_fn_0032D880,0x0032D880,0x0032D8B0,48
xmen_fn_0032D8B0,0x0032D8B0,0x0032DB50,672
xmen_fn_0032DB50,0x0032DB50,0x0032DC80,304
xmen_fn_0032DC80,0x0032DC80,0x0032E0E0,1120
xmen_fn_0032E0E0,0x0032E0E0,0x003305C0,9440
xmen_fn_003305C0,0x003305C0,0x003308A0,736
xmen_fn_003308A0,0x003308A0,0x00330930,144
xmen_fn_00330930,0x00330930,0x00330990,96
xmen_fn_00330990,0x00330990,0x00330D00,880
xmen_fn_00330D00,0x00330D00,0x00330D30,48
xmen_fn_00330D30,0x00330D30,0x00330D50,32
xmen_fn_00330D50,0x00330D50,0x00330D90,64
xmen_fn_00330D90,0x00330D90,0x00330DB0,32
xmen_fn_00330DB0,0x00330DB0,0x00330DC0,16
xmen_fn_00330DC0,0x00330DC0,0x00330DF0,48
xmen_fn_00330DF0,0x00330DF0,0x00330E80,144
xmen_fn_00330E80,0x00330E80,0x00330F90,272
xmen_fn_00330F90,0x00330F90,0x00331040,176
xmen_fn_00331040,0x00331040,0x003310A0,96
xmen_fn_003310A0,0x003310A0,0x003310E0,64
xmen_fn_003310E0,0x003310E0,0x00331180,160
xmen_fn_00331180,0x00331180,0x00331190,16
xmen_fn_00331190,0x00331190,0x003311C0,48
xmen_fn_003311C0,0x003311C0,0x003315B0,1008
xmen_fn_003315B0,0x003315B0,0x00331650,160
xmen_fn_00331650,0x00331650,0x003316D0,128
xmen_fn_003316D0,0x003316D0,0x003316E0,16
xmen_fn_003316E0,0x003316E0,0x00331710,48
xmen_fn_00331710,0x00331710,0x00331740,48
xmen_fn_00331740,0x00331740,0x00331770,48
xmen_fn_00331770,0x00331770,0x00331780,16
xmen_fn_00331780,0x00331780,0x003319F0,624
xmen_fn_003319F0,0x003319F0,0x00331A20,48
xmen_fn_00331A20,0x00331A20,0x00332140,1824
xmen_fn_00332140,0x00332140,0x003329A0,2144
xmen_fn_003329A0,0x003329A0,0x00332B30,400
xmen_fn_00332B30,0x00332B30,0x00332DD0,672
xmen_fn_00332DD0,0x00332DD0,0x00333030,608
xmen_fn_00333030,0x00333030,0x00333050,32
xmen_fn_00333050,0x00333050,0x00333060,16
xmen_fn_00333060,0x00333060,0x00333110,176
xmen_fn_00333110,0x00333110,0x00333190,128
xmen_fn_00333190,0x00333190,0x003331A0,16
xmen_fn_003331A0,0x003331A0,0x003332A0,256
xmen_fn_003332A0,0x003332A0,0x00333760,1216
xmen_fn_00333760,0x00333760,0x00333770,16
xmen_fn_00333770,0x00333770,0x00333780,16
xmen_fn_00333780,0x00333780,0x00333790,16
xmen_fn_00333790,0x00333790,0x003337A0,16
xmen_fn_003337A0,0x003337A0,0x00333940,416
xmen_fn_00333940,0x00333940,0x003339A0,96
xmen_fn_003339A0,0x003339A0,0x003339B0,16
xmen_fn_003339B0,0x003339B0,0x00333A30,128
xmen_fn_00333A30,0x00333A30,0x00333B10,224
xmen_fn_00333B10,0x00333B10,0x00333B90,128
xmen_fn_00333B90,0x00333B90,0x00333C60,208
xmen_fn_00333C60,0x00333C60,0x00333D70,272
xmen_fn_00333D70,0x00333D70,0x00333E10,160
xmen_fn_00333E10,0x00333E10,0x00333E20,16
xmen_fn_00333E20,0x00333E20,0x00333F50,304
xmen_fn_00333F50,0x00333F50,0x00334050,256
xmen_fn_00334050,0x00334050,0x003341B0,352
xmen_fn_003341B0,0x003341B0,0x003341C0,16
xmen_fn_003341C0,0x003341C0,0x003341E0,32
xmen_fn_003341E0,0x003341E0,0x003341F0,16
xmen_fn_003341F0,0x003341F0,0x00334290,160
xmen_fn_00334290,0x00334290,0x00334360,208
xmen_fn_00334360,0x00334360,0x003343E0,128
xmen_fn_003343E0,0x003343E0,0x00334650,624
xmen_fn_00334650,0x00334650,0x003346A0,80
xmen_fn_003346A0,0x003346A0,0x003346E0,64
xmen_fn_003346E0,0x003346E0,0x00334740,96
xmen_fn_00334740,0x00334740,0x00334810,208
xmen_fn_00334810,0x00334810,0x00334AB0,672
xmen_fn_00334AB0,0x00334AB0,0x00334AD0,32
xmen_fn_00334AD0,0x00334AD0,0x00334B10,64
xmen_fn_00334B10,0x00334B10,0x00334B30,32
xmen_fn_00334B30,0x00334B30,0x00334B40,16
xmen_fn_00334B40,0x00334B40,0x00334B50,16
xmen_fn_00334B50,0x00334B50,0x00334B60,16
xmen_fn_00334B60,0x00334B60,0x00334B70,16
xmen_fn_00334B70,0x00334B70,0x00334D30,448
xmen_fn_00334D30,0x00334D30,0x00334F30,512
xmen_fn_00334F30,0x00334F30,0x00334F40,16
xmen_fn_00334F40,0x00334F40,0x00334F50,16
xmen_fn_00334F50,0x00334F50,0x00334F60,16
xmen_fn_00334F60,0x00334F60,0x00335070,272
xmen_fn_00335070,0x00335070,0x00335270,512
xmen_fn_00335270,0x00335270,0x00335680,1040
xmen_fn_00335680,0x00335680,0x00335700,128
xmen_fn_00335700,0x00335700,0x003357D0,208
xmen_fn_003357D0,0x003357D0,0x00335990,448
xmen_fn_00335990,0x00335990,0x00335AD0,320
xmen_fn_00335AD0,0x00335AD0,0x00335F70,1184
xmen_fn_00335F70,0x00335F70,0x003365E0,1648
xmen_fn_003365E0,0x003365E0,0x00336A00,1056
xmen_fn_00336A00,0x00336A00,0x00336A30,48
xmen_fn_00336A30,0x00336A30,0x00336A60,48
xmen_fn_00336A60,0x00336A60,0x00336B10,176
xmen_fn_00336B10,0x00336B10,0x00336B80,112
xmen_fn_00336B80,0x00336B80,0x00336BC0,64
xmen_fn_00336BC0,0x00336BC0,0x00337000,1088
xmen_fn_00337000,0x00337000,0x003371B0,432
xmen_fn_003371B0,0x003371B0,0x00337530,896
xmen_fn_00337530,0x00337530,0x00338110,3040
xmen_fn_00338110,0x00338110,0x00338260,336
xmen_fn_00338260,0x00338260,0x00339410,4528
xmen_fn_00339410,0x00339410,0x003394E0,208
xmen_fn_003394E0,0x003394E0,0x00339ED0,2544
xmen_fn_00339ED0,0x00339ED0,0x0033A8B0,2528
xmen_fn_0033A8B0,0x0033A8B0,0x0033A9A0,240
xmen_fn_0033A9A0,0x0033A9A0,0x0033AD60,960
xmen_fn_0033AD60,0x0033AD60,0x0033AD90,48
xmen_fn_0033AD90,0x0033AD90,0x0033ADA0,16
xmen_fn_0033ADA0,0x0033ADA0,0x0033ADE0,64
xmen_fn_0033ADE0,0x0033ADE0,0x0033AE00,32
xmen_fn_0033AE00,0x0033AE00,0x0033AE20,32
xmen_fn_0033AE20,0x0033AE20,0x0033AE30,16
xmen_fn_0033AE30,0x0033AE30,0x0033B350,1312
xmen_fn_0033B350,0x0033B350,0x0033B3A0,80
xmen_fn_0033B3A0,0x0033B3A0,0x0033B440,160
xmen_fn_0033B440,0x0033B440,0x0033BE00,2496
xmen_fn_0033BE00,0x0033BE00,0x0033C490,1680
xmen_fn_0033C490,0x0033C490,0x0033C4C0,48
xmen_fn_0033C4C0,0x0033C4C0,0x0033C4D0,16
xmen_fn_0033C4D0,0x0033C4D0,0x0033C620,336
xmen_fn_0033C620,0x0033C620,0x0033CA00,992
xmen_fn_0033CA00,0x0033CA00,0x0033CE20,1056
xmen_fn_0033CE20,0x0033CE20,0x0033CE80,96
xmen_fn_0033CE80,0x0033CE80,0x0033D0F0,624
xmen_fn_0033D0F0,0x0033D0F0,0x0033D170,128
xmen_fn_0033D170,0x0033D170,0x0033D240,208
xmen_fn_0033D240,0x0033D240,0x0033D4B0,624
xmen_fn_0033D4B0,0x0033D4B0,0x0033D510,96
xmen_fn_0033D510,0x0033D510,0x0033D780,624
xmen_fn_0033D780,0x0033D780,0x0033D7E0,96
xmen_fn_0033D7E0,0x0033D7E0,0x0033D890,176
xmen_fn_0033D890,0x0033D890,0x0033DC40,944
xmen_fn_0033DC40,0x0033DC40,0x0033DD30,240
xmen_fn_0033DD30,0x0033DD30,0x0033DEA0,368
xmen_fn_0033DEA0,0x0033DEA0,0x0033DF20,128
xmen_fn_0033DF20,0x0033DF20,0x0033DFF0,208
xmen_fn_0033DFF0,0x0033DFF0,0x0033E060,112
xmen_fn_0033E060,0x0033E060,0x0033E0C0,96
xmen_fn_0033E0C0,0x0033E0C0,0x0033E320,608
xmen_fn_0033E320,0x0033E320,0x0033E330,16
xmen_fn_0033E330,0x0033E330,0x0033E960,1584
xmen_fn_0033E960,0x0033E960,0x0033EB60,512
xmen_fn_0033EB60,0x0033EB60,0x0033EBB0,80
xmen_fn_0033EBB0,0x0033EBB0,0x0033EBC0,16
xmen_fn_0033EBC0,0x0033EBC0,0x0033EC20,96
xmen_fn_0033EC20,0x0033EC20,0x0033EC70,80
xmen_fn_0033EC70,0x0033EC70,0x0033ED80,272
xmen_fn_0033ED80,0x0033ED80,0x0033EDD0,80
xmen_fn_0033EDD0,0x0033EDD0,0x0033EDF0,32
xmen_fn_0033EDF0,0x0033EDF0,0x0033EEB0,192
xmen_fn_0033EEB0,0x0033EEB0,0x0033EF20,112
xmen_fn_0033EF20,0x0033EF20,0x0033EFE0,192
xmen_fn_0033EFE0,0x0033EFE0,0x0033F090,176
xmen_fn_0033F090,0x0033F090,0x0033F0E0,80
xmen_fn_0033F0E0,0x0033F0E0,0x0033F140,96
xmen_fn_0033F140,0x0033F140,0x0033F1A0,96
xmen_fn_0033F1A0,0x0033F1A0,0x0033F3F0,592
xmen_fn_0033F3F0,0x0033F3F0,0x0033F440,80
xmen_fn_0033F440,0x0033F440,0x0033F550,272
xmen_fn_0033F550,0x0033F550,0x0033F600,176
xmen_fn_0033F600,0x0033F600,0x0033F720,288
xmen_fn_0033F720,0x0033F720,0x0033F850,304
xmen_fn_0033F850,0x0033F850,0x0033FCC0,1136
xmen_fn_0033FCC0,0x0033FCC0,0x0033FD20,96
xmen_fn_0033FD20,0x0033FD20,0x0033FDA0,128
xmen_fn_0033FDA0,0x0033FDA0,0x00340700,2400
xmen_fn_00340700,0x00340700,0x00340760,96
xmen_fn_00340760,0x00340760,0x00340A20,704
xmen_fn_00340A20,0x00340A20,0x00340A50,48
xmen_fn_00340A50,0x00340A50,0x00340AA0,80
xmen_fn_00340AA0,0x00340AA0,0x00340AC0,32
xmen_fn_00340AC0,0x00340AC0,0x00340B30,112
xmen_fn_00340B30,0x00340B30,0x00340B50,32
xmen_fn_00340B50,0x00340B50,0x00340B70,32
xmen_fn_00340B70,0x00340B70,0x00340B90,32
xmen_fn_00340B90,0x00340B90,0x00340BC0,48
xmen_fn_00340BC0,0x00340BC0,0x00340C00,64
xmen_fn_00340C00,0x00340C00,0x00340CE0,224
xmen_fn_00340CE0,0x00340CE0,0x00340E80,416
xmen_fn_00340E80,0x00340E80,0x00341110,656
xmen_fn_00341110,0x00341110,0x00341260,336
xmen_fn_00341260,0x00341260,0x003417A0,1344
xmen_fn_003417A0,0x003417A0,0x003419D0,560
xmen_fn_003419D0,0x003419D0,0x00341AD0,256
xmen_fn_00341AD0,0x00341AD0,0x00341C30,352
xmen_fn_00341C30,0x00341C30,0x00342130,1280
xmen_fn_00342130,0x00342130,0x00342210,224
xmen_fn_00342210,0x00342210,0x00342260,80
xmen_fn_00342260,0x00342260,0x003422B0,80
xmen_fn_003422B0,0x003422B0,0x00342360,176
xmen_fn_00342360,0x00342360,0x003423C0,96
xmen_fn_003423C0,0x003423C0,0x003423E0,32
xmen_fn_003423E0,0x003423E0,0x00342410,48
xmen_fn_00342410,0x00342410,0x00342A20,1552
xmen_fn_00342A20,0x00342A20,0x00342A40,32
xmen_fn_00342A40,0x00342A40,0x00342A50,16
xmen_fn_00342A50,0x00342A50,0x00342AD0,128
xmen_fn_00342AD0,0x00342AD0,0x00342BB0,224
xmen_fn_00342BB0,0x00342BB0,0x00342EC0,784
xmen_fn_00342EC0,0x00342EC0,0x00342ED0,16
xmen_fn_00342ED0,0x00342ED0,0x00342FD0,256
xmen_fn_00342FD0,0x00342FD0,0x00343480,1200
xmen_fn_00343480,0x00343480,0x00343490,16
xmen_fn_00343490,0x00343490,0x003434A0,16
xmen_fn_003434A0,0x003434A0,0x003434B0,16
xmen_fn_003434B0,0x003434B0,0x003435A0,240
xmen_fn_003435A0,0x003435A0,0x0034383C,668
xmen_fn_0034383C,0x0034383C,0x003440B0,2164
xmen_fn_003440B0,0x003440B0,0x00344160,176
xmen_fn_00344160,0x00344160,0x00344170,16
xmen_fn_00344170,0x00344170,0x00344230,192
xmen_fn_00344230,0x00344230,0x003442D0,160
xmen_fn_003442D0,0x003442D0,0x003442E0,16
xmen_fn_003442E0,0x003442E0,0x003449E0,1792
xmen_fn_003449E0,0x003449E0,0x00344A20,64
xmen_fn_00344A20,0x00344A20,0x00345040,1568
xmen_fn_00345040,0x00345040,0x00345140,256
xmen_fn_00345140,0x00345140,0x003451C0,128
xmen_fn_003451C0,0x003451C0,0x003453C0,512
xmen_fn_003453C0,0x003453C0,0x00345400,64
xmen_fn_00345400,0x00345400,0x00345450,80
xmen_fn_00345450,0x00345450,0x00345500,176
xmen_fn_00345500,0x00345500,0x00345530,48
xmen_fn_00345530,0x00345530,0x00345580,80
xmen_fn_00345580,0x00345580,0x003455C0,64
xmen_fn_003455C0,0x003455C0,0x00345620,96
xmen_fn_00345620,0x00345620,0x00345710,240
xmen_fn_00345710,0x00345710,0x00345C40,1328
xmen_fn_00345C40,0x00345C40,0x00345C50,16
xmen_fn_00345C50,0x00345C50,0x00345C90,64
xmen_fn_00345C90,0x00345C90,0x00345CA0,16
xmen_fn_00345CA0,0x00345CA0,0x00345D20,128
xmen_fn_00345D20,0x00345D20,0x00345E00,224
xmen_fn_00345E00,0x00345E00,0x00345E10,16
xmen_fn_00345E10,0x00345E10,0x00345F10,256
xmen_fn_00345F10,0x00345F10,0x003463C0,1200
xmen_fn_003463C0,0x003463C0,0x003463D0,16
xmen_fn_003463D0,0x003463D0,0x003463E0,16
xmen_fn_003463E0,0x003463E0,0x00346A00,1568
xmen_fn_00346A00,0x00346A00,0x00346A80,128
xmen_fn_00346A80,0x00346A80,0x00346C10,400
xmen_fn_00346C10,0x00346C10,0x00346C90,128
xmen_fn_00346C90,0x00346C90,0x00346E90,512
xmen_fn_00346E90,0x00346E90,0x00346EE0,80
xmen_fn_00346EE0,0x00346EE0,0x00346F20,64
xmen_fn_00346F20,0x00346F20,0x00346F80,96
xmen_fn_00346F80,0x00346F80,0x00347070,240
xmen_fn_00347070,0x00347070,0x003471C0,336
xmen_fn_003471C0,0x003471C0,0x003474B0,752
xmen_fn_003474B0,0x003474B0,0x003476F0,576
xmen_fn_003476F0,0x003476F0,0x003489B0,4800
xmen_fn_003489B0,0x003489B0,0x00348A40,144
xmen_fn_00348A40,0x00348A40,0x00348CC0,640
xmen_fn_00348CC0,0x00348CC0,0x00348EA0,480
xmen_fn_00348EA0,0x00348EA0,0x003491E0,832
xmen_fn_003491E0,0x003491E0,0x003495D0,1008
xmen_fn_003495D0,0x003495D0,0x00349810,576
xmen_fn_00349810,0x00349810,0x00349820,16
xmen_fn_00349820,0x00349820,0x00349EC0,1696
xmen_fn_00349EC0,0x00349EC0,0x00349FC0,256
xmen_fn_00349FC0,0x00349FC0,0x0034A120,352
xmen_fn_0034A120,0x0034A120,0x0034A130,16
xmen_fn_0034A130,0x0034A130,0x0034A140,16
xmen_fn_0034A140,0x0034A140,0x0034A150,16
xmen_fn_0034A150,0x0034A150,0x0034A160,16
xmen_fn_0034A160,0x0034A160,0x0034A170,16
xmen_fn_0034A170,0x0034A170,0x0034A190,32
xmen_fn_0034A190,0x0034A190,0x0034A1A0,16
xmen_fn_0034A1A0,0x0034A1A0,0x0034A380,480
xmen_fn_0034A380,0x0034A380,0x0034A500,384
xmen_fn_0034A500,0x0034A500,0x0034A5B0,176
xmen_fn_0034A5B0,0x0034A5B0,0x0034A600,80
xmen_fn_0034A600,0x0034A600,0x0034A770,368
xmen_fn_0034A770,0x0034A770,0x0034A7C0,80
xmen_fn_0034A7C0,0x0034A7C0,0x0034A830,112
xmen_fn_0034A830,0x0034A830,0x0034A8C0,144
xmen_fn_0034A8C0,0x0034A8C0,0x0034A980,192
xmen_fn_0034A980,0x0034A980,0x0034AB00,384
xmen_fn_0034AB00,0x0034AB00,0x0034AC50,336
xmen_fn_0034AC50,0x0034AC50,0x0034AE60,528
xmen_fn_0034AE60,0x0034AE60,0x0034AED0,112
xmen_fn_0034AED0,0x0034AED0,0x0034AFC0,240
xmen_fn_0034AFC0,0x0034AFC0,0x0034B320,864
xmen_fn_0034B320,0x0034B320,0x0034B370,80
xmen_fn_0034B370,0x0034B370,0x0034B9C0,1616
xmen_fn_0034B9C0,0x0034B9C0,0x0034BA20,96
xmen_fn_0034BA20,0x0034BA20,0x0034BB70,336
xmen_fn_0034BB70,0x0034BB70,0x0034BCD0,352
xmen_fn_0034BCD0,0x0034BCD0,0x0034BD10,64
xmen_fn_0034BD10,0x0034BD10,0x0034C6A0,2448
xmen_fn_0034C6A0,0x0034C6A0,0x0034C6C0,32
xmen_fn_0034C6C0,0x0034C6C0,0x0034C6D0,16
xmen_fn_0034C6D0,0x0034C6D0,0x0034C750,128
xmen_fn_0034C750,0x0034C750,0x0034C830,224
xmen_fn_0034C830,0x0034C830,0x0034C930,256
xmen_fn_0034C930,0x0034C930,0x0034CDE0,1200
xmen_fn_0034CDE0,0x0034CDE0,0x0034D3A0,1472
xmen_fn_0034D3A0,0x0034D3A0,0x0034D700,864
xmen_fn_0034D700,0x0034D700,0x0034D900,512
xmen_fn_0034D900,0x0034D900,0x0034D910,16
xmen_fn_0034D910,0x0034D910,0x0034D9E0,208
xmen_fn_0034D9E0,0x0034D9E0,0x0034E7A0,3520
xmen_fn_0034E7A0,0x0034E7A0,0x0034E8D0,304
xmen_fn_0034E8D0,0x0034E8D0,0x0034E970,160
xmen_fn_0034E970,0x0034E970,0x0034EC00,656
xmen_fn_0034EC00,0x0034EC00,0x0034ECE0,224
xmen_fn_0034ECE0,0x0034ECE0,0x0034ED50,112
xmen_fn_0034ED50,0x0034ED50,0x0034EDE0,144
xmen_fn_0034EDE0,0x0034EDE0,0x0034EEB0,208
xmen_fn_0034EEB0,0x0034EEB0,0x0034EF10,96
xmen_fn_0034EF10,0x0034EF10,0x0034EFF0,224
xmen_fn_0034EFF0,0x0034EFF0,0x0034F130,320
xmen_fn_0034F130,0x0034F130,0x0034F180,80
xmen_fn_0034F180,0x0034F180,0x0034F1D0,80
xmen_fn_0034F1D0,0x0034F1D0,0x0034F220,80
xmen_fn_0034F220,0x0034F220,0x0034F2A0,128
xmen_fn_0034F2A0,0x0034F2A0,0x0034F350,176
xmen_fn_0034F350,0x0034F350,0x0034F360,16
xmen_fn_0034F360,0x0034F360,0x0034F410,176
xmen_fn_0034F410,0x0034F410,0x0034F4C0,176
xmen_fn_0034F4C0,0x0034F4C0,0x0034F6F0,560
xmen_fn_0034F6F0,0x0034F6F0,0x0034F760,112
xmen_fn_0034F760,0x0034F760,0x0034F7D0,112
xmen_fn_0034F7D0,0x0034F7D0,0x0034F7E0,16
xmen_fn_0034F7E0,0x0034F7E0,0x0034FAC0,736
xmen_fn_0034FAC0,0x0034FAC0,0x0034FBB0,240
xmen_fn_0034FBB0,0x0034FBB0,0x0034FC10,96
xmen_fn_0034FC10,0x0034FC10,0x0034FC30,32
xmen_fn_0034FC30,0x0034FC30,0x0034FC70,64
xmen_fn_0034FC70,0x0034FC70,0x0034FCE0,112
xmen_fn_0034FCE0,0x0034FCE0,0x0034FE40,352
xmen_fn_0034FE40,0x0034FE40,0x0034FE90,80
xmen_fn_0034FE90,0x0034FE90,0x00350040,432
xmen_fn_00350040,0x00350040,0x00350090,80
xmen_fn_00350090,0x00350090,0x00350140,176
xmen_fn_00350140,0x00350140,0x003501A0,96
xmen_fn_003501A0,0x003501A0,0x00350420,640
xmen_fn_00350420,0x00350420,0x00350700,736
xmen_fn_00350700,0x00350700,0x00350D10,1552
xmen_fn_00350D10,0x00350D10,0x00350D50,64
xmen_fn_00350D50,0x00350D50,0x00350DA0,80
xmen_fn_00350DA0,0x00350DA0,0x00350E40,160
xmen_fn_00350E40,0x00350E40,0x00350EF0,176
xmen_fn_00350EF0,0x00350EF0,0x00350F70,128
xmen_fn_00350F70,0x00350F70,0x00350FC0,80
xmen_fn_00350FC0,0x00350FC0,0x00351030,112
xmen_fn_00351030,0x00351030,0x00351080,80
xmen_fn_00351080,0x00351080,0x003510F0,112
xmen_fn_003510F0,0x003510F0,0x003511B0,192
xmen_fn_003511B0,0x003511B0,0x00351280,208
xmen_fn_00351280,0x00351280,0x00351340,192
xmen_fn_00351340,0x00351340,0x003513C0,128
xmen_fn_003513C0,0x003513C0,0x00351400,64
xmen_fn_00351400,0x00351400,0x00351460,96
xmen_fn_00351460,0x00351460,0x00352D70,6416
xmen_fn_00352D70,0x00352D70,0x00353BC0,3664
xmen_fn_00353BC0,0x00353BC0,0x00353D10,336
xmen_fn_00353D10,0x00353D10,0x00353E20,272
xmen_fn_00353E20,0x00353E20,0x00353F20,256
xmen_fn_00353F20,0x00353F20,0x00354040,288
xmen_fn_00354040,0x00354040,0x00354340,768
xmen_fn_00354340,0x00354340,0x00354760,1056
xmen_fn_00354760,0x00354760,0x003547C0,96
xmen_fn_003547C0,0x003547C0,0x00354B50,912
xmen_fn_00354B50,0x00354B50,0x00354B80,48
xmen_fn_00354B80,0x00354B80,0x00354C00,128
xmen_fn_00354C00,0x00354C00,0x00354C10,16
xmen_fn_00354C10,0x00354C10,0x00354CA0,144
xmen_fn_00354CA0,0x00354CA0,0x00354E30,400
xmen_fn_00354E30,0x00354E30,0x00354F50,288
xmen_fn_00354F50,0x00354F50,0x00354F90,64
xmen_fn_00354F90,0x00354F90,0x00354FD0,64
xmen_fn_00354FD0,0x00354FD0,0x00355030,96
xmen_fn_00355030,0x00355030,0x003550A0,112
xmen_fn_003550A0,0x003550A0,0x003550F0,80
xmen_fn_003550F0,0x003550F0,0x003555C0,1232
xmen_fn_003555C0,0x003555C0,0x00355790,464
xmen_fn_00355790,0x00355790,0x00355850,192
xmen_fn_00355850,0x00355850,0x00355A30,480
xmen_fn_00355A30,0x00355A30,0x00356190,1888
xmen_fn_00356190,0x00356190,0x00356210,128
xmen_fn_00356210,0x00356210,0x00356270,96
xmen_fn_00356270,0x00356270,0x003562C0,80
xmen_fn_003562C0,0x003562C0,0x00356420,352
xmen_fn_00356420,0x00356420,0x00356820,1024
xmen_fn_00356820,0x00356820,0x00356AC0,672
xmen_fn_00356AC0,0x00356AC0,0x00356DF0,816
xmen_fn_00356DF0,0x00356DF0,0x00357B00,3344
xmen_fn_00357B00,0x00357B00,0x00357B10,16
xmen_fn_00357B10,0x00357B10,0x00357B20,16
xmen_fn_00357B20,0x00357B20,0x00357B60,64
xmen_fn_00357B60,0x00357B60,0x00357B90,48
xmen_fn_00357B90,0x00357B90,0x00357BC0,48
xmen_fn_00357BC0,0x00357BC0,0x00357BE0,32
xmen_fn_00357BE0,0x00357BE0,0x00357C40,96
xmen_fn_00357C40,0x00357C40,0x00357C70,48
xmen_fn_00357C70,0x00357C70,0x00357FA0,816
xmen_fn_00357FA0,0x00357FA0,0x00358840,2208
xmen_fn_00358840,0x00358840,0x00358A30,496
xmen_fn_00358A30,0x00358A30,0x00359840,3600
xmen_fn_00359840,0x00359840,0x0035A6B0,3696
xmen_fn_0035A6B0,0x0035A6B0,0x0035A700,80
xmen_fn_0035A700,0x0035A700,0x0035A7D0,208
xmen_fn_0035A7D0,0x0035A7D0,0x0035A810,64
xmen_fn_0035A810,0x0035A810,0x0035A8D0,192
xmen_fn_0035A8D0,0x0035A8D0,0x0035A9A0,208
xmen_fn_0035A9A0,0x0035A9A0,0x0035ACA0,768
xmen_fn_0035ACA0,0x0035ACA0,0x0035ACB0,16
xmen_fn_0035ACB0,0x0035ACB0,0x0035ACC0,16
xmen_fn_0035ACC0,0x0035ACC0,0x0035AE90,464
xmen_fn_0035AE90,0x0035AE90,0x0035B060,464
xmen_fn_0035B060,0x0035B060,0x0035B1B0,336
xmen_fn_0035B1B0,0x0035B1B0,0x0035B930,1920
xmen_fn_0035B930,0x0035B930,0x0035BFE0,1712
xmen_fn_0035BFE0,0x0035BFE0,0x0035CA60,2688
xmen_fn_0035CA60,0x0035CA60,0x0035D9B0,3920
xmen_fn_0035D9B0,0x0035D9B0,0x0035E310,2400
xmen_fn_0035E310,0x0035E310,0x0035E4B0,416
xmen_fn_0035E4B0,0x0035E4B0,0x0035E690,480
xmen_fn_0035E690,0x0035E690,0x0035E9F0,864
xmen_fn_0035E9F0,0x0035E9F0,0x0035EB40,336
xmen_fn_0035EB40,0x0035EB40,0x0035EB50,16
xmen_fn_0035EB50,0x0035EB50,0x0035EB60,16
xmen_fn_0035EB60,0x0035EB60,0x0035EBC0,96
xmen_fn_0035EBC0,0x0035EBC0,0x0035EC10,80
xmen_fn_0035EC10,0x0035EC10,0x0035EC40,48
xmen_fn_0035EC40,0x0035EC40,0x0035EC70,48
xmen_fn_0035EC70,0x0035EC70,0x0035ECA0,48
xmen_fn_0035ECA0,0x0035ECA0,0x0035EE00,352
xmen_fn_0035EE00,0x0035EE00,0x0035EE30,48
xmen_fn_0035EE30,0x0035EE30,0x0035F260,1072
xmen_fn_0035F260,0x0035F260,0x0035F270,16
xmen_fn_0035F270,0x0035F270,0x0035F280,16
xmen_fn_0035F280,0x0035F280,0x0035F290,16
xmen_fn_0035F290,0x0035F290,0x0035F2A0,16
xmen_fn_0035F2A0,0x0035F2A0,0x0035F2B0,16
xmen_fn_0035F2B0,0x0035F2B0,0x0035F360,176
xmen_fn_0035F360,0x0035F360,0x0035F370,16
xmen_fn_0035F370,0x0035F370,0x0035F380,16
xmen_fn_0035F380,0x0035F380,0x0035F4A0,288
xmen_fn_0035F4A0,0x0035F4A0,0x0035F5C0,288
xmen_fn_0035F5C0,0x0035F5C0,0x0035F6E0,288
xmen_fn_0035F6E0,0x0035F6E0,0x0035F810,304
xmen_fn_0035F810,0x0035F810,0x0035F8F0,224
xmen_fn_0035F8F0,0x0035F8F0,0x0035FA50,352
xmen_fn_0035FA50,0x0035FA50,0x0035FB10,192
xmen_fn_0035FB10,0x0035FB10,0x0035FD40,560
xmen_fn_0035FD40,0x0035FD40,0x00360000,704
xmen_fn_00360000,0x00360000,0x00360040,64
xmen_fn_00360040,0x00360040,0x00360050,16
xmen_fn_00360050,0x00360050,0x00360060,16
xmen_fn_00360060,0x00360060,0x00361370,4880
xmen_fn_00361370,0x00361370,0x003613F0,128
xmen_fn_003613F0,0x003613F0,0x00361440,80
xmen_fn_00361440,0x00361440,0x00361450,16
xmen_fn_00361450,0x00361450,0x00362AA0,5712
xmen_fn_00362AA0,0x00362AA0,0x00362AB0,16
xmen_fn_00362AB0,0x00362AB0,0x00362B10,96
xmen_fn_00362B10,0x00362B10,0x00362B60,80
xmen_fn_00362B60,0x00362B60,0x00362C10,176
xmen_fn_00362C10,0x00362C10,0x00362C70,96
xmen_fn_00362C70,0x00362C70,0x00362C90,32
xmen_fn_00362C90,0x00362C90,0x00362CA0,16
xmen_fn_00362CA0,0x00362CA0,0x003630B0,1040
xmen_fn_003630B0,0x003630B0,0x00363A50,2464
xmen_fn_00363A50,0x00363A50,0x00363F50,1280
xmen_fn_00363F50,0x00363F50,0x003642E0,912
xmen_fn_003642E0,0x003642E0,0x00364910,1584
xmen_fn_00364910,0x00364910,0x00364FA0,1680
xmen_fn_00364FA0,0x00364FA0,0x003652F0,848
xmen_fn_003652F0,0x003652F0,0x003661F0,3840
xmen_fn_003661F0,0x003661F0,0x00366330,320
xmen_fn_00366330,0x00366330,0x00366500,464
xmen_fn_00366500,0x00366500,0x003667C0,704
xmen_fn_003667C0,0x003667C0,0x003667F0,48
xmen_fn_003667F0,0x003667F0,0x00366A50,608
xmen_fn_00366A50,0x00366A50,0x00366A90,64
xmen_fn_00366A90,0x00366A90,0x00366B80,240
xmen_fn_00366B80,0x00366B80,0x00366D30,432
xmen_fn_00366D30,0x00366D30,0x00366DB0,128
xmen_fn_00366DB0,0x00366DB0,0x00366EA0,240
xmen_fn_00366EA0,0x00366EA0,0x00366F20,128
xmen_fn_00366F20,0x00366F20,0x00367010,240
xmen_fn_00367010,0x00367010,0x00367050,64
xmen_fn_00367050,0x00367050,0x00367120,208
xmen_fn_00367120,0x00367120,0x003672B0,400
xmen_fn_003672B0,0x003672B0,0x003672F0,64
xmen_fn_003672F0,0x003672F0,0x003673C0,208
xmen_fn_003673C0,0x003673C0,0x00367540,384
xmen_fn_00367540,0x00367540,0x00367580,64
xmen_fn_00367580,0x00367580,0x00367680,256
xmen_fn_00367680,0x00367680,0x00367700,128
xmen_fn_00367700,0x00367700,0x00367780,128
xmen_fn_00367780,0x00367780,0x00367970,496
xmen_fn_00367970,0x00367970,0x003679B0,64
xmen_fn_003679B0,0x003679B0,0x00367A70,192
xmen_fn_00367A70,0x00367A70,0x00367BF0,384
xmen_fn_00367BF0,0x00367BF0,0x00367C30,64
xmen_fn_00367C30,0x00367C30,0x00367D00,208
xmen_fn_00367D00,0x00367D00,0x00367E90,400
xmen_fn_00367E90,0x00367E90,0x00367ED0,64
xmen_fn_00367ED0,0x00367ED0,0x00367F90,192
xmen_fn_00367F90,0x00367F90,0x003681E0,592
xmen_fn_003681E0,0x003681E0,0x003683F0,528
xmen_fn_003683F0,0x003683F0,0x00368930,1344
xmen_fn_00368930,0x00368930,0x0036D2D0,18848
xmen_fn_0036D2D0,0x0036D2D0,0x00378680,46000
xmen_fn_00378680,0x00378680,0x00378710,144
xmen_fn_00378710,0x00378710,0x00379180,2672
xmen_fn_00379180,0x00379180,0x003793B0,560
xmen_fn_003793B0,0x003793B0,0x00379620,624
xmen_fn_00379620,0x00379620,0x00379670,80
xmen_fn_00379670,0x00379670,0x00379710,160
xmen_fn_00379710,0x00379710,0x003799F0,736
xmen_fn_003799F0,0x003799F0,0x00379AD0,224
xmen_fn_00379AD0,0x00379AD0,0x00379B80,176
xmen_fn_00379B80,0x00379B80,0x00379C50,208
xmen_fn_00379C50,0x00379C50,0x00379D60,272
xmen_fn_00379D60,0x00379D60,0x00379E10,176
xmen_fn_00379E10,0x00379E10,0x00379F10,256
xmen_fn_00379F10,0x00379F10,0x0037A1E0,720
xmen_fn_0037A1E0,0x0037A1E0,0x0037A280,160
xmen_fn_0037A280,0x0037A280,0x0037A3C0,320
xmen_fn_0037A3C0,0x0037A3C0,0x0037A440,128
xmen_fn_0037A440,0x0037A440,0x0037A730,752
xmen_fn_0037A730,0x0037A730,0x0037A7E0,176
xmen_fn_0037A7E0,0x0037A7E0,0x0037AAE0,768
xmen_fn_0037AAE0,0x0037AAE0,0x0037B890,3504
xmen_fn_0037B890,0x0037B890,0x0037B8D0,64
xmen_fn_0037B8D0,0x0037B8D0,0x0037B900,48
xmen_fn_0037B900,0x0037B900,0x0037C180,2176
xmen_fn_0037C180,0x0037C180,0x0037C6F0,1392
xmen_fn_0037C6F0,0x0037C6F0,0x0037C9B0,704
xmen_fn_0037C9B0,0x0037C9B0,0x0037CA10,96
xmen_fn_0037CA10,0x0037CA10,0x0037CF60,1360
xmen_fn_0037CF60,0x0037CF60,0x0037D300,928
xmen_fn_0037D300,0x0037D300,0x0037D7A0,1184
xmen_fn_0037D7A0,0x0037D7A0,0x0037D7E0,64
xmen_fn_0037D7E0,0x0037D7E0,0x0037D860,128
xmen_fn_0037D860,0x0037D860,0x0037D870,16
xmen_fn_0037D870,0x0037D870,0x0037DBD0,864
xmen_fn_0037DBD0,0x0037DBD0,0x0037DC80,176
xmen_fn_0037DC80,0x0037DC80,0x0037DCE0,96
xmen_fn_0037DCE0,0x0037DCE0,0x0037DD90,176
xmen_fn_0037DD90,0x0037DD90,0x0037DE60,208
xmen_fn_0037DE60,0x0037DE60,0x0037DF10,176
xmen_fn_0037DF10,0x0037DF10,0x0037DFA0,144
xmen_fn_0037DFA0,0x0037DFA0,0x0037E0B0,272
xmen_fn_0037E0B0,0x0037E0B0,0x0037E140,144
xmen_fn_0037E140,0x0037E140,0x0037E1D0,144
xmen_fn_0037E1D0,0x0037E1D0,0x0037E250,128
xmen_fn_0037E250,0x0037E250,0x0037E2D0,128
xmen_fn_0037E2D0,0x0037E2D0,0x0037E380,176
xmen_fn_0037E380,0x0037E380,0x0037E430,176
xmen_fn_0037E430,0x0037E430,0x0037E4E0,176
xmen_fn_0037E4E0,0x0037E4E0,0x0037E590,176
xmen_fn_0037E590,0x0037E590,0x0037E640,176
xmen_fn_0037E640,0x0037E640,0x0037E6F0,176
xmen_fn_0037E6F0,0x0037E6F0,0x0037E840,336
xmen_fn_0037E840,0x0037E840,0x0037E8F0,176
xmen_fn_0037E8F0,0x0037E8F0,0x0037E970,128
xmen_fn_0037E970,0x0037E970,0x0037EBD0,608
xmen_fn_0037EBD0,0x0037EBD0,0x0037FB30,3936
xmen_fn_0037FB30,0x0037FB30,0x0037FD00,464
xmen_fn_0037FD00,0x0037FD00,0x0037FF70,624
xmen_fn_0037FF70,0x0037FF70,0x00380000,144
xmen_fn_00380000,0x00380000,0x003800D0,208
xmen_fn_003800D0,0x003800D0,0x00380190,192
xmen_fn_00380190,0x00380190,0x00380410,640
xmen_fn_00380410,0x00380410,0x003805A0,400
xmen_fn_003805A0,0x003805A0,0x003806B0,272
xmen_fn_003806B0,0x003806B0,0x00380770,192
xmen_fn_00380770,0x00380770,0x00380980,528
xmen_fn_00380980,0x00380980,0x00380BF0,624
xmen_fn_00380BF0,0x00380BF0,0x00380CB0,192
xmen_fn_00380CB0,0x00380CB0,0x00380CC0,16
xmen_fn_00380CC0,0x00380CC0,0x00380D30,112
xmen_fn_00380D30,0x00380D30,0x00380D50,32
xmen_fn_00380D50,0x00380D50,0x00380E10,192
xmen_fn_00380E10,0x00380E10,0x003812C0,1200
xmen_fn_003812C0,0x003812C0,0x00381400,320
xmen_fn_00381400,0x00381400,0x00381740,832
xmen_fn_00381740,0x00381740,0x003819A0,608
xmen_fn_003819A0,0x003819A0,0x003819E0,64
xmen_fn_003819E0,0x003819E0,0x00382050,1648
xmen_fn_00382050,0x00382050,0x00382060,16
xmen_fn_00382060,0x00382060,0x00382190,304
xmen_fn_00382190,0x00382190,0x003821A0,16
xmen_fn_003821A0,0x003821A0,0x00382200,96
xmen_fn_00382200,0x00382200,0x00382270,112
xmen_fn_00382270,0x00382270,0x00382410,416
xmen_fn_00382410,0x00382410,0x00382420,16
xmen_fn_00382420,0x00382420,0x00382530,272
xmen_fn_00382530,0x00382530,0x003831A0,3184
xmen_fn_003831A0,0x003831A0,0x00383260,192
xmen_fn_00383260,0x00383260,0x00383360,256
xmen_fn_00383360,0x00383360,0x00383430,208
xmen_fn_00383430,0x00383430,0x003834F0,192
xmen_fn_003834F0,0x003834F0,0x00383500,16
xmen_fn_00383500,0x00383500,0x00383550,80
xmen_fn_00383550,0x00383550,0x003835B0,96
xmen_fn_003835B0,0x003835B0,0x003837E0,560
xmen_fn_003837E0,0x003837E0,0x00383BE0,1024
xmen_fn_00383BE0,0x00383BE0,0x00383CB0,208
xmen_fn_00383CB0,0x00383CB0,0x00383CE0,48
xmen_fn_00383CE0,0x00383CE0,0x00383E80,416
xmen_fn_00383E80,0x00383E80,0x00383EE0,96
xmen_fn_00383EE0,0x00383EE0,0x003843B0,1232
xmen_fn_003843B0,0x003843B0,0x00384A80,1744
xmen_fn_00384A80,0x00384A80,0x00384AC0,64
xmen_fn_00384AC0,0x00384AC0,0x00384B30,112
xmen_fn_00384B30,0x00384B30,0x00384BF0,192
xmen_fn_00384BF0,0x00384BF0,0x00384C20,48
xmen_fn_00384C20,0x00384C20,0x00384C90,112
xmen_fn_00384C90,0x00384C90,0x00384FB0,800
xmen_fn_00384FB0,0x00384FB0,0x00385180,464
xmen_fn_00385180,0x00385180,0x00385450,720
xmen_fn_00385450,0x00385450,0x003854F0,160
xmen_fn_003854F0,0x003854F0,0x003856D0,480
xmen_fn_003856D0,0x003856D0,0x00385860,400
xmen_fn_00385860,0x00385860,0x003867A0,3904
xmen_fn_003867A0,0x003867A0,0x00386960,448
xmen_fn_00386960,0x00386960,0x00386F40,1504
xmen_fn_00386F40,0x00386F40,0x00387060,288
xmen_fn_00387060,0x00387060,0x00387280,544
xmen_fn_00387280,0x00387280,0x003872C0,64
xmen_fn_003872C0,0x003872C0,0x003877F0,1328
xmen_fn_003877F0,0x003877F0,0x00387870,128
xmen_fn_00387870,0x00387870,0x003882D0,2656
xmen_fn_003882D0,0x003882D0,0x00388490,448
xmen_fn_00388490,0x00388490,0x003885C0,304
xmen_fn_003885C0,0x003885C0,0x003887F0,560
xmen_fn_003887F0,0x003887F0,0x00388F80,1936
xmen_fn_00388F80,0x00388F80,0x00388FC0,64
xmen_fn_00388FC0,0x00388FC0,0x00389C30,3184
xmen_fn_00389C30,0x00389C30,0x00389FD0,928
xmen_fn_00389FD0,0x00389FD0,0x0038A770,1952
xmen_fn_0038A770,0x0038A770,0x0038B630,3776
xmen_fn_0038B630,0x0038B630,0x0038B640,16
xmen_fn_0038B640,0x0038B640,0x0038BAF0,1200
xmen_fn_0038BAF0,0x0038BAF0,0x0038BB50,96
xmen_fn_0038BB50,0x0038BB50,0x0038BB70,32
xmen_fn_0038BB70,0x0038BB70,0x0038CFD0,5216
xmen_fn_0038CFD0,0x0038CFD0,0x0038D050,128
xmen_fn_0038D050,0x0038D050,0x0038D1B0,352
xmen_fn_0038D1B0,0x0038D1B0,0x0038D2A0,240
xmen_fn_0038D2A0,0x0038D2A0,0x0038D330,144
xmen_fn_0038D330,0x0038D330,0x0038D350,32
xmen_fn_0038D350,0x0038D350,0x0038D400,176
xmen_fn_0038D400,0x0038D400,0x0038D740,832
xmen_fn_0038D740,0x0038D740,0x0038D8D0,400
xmen_fn_0038D8D0,0x0038D8D0,0x0038E920,4176
xmen_fn_0038E920,0x0038E920,0x0038E9A0,128
xmen_fn_0038E9A0,0x0038E9A0,0x0038E9E0,64
xmen_fn_0038E9E0,0x0038E9E0,0x0038EA30,80
xmen_fn_0038EA30,0x0038EA30,0x0038EA70,64
xmen_fn_0038EA70,0x0038EA70,0x0038EB70,256
xmen_fn_0038EB70,0x0038EB70,0x0038EBF0,128
xmen_fn_0038EBF0,0x0038EBF0,0x0038ED90,416
xmen_fn_0038ED90,0x0038ED90,0x0038EDF0,96
xmen_fn_0038EDF0,0x0038EDF0,0x0038EEE0,240
xmen_fn_0038EEE0,0x0038EEE0,0x0038EF40,96
xmen_fn_0038EF40,0x0038EF40,0x0038EF60,32
xmen_fn_0038EF60,0x0038EF60,0x0038EF70,16
xmen_fn_0038EF70,0x0038EF70,0x0038F0F0,384
xmen_fn_0038F0F0,0x0038F0F0,0x0038F160,112
xmen_fn_0038F160,0x0038F160,0x0038F250,240
xmen_fn_0038F250,0x0038F250,0x0038F2B0,96
xmen_fn_0038F2B0,0x0038F2B0,0x0038F2D0,32
xmen_fn_0038F2D0,0x0038F2D0,0x0038F2E0,16
xmen_fn_0038F2E0,0x0038F2E0,0x0038F680,928
xmen_fn_0038F680,0x0038F680,0x0038F7B0,304
xmen_fn_0038F7B0,0x0038F7B0,0x0038F800,80
xmen_fn_0038F800,0x0038F800,0x0038F810,16
xmen_fn_0038F810,0x0038F810,0x0038F870,96
xmen_fn_0038F870,0x0038F870,0x0038FB40,720
xmen_fn_0038FB40,0x0038FB40,0x0038FD30,496
xmen_fn_0038FD30,0x0038FD30,0x0038FDD0,160
xmen_fn_0038FDD0,0x0038FDD0,0x0038FDE0,16
xmen_fn_0038FDE0,0x0038FDE0,0x0038FE90,176
xmen_fn_0038FE90,0x0038FE90,0x0038FFD0,320
xmen_fn_0038FFD0,0x0038FFD0,0x0038FFE0,16
xmen_fn_0038FFE0,0x0038FFE0,0x00390080,160
xmen_fn_00390080,0x00390080,0x00390090,16
xmen_fn_00390090,0x00390090,0x00390140,176
xmen_fn_00390140,0x00390140,0x00390BD0,2704
xmen_fn_00390BD0,0x00390BD0,0x00390C80,176
xmen_fn_00390C80,0x00390C80,0x00390C90,16
xmen_fn_00390C90,0x00390C90,0x00390CB0,32
xmen_fn_00390CB0,0x00390CB0,0x00390CC0,16
xmen_fn_00390CC0,0x00390CC0,0x00390DA0,224
xmen_fn_00390DA0,0x00390DA0,0x00390DE0,64
xmen_fn_00390DE0,0x00390DE0,0x00390E00,32
xmen_fn_00390E00,0x00390E00,0x00390F00,256
xmen_fn_00390F00,0x00390F00,0x00390F20,32
xmen_fn_00390F20,0x00390F20,0x00390F30,16
xmen_fn_00390F30,0x00390F30,0x00390FA0,112
xmen_fn_00390FA0,0x00390FA0,0x00391020,128
xmen_fn_00391020,0x00391020,0x00391040,32
xmen_fn_00391040,0x00391040,0x00391050,16
xmen_fn_00391050,0x00391050,0x00391680,1584
xmen_fn_00391680,0x00391680,0x003916D0,80
xmen_fn_003916D0,0x003916D0,0x00391790,192
xmen_fn_00391790,0x00391790,0x003917A0,16
xmen_fn_003917A0,0x003917A0,0x003918C0,288
xmen_fn_003918C0,0x003918C0,0x003918D0,16
xmen_fn_003918D0,0x003918D0,0x00391980,176
xmen_fn_00391980,0x00391980,0x00391990,16
xmen_fn_00391990,0x00391990,0x00391B10,384
xmen_fn_00391B10,0x00391B10,0x003927B0,3232
xmen_fn_003927B0,0x003927B0,0x003928E0,304
xmen_fn_003928E0,0x003928E0,0x003929D0,240
xmen_fn_003929D0,0x003929D0,0x003929E0,16
xmen_fn_003929E0,0x003929E0,0x00392A30,80
xmen_fn_00392A30,0x00392A30,0x00392AD0,160
xmen_fn_00392AD0,0x00392AD0,0x00392B60,144
xmen_fn_00392B60,0x00392B60,0x00392B70,16
xmen_fn_00392B70,0x00392B70,0x00392BF0,128
xmen_fn_00392BF0,0x00392BF0,0x00395E80,12944
xmen_fn_00395E80,0x00395E80,0x00395ED0,80
xmen_fn_00395ED0,0x00395ED0,0x00395F50,128
xmen_fn_00395F50,0x00395F50,0x00395FA0,80
xmen_fn_00395FA0,0x00395FA0,0x00396100,352
xmen_fn_00396100,0x00396100,0x003961D0,208
xmen_fn_003961D0,0x003961D0,0x00396220,80
xmen_fn_00396220,0x00396220,0x00396230,16
xmen_fn_00396230,0x00396230,0x003962A0,112
xmen_fn_003962A0,0x003962A0,0x003962B0,16
xmen_fn_003962B0,0x003962B0,0x00396360,176
xmen_fn_00396360,0x00396360,0x00396390,48
xmen_fn_00396390,0x00396390,0x003963A0,16
xmen_fn_003963A0,0x003963A0,0x003963C0,32
xmen_fn_003963C0,0x003963C0,0x003963D0,16
xmen_fn_003963D0,0x003963D0,0x00396440,112
xmen_fn_00396440,0x00396440,0x00396470,48
xmen_fn_00396470,0x00396470,0x00396530,192
xmen_fn_00396530,0x00396530,0x00396540,16
xmen_fn_00396540,0x00396540,0x003965F0,176
xmen_fn_003965F0,0x003965F0,0x00396600,16
xmen_fn_00396600,0x00396600,0x003966E0,224
xmen_fn_003966E0,0x003966E0,0x003966F0,16
xmen_fn_003966F0,0x003966F0,0x003967C0,208
xmen_fn_003967C0,0x003967C0,0x003967D0,16
xmen_fn_003967D0,0x003967D0,0x00396830,96
xmen_fn_00396830,0x00396830,0x00396840,16
xmen_fn_00396840,0x00396840,0x00396910,208
xmen_fn_00396910,0x00396910,0x00396920,16
xmen_fn_00396920,0x00396920,0x003969D0,176
xmen_fn_003969D0,0x003969D0,0x003969E0,16
xmen_fn_003969E0,0x003969E0,0x00396A90,176
xmen_fn_00396A90,0x00396A90,0x00396AA0,16
xmen_fn_00396AA0,0x00396AA0,0x00396B40,160
xmen_fn_00396B40,0x00396B40,0x00396B50,16
xmen_fn_00396B50,0x00396B50,0x00396BC0,112
xmen_fn_00396BC0,0x00396BC0,0x00396BD0,16
xmen_fn_00396BD0,0x00396BD0,0x00396C40,112
xmen_fn_00396C40,0x00396C40,0x00396D50,272
xmen_fn_00396D50,0x00396D50,0x00396D60,16
xmen_fn_00396D60,0x00396D60,0x00396D80,32
xmen_fn_00396D80,0x00396D80,0x003985A0,6176
xmen_fn_003985A0,0x003985A0,0x00398630,144
xmen_fn_00398630,0x00398630,0x00398640,16
xmen_fn_00398640,0x00398640,0x003986F0,176
xmen_fn_003986F0,0x003986F0,0x003993A0,3248
xmen_fn_003993A0,0x003993A0,0x003993B0,16
xmen_fn_003993B0,0x003993B0,0x0039A860,5296
xmen_fn_0039A860,0x0039A860,0x0039A870,16
xmen_fn_0039A870,0x0039A870,0x0039C2B0,6720
xmen_fn_0039C2B0,0x0039C2B0,0x0039C440,400
xmen_fn_0039C440,0x0039C440,0x0039C4A0,96
xmen_fn_0039C4A0,0x0039C4A0,0x0039C500,96
xmen_fn_0039C500,0x0039C500,0x0039C700,512
xmen_fn_0039C700,0x0039C700,0x0039C740,64
xmen_fn_0039C740,0x0039C740,0x0039C790,80
xmen_fn_0039C790,0x0039C790,0x0039C840,176
xmen_fn_0039C840,0x0039C840,0x0039C8A0,96
xmen_fn_0039C8A0,0x0039C8A0,0x0039C8C0,32
xmen_fn_0039C8C0,0x0039C8C0,0x0039C8D0,16
xmen_fn_0039C8D0,0x0039C8D0,0x0039CAA0,464
xmen_fn_0039CAA0,0x0039CAA0,0x0039CB70,208
xmen_fn_0039CB70,0x0039CB70,0x0039CBA0,48
xmen_fn_0039CBA0,0x0039CBA0,0x0039CBD0,48
xmen_fn_0039CBD0,0x0039CBD0,0x0039CC20,80
xmen_fn_0039CC20,0x0039CC20,0x0039CCD0,176
xmen_fn_0039CCD0,0x0039CCD0,0x0039CD30,96
xmen_fn_0039CD30,0x0039CD30,0x0039CD50,32
xmen_fn_0039CD50,0x0039CD50,0x0039CD90,64
xmen_fn_0039CD90,0x0039CD90,0x0039CDD0,64
xmen_fn_0039CDD0,0x0039CDD0,0x0039CE20,80
xmen_fn_0039CE20,0x0039CE20,0x0039CED0,176
xmen_fn_0039CED0,0x0039CED0,0x0039CF30,96
xmen_fn_0039CF30,0x0039CF30,0x0039CF50,32
xmen_fn_0039CF50,0x0039CF50,0x0039CF60,16
xmen_fn_0039CF60,0x0039CF60,0x0039D3C0,1120
xmen_fn_0039D3C0,0x0039D3C0,0x0039D930,1392
xmen_fn_0039D930,0x0039D930,0x0039DD30,1024
xmen_fn_0039DD30,0x0039DD30,0x0039DDB0,128
xmen_fn_0039DDB0,0x0039DDB0,0x0039E5B0,2048
xmen_fn_0039E5B0,0x0039E5B0,0x0039E760,432
xmen_fn_0039E760,0x0039E760,0x0039EBB0,1104
xmen_fn_0039EBB0,0x0039EBB0,0x0039ECD0,288
xmen_fn_0039ECD0,0x0039ECD0,0x0039EEE0,528
xmen_fn_0039EEE0,0x0039EEE0,0x0039EFE0,256
xmen_fn_0039EFE0,0x0039EFE0,0x0039F630,1616
xmen_fn_0039F630,0x0039F630,0x0039FFB0,2432
xmen_fn_0039FFB0,0x0039FFB0,0x003A5ED0,24352
xmen_fn_003A5ED0,0x003A5ED0,0x003A6280,944
xmen_fn_003A6280,0x003A6280,0x003A7040,3520
xmen_fn_003A7040,0x003A7040,0x003A70A0,96
xmen_fn_003A70A0,0x003A70A0,0x003A70F0,80
xmen_fn_003A70F0,0x003A70F0,0x003A7120,48
xmen_fn_003A7120,0x003A7120,0x003A7180,96
xmen_fn_003A7180,0x003A7180,0x003A7430,688
xmen_fn_003A7430,0x003A7430,0x003A89C0,5520
xmen_fn_003A89C0,0x003A89C0,0x003A8A00,64
xmen_fn_003A8A00,0x003A8A00,0x003A8A20,32
xmen_fn_003A8A20,0x003A8A20,0x003A8AF0,208
xmen_fn_003A8AF0,0x003A8AF0,0x003A8B10,32
xmen_fn_003A8B10,0x003A8B10,0x003A8BC0,176
xmen_fn_003A8BC0,0x003A8BC0,0x003A8C20,96
xmen_fn_003A8C20,0x003A8C20,0x003A8C40,32
xmen_fn_003A8C40,0x003A8C40,0x003A8D10,208
xmen_fn_003A8D10,0x003A8D10,0x003A8D30,32
xmen_fn_003A8D30,0x003A8D30,0x003A8F90,608
xmen_fn_003A8F90,0x003A8F90,0x003A8FF0,96
xmen_fn_003A8FF0,0x003A8FF0,0x003A9160,368
xmen_fn_003A9160,0x003A9160,0x003A93C0,608
xmen_fn_003A93C0,0x003A93C0,0x003AA190,3536
xmen_fn_003AA190,0x003AA190,0x003AB9F0,6240
xmen_fn_003AB9F0,0x003AB9F0,0x003ABA30,64
xmen_fn_003ABA30,0x003ABA30,0x003ABA90,96
xmen_fn_003ABA90,0x003ABA90,0x003ABDD0,832
xmen_fn_003ABDD0,0x003ABDD0,0x003ABF20,336
xmen_fn_003ABF20,0x003ABF20,0x003ABFD0,176
xmen_fn_003ABFD0,0x003ABFD0,0x003AC030,96
xmen_fn_003AC030,0x003AC030,0x003AC230,512
xmen_fn_003AC230,0x003AC230,0x003AC290,96
xmen_fn_003AC290,0x003AC290,0x003AC480,496
xmen_fn_003AC480,0x003AC480,0x003AC790,784
xmen_fn_003AC790,0x003AC790,0x003AC890,256
xmen_fn_003AC890,0x003AC890,0x003AC940,176
xmen_fn_003AC940,0x003AC940,0x003AC990,80
xmen_fn_003AC990,0x003AC990,0x003ACA00,112
xmen_fn_003ACA00,0x003ACA00,0x003ACB60,352
xmen_fn_003ACB60,0x003ACB60,0x003ACBA0,64
xmen_fn_003ACBA0,0x003ACBA0,0x003ACD60,448
xmen_fn_003ACD60,0x003ACD60,0x003ACF90,560
xmen_fn_003ACF90,0x003ACF90,0x003ACFA0,16
xmen_fn_003ACFA0,0x003ACFA0,0x003AD0A0,256
xmen_fn_003AD0A0,0x003AD0A0,0x003AD580,1248
xmen_fn_003AD580,0x003AD580,0x003AD5A0,32
xmen_fn_003AD5A0,0x003AD5A0,0x003AD5B0,16
xmen_fn_003AD5B0,0x003AD5B0,0x003AD5D0,32
xmen_fn_003AD5D0,0x003AD5D0,0x003AD5F0,32
xmen_fn_003AD5F0,0x003AD5F0,0x003AD750,352
xmen_fn_003AD750,0x003AD750,0x003AD7E0,144
xmen_fn_003AD7E0,0x003AD7E0,0x003ADCA0,1216
xmen_fn_003ADCA0,0x003ADCA0,0x003ADCC0,32
xmen_fn_003ADCC0,0x003ADCC0,0x003ADCD0,16
xmen_fn_003ADCD0,0x003ADCD0,0x003ADD70,160
xmen_fn_003ADD70,0x003ADD70,0x003ADE70,256
xmen_fn_003ADE70,0x003ADE70,0x003AE020,432
xmen_fn_003AE020,0x003AE020,0x003AE140,288
xmen_fn_003AE140,0x003AE140,0x003AE2C0,384
xmen_fn_003AE2C0,0x003AE2C0,0x003AE2E0,32
xmen_fn_003AE2E0,0x003AE2E0,0x003AE2F0,16
xmen_fn_003AE2F0,0x003AE2F0,0x003AE310,32
xmen_fn_003AE310,0x003AE310,0x003AE4D0,448
xmen_fn_003AE4D0,0x003AE4D0,0x003AE570,160
xmen_fn_003AE570,0x003AE570,0x003AE810,672
xmen_fn_003AE810,0x003AE810,0x003AE820,16
xmen_fn_003AE820,0x003AE820,0x003AE8F0,208
xmen_fn_003AE8F0,0x003AE8F0,0x003AE920,48
xmen_fn_003AE920,0x003AE920,0x003AEA50,304
xmen_fn_003AEA50,0x003AEA50,0x003AEB50,256
xmen_fn_003AEB50,0x003AEB50,0x003AEC30,224
xmen_fn_003AEC30,0x003AEC30,0x003AF700,2768
xmen_fn_003AF700,0x003AF700,0x003AF800,256
xmen_fn_003AF800,0x003AF800,0x003AF990,400
xmen_fn_003AF990,0x003AF990,0x003AF9F0,96
xmen_fn_003AF9F0,0x003AF9F0,0x003B0290,2208
xmen_fn_003B0290,0x003B0290,0x003B0380,240
xmen_fn_003B0380,0x003B0380,0x003B03F0,112
xmen_fn_003B03F0,0x003B03F0,0x003B0440,80
xmen_fn_003B0440,0x003B0440,0x003B0450,16
xmen_fn_003B0450,0x003B0450,0x003B04B0,96
xmen_fn_003B04B0,0x003B04B0,0x003B05A0,240
xmen_fn_003B05A0,0x003B05A0,0x003B05C0,32
xmen_fn_003B05C0,0x003B05C0,0x003B0830,624
xmen_fn_003B0830,0x003B0830,0x003B08B0,128
xmen_fn_003B08B0,0x003B08B0,0x003B0980,208
xmen_fn_003B0980,0x003B0980,0x003B0B10,400
xmen_fn_003B0B10,0x003B0B10,0x003B0B70,96
xmen_fn_003B0B70,0x003B0B70,0x003B0C50,224
xmen_fn_003B0C50,0x003B0C50,0x003B0C60,16
xmen_fn_003B0C60,0x003B0C60,0x003B0CB0,80
xmen_fn_003B0CB0,0x003B0CB0,0x003B0CC0,16
xmen_fn_003B0CC0,0x003B0CC0,0x003B0CF0,48
xmen_fn_003B0CF0,0x003B0CF0,0x003B0D00,16
xmen_fn_003B0D00,0x003B0D00,0x003B0E00,256
xmen_fn_003B0E00,0x003B0E00,0x003B0E70,112
xmen_fn_003B0E70,0x003B0E70,0x003B0F00,144
xmen_fn_003B0F00,0x003B0F00,0x003B0FC0,192
xmen_fn_003B0FC0,0x003B0FC0,0x003B2390,5072
xmen_fn_003B2390,0x003B2390,0x003B2C10,2176
xmen_fn_003B2C10,0x003B2C10,0x003B3A90,3712
xmen_fn_003B3A90,0x003B3A90,0x003B3D80,752
xmen_fn_003B3D80,0x003B3D80,0x003B7870,15088
xmen_fn_003B7870,0x003B7870,0x003B7DE0,1392
xmen_fn_003B7DE0,0x003B7DE0,0x003B7E00,32
xmen_fn_003B7E00,0x003B7E00,0x003B7E30,48
xmen_fn_003B7E30,0x003B7E30,0x003B7E50,32
xmen_fn_003B7E50,0x003B7E50,0x003B7EA0,80
xmen_fn_003B7EA0,0x003B7EA0,0x003B8F20,4224
xmen_fn_003B8F20,0x003B8F20,0x003B9550,1584
xmen_fn_003B9550,0x003B9550,0x003B98E0,912
xmen_fn_003B98E0,0x003B98E0,0x003B9AA0,448
xmen_fn_003B9AA0,0x003B9AA0,0x003B9CC0,544
xmen_fn_003B9CC0,0x003B9CC0,0x003B9DC0,256
xmen_fn_003B9DC0,0x003B9DC0,0x003B9FE0,544
xmen_fn_003B9FE0,0x003B9FE0,0x003BA0F0,272
xmen_fn_003BA0F0,0x003BA0F0,0x003BA100,16
xmen_fn_003BA100,0x003BA100,0x003BA290,400
xmen_fn_003BA290,0x003BA290,0x003BA580,752
xmen_fn_003BA580,0x003BA580,0x003BA7C0,576
xmen_fn_003BA7C0,0x003BA7C0,0x003BAFC0,2048
xmen_fn_003BAFC0,0x003BAFC0,0x003BB0C0,256
xmen_fn_003BB0C0,0x003BB0C0,0x003BC250,4496
xmen_fn_003BC250,0x003BC250,0x003BC990,1856
xmen_fn_003BC990,0x003BC990,0x003BD090,1792
xmen_fn_003BD090,0x003BD090,0x003BD0A0,16
xmen_fn_003BD0A0,0x003BD0A0,0x003BD1A0,256
xmen_fn_003BD1A0,0x003BD1A0,0x003BD680,1248
xmen_fn_003BD680,0x003BD680,0x003BD6A0,32
xmen_fn_003BD6A0,0x003BD6A0,0x003BD6B0,16
xmen_fn_003BD6B0,0x003BD6B0,0x003BD6E0,48
xmen_fn_003BD6E0,0x003BD6E0,0x003BD700,32
xmen_fn_003BD700,0x003BD700,0x003BD7A0,160
xmen_fn_003BD7A0,0x003BD7A0,0x003BD7E0,64
xmen_fn_003BD7E0,0x003BD7E0,0x003BD840,96
xmen_fn_003BD840,0x003BD840,0x003BD8A0,96
xmen_fn_003BD8A0,0x003BD8A0,0x003BDC60,960
xmen_fn_003BDC60,0x003BDC60,0x003BDC70,16
xmen_fn_003BDC70,0x003BDC70,0x003BDD70,256
xmen_fn_003BDD70,0x003BDD70,0x003BE250,1248
xmen_fn_003BE250,0x003BE250,0x003BE270,32
xmen_fn_003BE270,0x003BE270,0x003BE280,16
xmen_fn_003BE280,0x003BE280,0x003BECD0,2640
xmen_fn_003BECD0,0x003BECD0,0x003BFE60,4496
xmen_fn_003BFE60,0x003BFE60,0x003BFF70,272
xmen_fn_003BFF70,0x003BFF70,0x003C00E0,368
xmen_fn_003C00E0,0x003C00E0,0x003C0100,32
xmen_fn_003C0100,0x003C0100,0x003C0110,16
xmen_fn_003C0110,0x003C0110,0x003C0130,32
xmen_fn_003C0130,0x003C0130,0x003C02A0,368
xmen_fn_003C02A0,0x003C02A0,0x003C05A0,768
xmen_fn_003C05A0,0x003C05A0,0x003C0DB0,2064
xmen_fn_003C0DB0,0x003C0DB0,0x003C1A30,3200
xmen_fn_003C1A30,0x003C1A30,0x003C1ED0,1184
xmen_fn_003C1ED0,0x003C1ED0,0x003C1EE0,16
xmen_fn_003C1EE0,0x003C1EE0,0x003C1F30,80
xmen_fn_003C1F30,0x003C1F30,0x003C1F40,16
xmen_fn_003C1F40,0x003C1F40,0x003C2170,560
xmen_fn_003C2170,0x003C2170,0x003C2190,32
xmen_fn_003C2190,0x003C2190,0x003C21A0,16
xmen_fn_003C21A0,0x003C21A0,0x003C2220,128
xmen_fn_003C2220,0x003C2220,0x003C2230,16
xmen_fn_003C2230,0x003C2230,0x003C2240,16
xmen_fn_003C2240,0x003C2240,0x003C2250,16
xmen_fn_003C2250,0x003C2250,0x003C22A0,80
xmen_fn_003C22A0,0x003C22A0,0x003C22C0,32
xmen_fn_003C22C0,0x003C22C0,0x003C22D0,16
xmen_fn_003C22D0,0x003C22D0,0x003C2350,128
xmen_fn_003C2350,0x003C2350,0x003C2360,16
xmen_fn_003C2360,0x003C2360,0x003C25E0,640
xmen_fn_003C25E0,0x003C25E0,0x003C2640,96
xmen_fn_003C2640,0x003C2640,0x003C2720,224
xmen_fn_003C2720,0x003C2720,0x003C2770,80
xmen_fn_003C2770,0x003C2770,0x003C2830,192
xmen_fn_003C2830,0x003C2830,0x003C2880,80
xmen_fn_003C2880,0x003C2880,0x003C2940,192
xmen_fn_003C2940,0x003C2940,0x003C2B90,592
xmen_fn_003C2B90,0x003C2B90,0x003C2C40,176
xmen_fn_003C2C40,0x003C2C40,0x003C2CA0,96
xmen_fn_003C2CA0,0x003C2CA0,0x003C2CC0,32
xmen_fn_003C2CC0,0x003C2CC0,0x003C2CD0,16
xmen_fn_003C2CD0,0x003C2CD0,0x003C2EE0,528
xmen_fn_003C2EE0,0x003C2EE0,0x003C2F90,176
xmen_fn_003C2F90,0x003C2F90,0x003C2FF0,96
xmen_fn_003C2FF0,0x003C2FF0,0x003C3010,32
xmen_fn_003C3010,0x003C3010,0x003C3020,16
xmen_fn_003C3020,0x003C3020,0x003C30D0,176
xmen_fn_003C30D0,0x003C30D0,0x003C3120,80
xmen_fn_003C3120,0x003C3120,0x003C3190,112
xmen_fn_003C3190,0x003C3190,0x003C3200,112
xmen_fn_003C3200,0x003C3200,0x003C3250,80
xmen_fn_003C3250,0x003C3250,0x003C32A0,80
xmen_fn_003C32A0,0x003C32A0,0x003C3350,176
xmen_fn_003C3350,0x003C3350,0x003C33B0,96
xmen_fn_003C33B0,0x003C33B0,0x003C33D0,32
xmen_fn_003C33D0,0x003C33D0,0x003C3400,48
xmen_fn_003C3400,0x003C3400,0x003C3450,80
xmen_fn_003C3450,0x003C3450,0x003C3500,176
xmen_fn_003C3500,0x003C3500,0x003C3560,96
xmen_fn_003C3560,0x003C3560,0x003C3580,32
xmen_fn_003C3580,0x003C3580,0x003C37E0,608
xmen_fn_003C37E0,0x003C37E0,0x003C37F0,16
xmen_fn_003C37F0,0x003C37F0,0x003C4350,2912
xmen_fn_003C4350,0x003C4350,0x003C4370,32
xmen_fn_003C4370,0x003C4370,0x003C4380,16
xmen_fn_003C4380,0x003C4380,0x003C4410,144
xmen_fn_003C4410,0x003C4410,0x003C4500,240
xmen_fn_003C4500,0x003C4500,0x003C4530,48
xmen_fn_003C4530,0x003C4530,0x003C4540,16
xmen_fn_003C4540,0x003C4540,0x003C45D0,144
xmen_fn_003C45D0,0x003C45D0,0x003C46C0,240
xmen_fn_003C46C0,0x003C46C0,0x003C46E0,32
xmen_fn_003C46E0,0x003C46E0,0x003C46F0,16
xmen_fn_003C46F0,0x003C46F0,0x003C4700,16
xmen_fn_003C4700,0x003C4700,0x003C4750,80
xmen_fn_003C4750,0x003C4750,0x003C4780,48
xmen_fn_003C4780,0x003C4780,0x003C47E0,96
xmen_fn_003C47E0,0x003C47E0,0x003C48D0,240
xmen_fn_003C48D0,0x003C48D0,0x003C48E0,16
xmen_fn_003C48E0,0x003C48E0,0x003C4A80,416
xmen_fn_003C4A80,0x003C4A80,0x003C4C20,416
xmen_fn_003C4C20,0x003C4C20,0x003C4D60,320
xmen_fn_003C4D60,0x003C4D60,0x003C4EF0,400
xmen_fn_003C4EF0,0x003C4EF0,0x003C4F30,64
xmen_fn_003C4F30,0x003C4F30,0x003C5120,496
xmen_fn_003C5120,0x003C5120,0x003C5180,96
xmen_fn_003C5180,0x003C5180,0x003C51B0,48
xmen_fn_003C51B0,0x003C51B0,0x003C51C0,16
xmen_fn_003C51C0,0x003C51C0,0x003C51E0,32
xmen_fn_003C51E0,0x003C51E0,0x003C5210,48
xmen_fn_003C5210,0x003C5210,0x003C53F0,480
xmen_fn_003C53F0,0x003C53F0,0x003C5A40,1616
xmen_fn_003C5A40,0x003C5A40,0x003C6090,1616
xmen_fn_003C6090,0x003C6090,0x003C60D0,64
xmen_fn_003C60D0,0x003C60D0,0x003C6110,64
xmen_fn_003C6110,0x003C6110,0x003C65A0,1168
xmen_fn_003C65A0,0x003C65A0,0x003C6890,752
xmen_fn_003C6890,0x003C6890,0x003C6F60,1744
xmen_fn_003C6F60,0x003C6F60,0x003C7160,512
xmen_fn_003C7160,0x003C7160,0x003C7610,1200
xmen_fn_003C7610,0x003C7610,0x003C7D50,1856
xmen_fn_003C7D50,0x003C7D50,0x003C8090,832
xmen_fn_003C8090,0x003C8090,0x003C81C0,304
xmen_fn_003C81C0,0x003C81C0,0x003C8260,160
xmen_fn_003C8260,0x003C8260,0x003C8330,208
xmen_fn_003C8330,0x003C8330,0x003C8920,1520
xmen_fn_003C8920,0x003C8920,0x003C8A20,256
xmen_fn_003C8A20,0x003C8A20,0x003C8B70,336
xmen_fn_003C8B70,0x003C8B70,0x003C8C00,144
xmen_fn_003C8C00,0x003C8C00,0x003C8E20,544
xmen_fn_003C8E20,0x003C8E20,0x003C8F20,256
xmen_fn_003C8F20,0x003C8F20,0x003C9A70,2896
xmen_fn_003C9A70,0x003C9A70,0x003C9BA0,304
xmen_fn_003C9BA0,0x003C9BA0,0x003C9D20,384
xmen_fn_003C9D20,0x003C9D20,0x003CA4C0,1952
xmen_fn_003CA4C0,0x003CA4C0,0x003CA6A0,480
xmen_fn_003CA6A0,0x003CA6A0,0x003CAE50,1968
xmen_fn_003CAE50,0x003CAE50,0x003CAE90,64
xmen_fn_003CAE90,0x003CAE90,0x003CAEC0,48
xmen_fn_003CAEC0,0x003CAEC0,0x003CAED0,16
xmen_fn_003CAED0,0x003CAED0,0x003CB210,832
xmen_fn_003CB210,0x003CB210,0x003CBD70,2912
xmen_fn_003CBD70,0x003CBD70,0x003CC160,1008
xmen_fn_003CC160,0x003CC160,0x003CC2C0,352
xmen_fn_003CC2C0,0x003CC2C0,0x003CC380,192
xmen_fn_003CC380,0x003CC380,0x003CC8D0,1360
xmen_fn_003CC8D0,0x003CC8D0,0x003CC9B0,224
xmen_fn_003CC9B0,0x003CC9B0,0x003CD0F0,1856
xmen_fn_003CD0F0,0x003CD0F0,0x003CD2A0,432
xmen_fn_003CD2A0,0x003CD2A0,0x003CD4F0,592
xmen_fn_003CD4F0,0x003CD4F0,0x003CD710,544
xmen_fn_003CD710,0x003CD710,0x003CD8E0,464
xmen_fn_003CD8E0,0x003CD8E0,0x003CD960,128
xmen_fn_003CD960,0x003CD960,0x003CDBD0,624
xmen_fn_003CDBD0,0x003CDBD0,0x003CE690,2752
xmen_fn_003CE690,0x003CE690,0x003CE9C0,816
xmen_fn_003CE9C0,0x003CE9C0,0x003CEB00,320
xmen_fn_003CEB00,0x003CEB00,0x003CECB0,432
xmen_fn_003CECB0,0x003CECB0,0x003CF180,1232
xmen_fn_003CF180,0x003CF180,0x003CF310,400
xmen_fn_003CF310,0x003CF310,0x003CF630,800
xmen_fn_003CF630,0x003CF630,0x003D02C0,3216
xmen_fn_003D02C0,0x003D02C0,0x003D0960,1696
xmen_fn_003D0960,0x003D0960,0x003D0BE0,640
xmen_fn_003D0BE0,0x003D0BE0,0x003D0D80,416
xmen_fn_003D0D80,0x003D0D80,0x003D3BA0,11808
xmen_fn_003D3BA0,0x003D3BA0,0x003D3C00,96
xmen_fn_003D3C00,0x003D3C00,0x003D4190,1424
xmen_fn_003D4190,0x003D4190,0x003D4360,464
xmen_fn_003D4360,0x003D4360,0x003D4A30,1744
xmen_fn_003D4A30,0x003D4A30,0x003D4AC0,144
xmen_fn_003D4AC0,0x003D4AC0,0x003D4B00,64
xmen_fn_003D4B00,0x003D4B00,0x003D4B40,64
xmen_fn_003D4B40,0x003D4B40,0x003D5080,1344
xmen_fn_003D5080,0x003D5080,0x003D5AA0,2592
xmen_fn_003D5AA0,0x003D5AA0,0x003D6D60,4800
xmen_fn_003D6D60,0x003D6D60,0x003D6E70,272
xmen_fn_003D6E70,0x003D6E70,0x003D7020,432
xmen_fn_003D7020,0x003D7020,0x003D7140,288
xmen_fn_003D7140,0x003D7140,0x003D71A0,96
xmen_fn_003D71A0,0x003D71A0,0x003D71E0,64
xmen_fn_003D71E0,0x003D71E0,0x003D7220,64
xmen_fn_003D7220,0x003D7220,0x003D7B80,2400
xmen_fn_003D7B80,0x003D7B80,0x003D9AF0,8048
xmen_fn_003D9AF0,0x003D9AF0,0x003D9B00,16
xmen_fn_003D9B00,0x003D9B00,0x003D9BA0,160
xmen_fn_003D9BA0,0x003D9BA0,0x003DA210,1648
xmen_fn_003DA210,0x003DA210,0x003DA250,64
xmen_fn_003DA250,0x003DA250,0x003DA310,192
xmen_fn_003DA310,0x003DA310,0x003DA620,784
xmen_fn_003DA620,0x003DA620,0x003DA630,16
xmen_fn_003DA630,0x003DA630,0x003DA660,48
xmen_fn_003DA660,0x003DA660,0x003DA890,560
xmen_fn_003DA890,0x003DA890,0x003DA920,144
xmen_fn_003DA920,0x003DA920,0x003DAA40,288
xmen_fn_003DAA40,0x003DAA40,0x003DAA90,80
xmen_fn_003DAA90,0x003DAA90,0x003DAAA0,16
xmen_fn_003DAAA0,0x003DAAA0,0x003DAB00,96
xmen_fn_003DAB00,0x003DAB00,0x003DABF0,240
xmen_fn_003DABF0,0x003DABF0,0x003DBB00,3856
xmen_fn_003DBB00,0x003DBB00,0x003DBB20,32
xmen_fn_003DBB20,0x003DBB20,0x003DBB30,16
xmen_fn_003DBB30,0x003DBB30,0x003DBBB0,128
xmen_fn_003DBBB0,0x003DBBB0,0x003DBC90,224
xmen_fn_003DBC90,0x003DBC90,0x003DBCA0,16
xmen_fn_003DBCA0,0x003DBCA0,0x003DFB80,16096
xmen_fn_003DFB80,0x003DFB80,0x003DFB90,16
xmen_fn_003DFB90,0x003DFB90,0x003DFBB0,32
xmen_fn_003DFBB0,0x003DFBB0,0x003DFC30,128
xmen_fn_003DFC30,0x003DFC30,0x003DFC60,48
xmen_fn_003DFC60,0x003DFC60,0x003DFCA0,64
xmen_fn_003DFCA0,0x003DFCA0,0x003DFD10,112
xmen_fn_003DFD10,0x003DFD10,0x003DFD40,48
xmen_fn_003DFD40,0x003DFD40,0x003DFD50,16
xmen_fn_003DFD50,0x003DFD50,0x003DFD70,32
xmen_fn_003DFD70,0x003DFD70,0x003DFDA0,48
xmen_fn_003DFDA0,0x003DFDA0,0x003DFDC0,32
xmen_fn_003DFDC0,0x003DFDC0,0x003DFE10,80
xmen_fn_003DFE10,0x003DFE10,0x003E02C0,1200
xmen_fn_003E02C0,0x003E02C0,0x003E02D0,16
xmen_fn_003E02D0,0x003E02D0,0x003E02E0,16
xmen_fn_003E02E0,0x003E02E0,0x003E02F0,16
xmen_fn_003E02F0,0x003E02F0,0x003E0300,16
xmen_fn_003E0300,0x003E0300,0x003E0530,560
xmen_fn_003E0530,0x003E0530,0x003E0540,16
xmen_fn_003E0540,0x003E0540,0x003E0670,304
xmen_fn_003E0670,0x003E0670,0x003E0730,192
xmen_fn_003E0730,0x003E0730,0x003E0740,16
xmen_fn_003E0740,0x003E0740,0x003E0840,256
xmen_fn_003E0840,0x003E0840,0x003E0850,16
xmen_fn_003E0850,0x003E0850,0x003E0880,48
xmen_fn_003E0880,0x003E0880,0x003E0B30,688
xmen_fn_003E0B30,0x003E0B30,0x003E0B40,16
xmen_fn_003E0B40,0x003E0B40,0x003E0B50,16
xmen_fn_003E0B50,0x003E0B50,0x003E0B80,48
xmen_fn_003E0B80,0x003E0B80,0x003E0C10,144
xmen_fn_003E0C10,0x003E0C10,0x003E0D10,256
xmen_fn_003E0D10,0x003E0D10,0x003E0E30,288
xmen_fn_003E0E30,0x003E0E30,0x003E0EE0,176
xmen_fn_003E0EE0,0x003E0EE0,0x003E0F30,80
xmen_fn_003E0F30,0x003E0F30,0x003E0FB0,128
xmen_fn_003E0FB0,0x003E0FB0,0x003E1230,640
xmen_fn_003E1230,0x003E1230,0x003E1270,64
xmen_fn_003E1270,0x003E1270,0x003E12D0,96
xmen_fn_003E12D0,0x003E12D0,0x003E13C0,240
xmen_fn_003E13C0,0x003E13C0,0x003E15F0,560
xmen_fn_003E15F0,0x003E15F0,0x003E16F0,256
xmen_fn_003E16F0,0x003E16F0,0x003E1850,352
xmen_fn_003E1850,0x003E1850,0x003E1860,16
xmen_fn_003E1860,0x003E1860,0x003E1870,16
xmen_fn_003E1870,0x003E1870,0x003E1880,16
xmen_fn_003E1880,0x003E1880,0x003E1890,16
xmen_fn_003E1890,0x003E1890,0x003E18A0,16
xmen_fn_003E18A0,0x003E18A0,0x003E18C0,32
xmen_fn_003E18C0,0x003E18C0,0x003E18D0,16
xmen_fn_003E18D0,0x003E18D0,0x003E1D40,1136
xmen_fn_003E1D40,0x003E1D40,0x003E1E40,256
xmen_fn_003E1E40,0x003E1E40,0x003E2B80,3392
xmen_fn_003E2B80,0x003E2B80,0x003E2C40,192
xmen_fn_003E2C40,0x003E2C40,0x003E30F0,1200
xmen_fn_003E30F0,0x003E30F0,0x003E3100,16
xmen_fn_003E3100,0x003E3100,0x003E3110,16
xmen_fn_003E3110,0x003E3110,0x003E3120,16
xmen_fn_003E3120,0x003E3120,0x003E38D0,1968
xmen_fn_003E38D0,0x003E38D0,0x003E39A0,208
xmen_fn_003E39A0,0x003E39A0,0x003E39B0,16
xmen_fn_003E39B0,0x003E39B0,0x003E39C0,16
xmen_fn_003E39C0,0x003E39C0,0x003E3A60,160
xmen_fn_003E3A60,0x003E3A60,0x003E3A90,48
xmen_fn_003E3A90,0x003E3A90,0x003E3AB0,32
xmen_fn_003E3AB0,0x003E3AB0,0x003E3B00,80
xmen_fn_003E3B00,0x003E3B00,0x003E3B10,16
xmen_fn_003E3B10,0x003E3B10,0x003E3B20,16
xmen_fn_003E3B20,0x003E3B20,0x003E3B30,16
xmen_fn_003E3B30,0x003E3B30,0x003E3B40,16
xmen_fn_003E3B40,0x003E3B40,0x003E3B60,32
xmen_fn_003E3B60,0x003E3B60,0x003E3B70,16
xmen_fn_003E3B70,0x003E3B70,0x003E4220,1712
xmen_fn_003E4220,0x003E4220,0x003E4240,32
xmen_fn_003E4240,0x003E4240,0x003E4250,16
xmen_fn_003E4250,0x003E4250,0x003E42D0,128
xmen_fn_003E42D0,0x003E42D0,0x003E43B0,224
xmen_fn_003E43B0,0x003E43B0,0x003E43C0,16
xmen_fn_003E43C0,0x003E43C0,0x003E4420,96
xmen_fn_003E4420,0x003E4420,0x003E4430,16
xmen_fn_003E4430,0x003E4430,0x003E4440,16
xmen_fn_003E4440,0x003E4440,0x003E4540,256
xmen_fn_003E4540,0x003E4540,0x003E4570,48
xmen_fn_003E4570,0x003E4570,0x003E45D0,96
xmen_fn_003E45D0,0x003E45D0,0x003E46A0,208
xmen_fn_003E46A0,0x003E46A0,0x003E46F0,80
xmen_fn_003E46F0,0x003E46F0,0x003E4720,48
xmen_fn_003E4720,0x003E4720,0x003E4780,96
xmen_fn_003E4780,0x003E4780,0x003E4870,240
xmen_fn_003E4870,0x003E4870,0x003E4890,32
xmen_fn_003E4890,0x003E4890,0x003E48A0,16
xmen_fn_003E48A0,0x003E48A0,0x003E48B0,16
xmen_fn_003E48B0,0x003E48B0,0x003E4950,160
xmen_fn_003E4950,0x003E4950,0x003E4980,48
xmen_fn_003E4980,0x003E4980,0x003E49A0,32
xmen_fn_003E49A0,0x003E49A0,0x003E49F0,80
xmen_fn_003E49F0,0x003E49F0,0x003E4C30,576
xmen_fn_003E4C30,0x003E4C30,0x003E5D30,4352
xmen_fn_003E5D30,0x003E5D30,0x003E5FB0,640
xmen_fn_003E5FB0,0x003E5FB0,0x003E6040,144
xmen_fn_003E6040,0x003E6040,0x003E6050,16
xmen_fn_003E6050,0x003E6050,0x003E6150,256
xmen_fn_003E6150,0x003E6150,0x003E61F0,160
xmen_fn_003E61F0,0x003E61F0,0x003E65E0,1008
xmen_fn_003E65E0,0x003E65E0,0x003E66E0,256
xmen_fn_003E66E0,0x003E66E0,0x003E6840,352
xmen_fn_003E6840,0x003E6840,0x003E6850,16
xmen_fn_003E6850,0x003E6850,0x003E6860,16
xmen_fn_003E6860,0x003E6860,0x003E6880,32
xmen_fn_003E6880,0x003E6880,0x003E6890,16
xmen_fn_003E6890,0x003E6890,0x003E6930,160
xmen_fn_003E6930,0x003E6930,0x003E9000,9936
xmen_fn_003E9000,0x003E9000,0x003E9120,288
xmen_fn_003E9120,0x003E9120,0x003E9180,96
xmen_fn_003E9180,0x003E9180,0x003E91B0,48
xmen_fn_003E91B0,0x003E91B0,0x003E91C0,16
xmen_fn_003E91C0,0x003E91C0,0x003E9240,128
xmen_fn_003E9240,0x003E9240,0x003E9270,48
xmen_fn_003E9270,0x003E9270,0x003E92A0,48
xmen_fn_003E92A0,0x003E92A0,0x003E92C0,32
xmen_fn_003E92C0,0x003E92C0,0x003E9460,416
xmen_fn_003E9460,0x003E9460,0x003E96F0,656
xmen_fn_003E96F0,0x003E96F0,0x003E9850,352
xmen_fn_003E9850,0x003E9850,0x003E98C0,112
xmen_fn_003E98C0,0x003E98C0,0x003E9990,208
xmen_fn_003E9990,0x003E9990,0x003E99E0,80
xmen_fn_003E99E0,0x003E99E0,0x003E9C70,656
xmen_fn_003E9C70,0x003E9C70,0x003E9CD0,96
xmen_fn_003E9CD0,0x003E9CD0,0x003E9D30,96
xmen_fn_003E9D30,0x003E9D30,0x003E9D90,96
xmen_fn_003E9D90,0x003E9D90,0x003E9DF0,96
xmen_fn_003E9DF0,0x003E9DF0,0x003E9E50,96
xmen_fn_003E9E50,0x003E9E50,0x003E9EB0,96
xmen_fn_003E9EB0,0x003E9EB0,0x003E9F10,96
xmen_fn_003E9F10,0x003E9F10,0x003E9F70,96
xmen_fn_003E9F70,0x003E9F70,0x003E9FD0,96
xmen_fn_003E9FD0,0x003E9FD0,0x003EA030,96
xmen_fn_003EA030,0x003EA030,0x003EA090,96
xmen_fn_003EA090,0x003EA090,0x003EA0F0,96
xmen_fn_003EA0F0,0x003EA0F0,0x003EA150,96
xmen_fn_003EA150,0x003EA150,0x003EA1B0,96
xmen_fn_003EA1B0,0x003EA1B0,0x003EA210,96
xmen_fn_003EA210,0x003EA210,0x003EA270,96
xmen_fn_003EA270,0x003EA270,0x003EA2C0,80
xmen_fn_003EA2C0,0x003EA2C0,0x003EA320,96
xmen_fn_003EA320,0x003EA320,0x003EA380,96
xmen_fn_003EA380,0x003EA380,0x003EA5F0,624
xmen_fn_003EA5F0,0x003EA5F0,0x003EA640,80
xmen_fn_003EA640,0x003EA640,0x003EA9B0,880
xmen_fn_003EA9B0,0x003EA9B0,0x003EAAA0,240
xmen_fn_003EAAA0,0x003EAAA0,0x003EAB00,96
xmen_fn_003EAB00,0x003EAB00,0x003EAB20,32
xmen_fn_003EAB20,0x003EAB20,0x003EAB60,64
xmen_fn_003EAB60,0x003EAB60,0x003EAB90,48
xmen_fn_003EAB90,0x003EAB90,0x003EAC00,112
xmen_fn_003EAC00,0x003EAC00,0x003EAC60,96
xmen_fn_003EAC60,0x003EAC60,0x003EAC80,32
xmen_fn_003EAC80,0x003EAC80,0x003EACC0,64
xmen_fn_003EACC0,0x003EACC0,0x003EACF0,48
xmen_fn_003EACF0,0x003EACF0,0x003EAE70,384
xmen_fn_003EAE70,0x003EAE70,0x003EAEB0,64
xmen_fn_003EAEB0,0x003EAEB0,0x003EAEE0,48
xmen_fn_003EAEE0,0x003EAEE0,0x003EB0A0,448
xmen_fn_003EB0A0,0x003EB0A0,0x003EB100,96
xmen_fn_003EB100,0x003EB100,0x003EB120,32
xmen_fn_003EB120,0x003EB120,0x003EB160,64
xmen_fn_003EB160,0x003EB160,0x003EB190,48
xmen_fn_003EB190,0x003EB190,0x003EB310,384
xmen_fn_003EB310,0x003EB310,0x003EB350,64
xmen_fn_003EB350,0x003EB350,0x003EB380,48
xmen_fn_003EB380,0x003EB380,0x003EB6B0,816
xmen_fn_003EB6B0,0x003EB6B0,0x003EB710,96
xmen_fn_003EB710,0x003EB710,0x003EB730,32
xmen_fn_003EB730,0x003EB730,0x003EB770,64
xmen_fn_003EB770,0x003EB770,0x003EB7A0,48
xmen_fn_003EB7A0,0x003EB7A0,0x003EB960,448
xmen_fn_003EB960,0x003EB960,0x003EB9C0,96
xmen_fn_003EB9C0,0x003EB9C0,0x003EB9E0,32
xmen_fn_003EB9E0,0x003EB9E0,0x003EBA20,64
xmen_fn_003EBA20,0x003EBA20,0x003EBA50,48
xmen_fn_003EBA50,0x003EBA50,0x003EBC10,448
xmen_fn_003EBC10,0x003EBC10,0x003EBC70,96
xmen_fn_003EBC70,0x003EBC70,0x003EBC90,32
xmen_fn_003EBC90,0x003EBC90,0x003EBCD0,64
xmen_fn_003EBCD0,0x003EBCD0,0x003EBD00,48
xmen_fn_003EBD00,0x003EBD00,0x003EBF00,512
xmen_fn_003EBF00,0x003EBF00,0x003EC110,528
xmen_fn_003EC110,0x003EC110,0x003EC160,80
xmen_fn_003EC160,0x003EC160,0x003EC1B0,80
xmen_fn_003EC1B0,0x003EC1B0,0x003EC2B0,256
xmen_fn_003EC2B0,0x003EC2B0,0x003EC320,112
xmen_fn_003EC320,0x003EC320,0x003EC370,80
xmen_fn_003EC370,0x003EC370,0x003EC3C0,80
xmen_fn_003EC3C0,0x003EC3C0,0x003EC4C0,256
xmen_fn_003EC4C0,0x003EC4C0,0x003EC550,144
xmen_fn_003EC550,0x003EC550,0x003EC5A0,80
xmen_fn_003EC5A0,0x003EC5A0,0x003EC600,96
xmen_fn_003EC600,0x003EC600,0x003EC760,352
xmen_fn_003EC760,0x003EC760,0x003EC7E0,128
xmen_fn_003EC7E0,0x003EC7E0,0x003EC830,80
xmen_fn_003EC830,0x003EC830,0x003EC880,80
xmen_fn_003EC880,0x003EC880,0x003EC990,272
xmen_fn_003EC990,0x003EC990,0x003ECA20,144
xmen_fn_003ECA20,0x003ECA20,0x003ECA70,80
xmen_fn_003ECA70,0x003ECA70,0x003ECAC0,80
xmen_fn_003ECAC0,0x003ECAC0,0x003ECBC0,256
xmen_fn_003ECBC0,0x003ECBC0,0x003ECC40,128
xmen_fn_003ECC40,0x003ECC40,0x003ECC90,80
xmen_fn_003ECC90,0x003ECC90,0x003ECCE0,80
xmen_fn_003ECCE0,0x003ECCE0,0x003ECDE0,256
xmen_fn_003ECDE0,0x003ECDE0,0x003ECE60,128
xmen_fn_003ECE60,0x003ECE60,0x003ECEB0,80
xmen_fn_003ECEB0,0x003ECEB0,0x003ECF00,80
xmen_fn_003ECF00,0x003ECF00,0x003ED000,256
xmen_fn_003ED000,0x003ED000,0x003ED080,128
xmen_fn_003ED080,0x003ED080,0x003ED0D0,80
xmen_fn_003ED0D0,0x003ED0D0,0x003ED120,80
xmen_fn_003ED120,0x003ED120,0x003ED220,256
xmen_fn_003ED220,0x003ED220,0x003ED250,48
xmen_fn_003ED250,0x003ED250,0x003ED480,560
xmen_fn_003ED480,0x003ED480,0x003ED8C0,1088
xmen_fn_003ED8C0,0x003ED8C0,0x003ED930,112
xmen_fn_003ED930,0x003ED930,0x003ED940,16
xmen_fn_003ED940,0x003ED940,0x003ED9B0,112
xmen_fn_003ED9B0,0x003ED9B0,0x003ED9D0,32
xmen_fn_003ED9D0,0x003ED9D0,0x003EDB60,400
xmen_fn_003EDB60,0x003EDB60,0x003EDBD0,112
xmen_fn_003EDBD0,0x003EDBD0,0x003EDC30,96
xmen_fn_003EDC30,0x003EDC30,0x003EDDA0,368
xmen_fn_003EDDA0,0x003EDDA0,0x003EDDB0,16
xmen_fn_003EDDB0,0x003EDDB0,0x003EE170,960
xmen_fn_003EE170,0x003EE170,0x003EE1D0,96
xmen_fn_003EE1D0,0x003EE1D0,0x003EE270,160
xmen_fn_003EE270,0x003EE270,0x003EE380,272
xmen_fn_003EE380,0x003EE380,0x003EE420,160
xmen_fn_003EE420,0x003EE420,0x003EE5F0,464
xmen_fn_003EE5F0,0x003EE5F0,0x003EE670,128
xmen_fn_003EE670,0x003EE670,0x003EE750,224
xmen_fn_003EE750,0x003EE750,0x003EE800,176
xmen_fn_003EE800,0x003EE800,0x003EE8A0,160
xmen_fn_003EE8A0,0x003EE8A0,0x003EE9B0,272
xmen_fn_003EE9B0,0x003EE9B0,0x003EEA10,96
xmen_fn_003EEA10,0x003EEA10,0x003EEAB0,160
xmen_fn_003EEAB0,0x003EEAB0,0x003EEB80,208
xmen_fn_003EEB80,0x003EEB80,0x003EEC30,176
xmen_fn_003EEC30,0x003EEC30,0x003EECA0,112
xmen_fn_003EECA0,0x003EECA0,0x003EED40,160
xmen_fn_003EED40,0x003EED40,0x003EEDB0,112
xmen_fn_003EEDB0,0x003EEDB0,0x003EF370,1472
xmen_fn_003EF370,0x003EF370,0x003EF380,16
xmen_fn_003EF380,0x003EF380,0x003EF390,16
xmen_fn_003EF390,0x003EF390,0x003EF3A0,16
xmen_fn_003EF3A0,0x003EF3A0,0x003EF3B0,16
xmen_fn_003EF3B0,0x003EF3B0,0x003EF430,128
xmen_fn_003EF430,0x003EF430,0x003EF4B0,128
xmen_fn_003EF4B0,0x003EF4B0,0x003EF580,208
xmen_fn_003EF580,0x003EF580,0x003EF590,16
xmen_fn_003EF590,0x003EF590,0x003EF6B0,288
xmen_fn_003EF6B0,0x003EF6B0,0x003EF810,352
xmen_fn_003EF810,0x003EF810,0x003EFE00,1520
xmen_fn_003EFE00,0x003EFE00,0x003EFE10,16
xmen_fn_003EFE10,0x003EFE10,0x003EFE20,16
xmen_fn_003EFE20,0x003EFE20,0x003EFE30,16
xmen_fn_003EFE30,0x003EFE30,0x003EFE40,16
xmen_fn_003EFE40,0x003EFE40,0x003EFE50,16
xmen_fn_003EFE50,0x003EFE50,0x003EFE60,16
xmen_fn_003EFE60,0x003EFE60,0x003EFE70,16
xmen_fn_003EFE70,0x003EFE70,0x003EFE80,16
xmen_fn_003EFE80,0x003EFE80,0x003F05F0,1904
xmen_fn_003F05F0,0x003F05F0,0x003F0620,48
xmen_fn_003F0620,0x003F0620,0x003F0650,48
xmen_fn_003F0650,0x003F0650,0x003F0680,48
xmen_fn_003F0680,0x003F0680,0x003F06B0,48
xmen_fn_003F06B0,0x003F06B0,0x003F07B0,256
xmen_fn_003F07B0,0x003F07B0,0x003F07C0,16
xmen_fn_003F07C0,0x003F07C0,0x003F07D0,16
xmen_fn_003F07D0,0x003F07D0,0x003F07E0,16
xmen_fn_003F07E0,0x003F07E0,0x003F07F0,16
xmen_fn_003F07F0,0x003F07F0,0x003F0800,16
xmen_fn_003F0800,0x003F0800,0x003F0960,352
xmen_fn_003F0960,0x003F0960,0x003F09D0,112
xmen_fn_003F09D0,0x003F09D0,0x003F0A80,176
xmen_fn_003F0A80,0x003F0A80,0x003F0AB0,48
xmen_fn_003F0AB0,0x003F0AB0,0x003F0BC0,272
xmen_fn_003F0BC0,0x003F0BC0,0x003F0CA0,224
xmen_fn_003F0CA0,0x003F0CA0,0x003F0CD0,48
xmen_fn_003F0CD0,0x003F0CD0,0x003F0E00,304
xmen_fn_003F0E00,0x003F0E00,0x003F0E60,96
xmen_fn_003F0E60,0x003F0E60,0x003F0E70,16
xmen_fn_003F0E70,0x003F0E70,0x003F0ED0,96
xmen_fn_003F0ED0,0x003F0ED0,0x003F0F20,80
xmen_fn_003F0F20,0x003F0F20,0x003F1020,256
xmen_fn_003F1020,0x003F1020,0x003F1030,16
xmen_fn_003F1030,0x003F1030,0x003F11E0,432
xmen_fn_003F11E0,0x003F11E0,0x003F1340,352
xmen_fn_003F1340,0x003F1340,0x003F1460,288
xmen_fn_003F1460,0x003F1460,0x003F1AE0,1664
xmen_fn_003F1AE0,0x003F1AE0,0x003F1B20,64
xmen_fn_003F1B20,0x003F1B20,0x003F1BB0,144
xmen_fn_003F1BB0,0x003F1BB0,0x003F2410,2144
xmen_fn_003F2410,0x003F2410,0x003F2490,128
xmen_fn_003F2490,0x003F2490,0x003F2560,208
xmen_fn_003F2560,0x003F2560,0x003F26C0,352
xmen_fn_003F26C0,0x003F26C0,0x003F2740,128
xmen_fn_003F2740,0x003F2740,0x003F28F0,432
xmen_fn_003F28F0,0x003F28F0,0x003F2970,128
xmen_fn_003F2970,0x003F2970,0x003F30D0,1888
xmen_fn_003F30D0,0x003F30D0,0x003F3500,1072
xmen_fn_003F3500,0x003F3500,0x003F3720,544
xmen_fn_003F3720,0x003F3720,0x003F3AB0,912
xmen_fn_003F3AB0,0x003F3AB0,0x003F3FE0,1328
xmen_fn_003F3FE0,0x003F3FE0,0x003F5510,5424
xmen_fn_003F5510,0x003F5510,0x003F5520,16
xmen_fn_003F5520,0x003F5520,0x003F5660,320
xmen_fn_003F5660,0x003F5660,0x003F56E0,128
xmen_fn_003F56E0,0x003F56E0,0x003F5710,48
xmen_fn_003F5710,0x003F5710,0x003F5790,128
xmen_fn_003F5790,0x003F5790,0x003F5860,208
xmen_fn_003F5860,0x003F5860,0x003F59C0,352
xmen_fn_003F59C0,0x003F59C0,0x003F5AE0,288
xmen_fn_003F5AE0,0x003F5AE0,0x003F5B90,176
xmen_fn_003F5B90,0x003F5B90,0x003F5C00,112
xmen_fn_003F5C00,0x003F5C00,0x003F5C80,128
xmen_fn_003F5C80,0x003F5C80,0x003F5DB0,304
xmen_fn_003F5DB0,0x003F5DB0,0x003F5DC0,16
xmen_fn_003F5DC0,0x003F5DC0,0x003F5E00,64
xmen_fn_003F5E00,0x003F5E00,0x003F5E30,48
xmen_fn_003F5E30,0x003F5E30,0x003F5E40,16
xmen_fn_003F5E40,0x003F5E40,0x003F5E80,64
xmen_fn_003F5E80,0x003F5E80,0x003F5E90,16
xmen_fn_003F5E90,0x003F5E90,0x003F6390,1280
xmen_fn_003F6390,0x003F6390,0x003F6410,128
xmen_fn_003F6410,0x003F6410,0x003F64E0,208
xmen_fn_003F64E0,0x003F64E0,0x003F6560,128
xmen_fn_003F6560,0x003F6560,0x003F6630,208
xmen_fn_003F6630,0x003F6630,0x003F66B0,128
xmen_fn_003F66B0,0x003F66B0,0x003F6780,208
xmen_fn_003F6780,0x003F6780,0x003F6800,128
xmen_fn_003F6800,0x003F6800,0x003F68D0,208
xmen_fn_003F68D0,0x003F68D0,0x003F6950,128
xmen_fn_003F6950,0x003F6950,0x003F6A80,304
xmen_fn_003F6A80,0x003F6A80,0x003F6A90,16
xmen_fn_003F6A90,0x003F6A90,0x003F6AA0,16
xmen_fn_003F6AA0,0x003F6AA0,0x003F6AB0,16
xmen_fn_003F6AB0,0x003F6AB0,0x003F6AC0,16
xmen_fn_003F6AC0,0x003F6AC0,0x003F7BE0,4384
xmen_fn_003F7BE0,0x003F7BE0,0x003F7C10,48
xmen_fn_003F7C10,0x003F7C10,0x003F7C40,48
xmen_fn_003F7C40,0x003F7C40,0x003F7C90,80
xmen_fn_003F7C90,0x003F7C90,0x003F84B0,2080
xmen_fn_003F84B0,0x003F84B0,0x003F8800,848
xmen_fn_003F8800,0x003F8800,0x003F8B60,864
xmen_fn_003F8B60,0x003F8B60,0x003F8BE0,128
xmen_fn_003F8BE0,0x003F8BE0,0x003F8C00,32
xmen_fn_003F8C00,0x003F8C00,0x003F8C20,32
xmen_fn_003F8C20,0x003F8C20,0x003F8CA0,128
xmen_fn_003F8CA0,0x003F8CA0,0x003F9160,1216
xmen_fn_003F9160,0x003F9160,0x003F9DB0,3152
xmen_fn_003F9DB0,0x003F9DB0,0x003FA500,1872
xmen_fn_003FA500,0x003FA500,0x003FAEE0,2528
xmen_fn_003FAEE0,0x003FAEE0,0x003FC960,6784
xmen_fn_003FC960,0x003FC960,0x003FD780,3616
xmen_fn_003FD780,0x003FD780,0x003FD830,176
xmen_fn_003FD830,0x003FD830,0x003FD890,96
xmen_fn_003FD890,0x003FD890,0x003FDD00,1136
xmen_fn_003FDD00,0x003FDD00,0x003FDF70,624
xmen_fn_003FDF70,0x003FDF70,0x003FE050,224
xmen_fn_003FE050,0x003FE050,0x003FE070,32
xmen_fn_003FE070,0x003FE070,0x003FEDB0,3392
xmen_fn_003FEDB0,0x003FEDB0,0x003FEF70,448
xmen_fn_003FEF70,0x003FEF70,0x003FEF80,16
xmen_fn_003FEF80,0x003FEF80,0x003FF000,128
xmen_fn_003FF000,0x003FF000,0x003FF040,64
xmen_fn_003FF040,0x003FF040,0x00400310,4816
xmen_fn_00400310,0x00400310,0x00400320,16
xmen_fn_00400320,0x00400320,0x00400410,240
xmen_fn_00400410,0x00400410,0x00400470,96
xmen_fn_00400470,0x00400470,0x00400560,240
xmen_fn_00400560,0x00400560,0x00400600,160
xmen_fn_00400600,0x00400600,0x00401360,3424
xmen_fn_00401360,0x00401360,0x00401680,800
xmen_fn_00401680,0x00401680,0x00401C80,1536
xmen_fn_00401C80,0x00401C80,0x00401D60,224
xmen_fn_00401D60,0x00401D60,0x00402040,736
xmen_fn_00402040,0x00402040,0x004021F0,432
xmen_fn_004021F0,0x004021F0,0x00402FA0,3504
xmen_fn_00402FA0,0x00402FA0,0x004039A0,2560
xmen_fn_004039A0,0x004039A0,0x00403A60,192
xmen_fn_00403A60,0x00403A60,0x00403C50,496
xmen_fn_00403C50,0x00403C50,0x00403D60,272
xmen_fn_00403D60,0x00403D60,0x004047C0,2656
xmen_fn_004047C0,0x004047C0,0x00404930,368
xmen_fn_00404930,0x00404930,0x00404C80,848
xmen_fn_00404C80,0x00404C80,0x00404CF0,112
xmen_fn_00404CF0,0x00404CF0,0x00404E80,400
xmen_fn_00404E80,0x00404E80,0x00404F00,128
xmen_fn_00404F00,0x00404F00,0x00404F50,80
xmen_fn_00404F50,0x00404F50,0x00405070,288
xmen_fn_00405070,0x00405070,0x00405090,32
xmen_fn_00405090,0x00405090,0x004050C0,48
xmen_fn_004050C0,0x004050C0,0x00405140,128
xmen_fn_00405140,0x00405140,0x00405490,848
xmen_fn_00405490,0x00405490,0x004054C0,48
xmen_fn_004054C0,0x004054C0,0x004054F0,48
xmen_fn_004054F0,0x004054F0,0x00405510,32
xmen_fn_00405510,0x00405510,0x00405630,288
xmen_fn_00405630,0x00405630,0x00405670,64
xmen_fn_00405670,0x00405670,0x00405720,176
xmen_fn_00405720,0x00405720,0x00405FD0,2224
xmen_fn_00405FD0,0x00405FD0,0x00406000,48
xmen_fn_00406000,0x00406000,0x00406060,96
xmen_fn_00406060,0x00406060,0x00406340,736
xmen_fn_00406340,0x00406340,0x00406350,16
xmen_fn_00406350,0x00406350,0x00406450,256
xmen_fn_00406450,0x00406450,0x00406900,1200
xmen_fn_00406900,0x00406900,0x00406910,16
xmen_fn_00406910,0x00406910,0x00406920,16
xmen_fn_00406920,0x00406920,0x00406930,16
xmen_fn_00406930,0x00406930,0x00406BC0,656
xmen_fn_00406BC0,0x00406BC0,0x00406DE0,544
xmen_fn_00406DE0,0x00406DE0,0x00406E50,112
xmen_fn_00406E50,0x00406E50,0x00406E60,16
xmen_fn_00406E60,0x00406E60,0x00406E70,16
xmen_fn_00406E70,0x00406E70,0x00406EE0,112
xmen_fn_00406EE0,0x00406EE0,0x00406F00,32
xmen_fn_00406F00,0x00406F00,0x00406FF0,240
xmen_fn_00406FF0,0x00406FF0,0x004071E0,496
xmen_fn_004071E0,0x004071E0,0x004074C0,736
xmen_fn_004074C0,0x004074C0,0x004074E0,32
xmen_fn_004074E0,0x004074E0,0x004074F0,16
xmen_fn_004074F0,0x004074F0,0x00407570,128
xmen_fn_00407570,0x00407570,0x004076C0,336
xmen_fn_004076C0,0x004076C0,0x00407710,80
xmen_fn_00407710,0x00407710,0x00407760,80
xmen_fn_00407760,0x00407760,0x00407810,176
xmen_fn_00407810,0x00407810,0x00407870,96
xmen_fn_00407870,0x00407870,0x00407890,32
xmen_fn_00407890,0x00407890,0x00407B30,672
xmen_fn_00407B30,0x00407B30,0x00407B60,48
xmen_fn_00407B60,0x00407B60,0x00407B80,32
xmen_fn_00407B80,0x00407B80,0x00407BC0,64
xmen_fn_00407BC0,0x00407BC0,0x00407C90,208
xmen_fn_00407C90,0x00407C90,0x00407CE0,80
xmen_fn_00407CE0,0x00407CE0,0x00407D20,64
xmen_fn_00407D20,0x00407D20,0x00407F40,544
xmen_fn_00407F40,0x00407F40,0x00407FF0,176
xmen_fn_00407FF0,0x00407FF0,0x00408060,112
xmen_fn_00408060,0x00408060,0x00408100,160
xmen_fn_00408100,0x00408100,0x00408210,272
xmen_fn_00408210,0x00408210,0x004082C0,176
xmen_fn_004082C0,0x004082C0,0x004086D0,1040
xmen_fn_004086D0,0x004086D0,0x00408AA0,976
xmen_fn_00408AA0,0x00408AA0,0x00408BF0,336
xmen_fn_00408BF0,0x00408BF0,0x00408F10,800
xmen_fn_00408F10,0x00408F10,0x00409220,784
xmen_fn_00409220,0x00409220,0x00409330,272
xmen_fn_00409330,0x00409330,0x00409370,64
xmen_fn_00409370,0x00409370,0x00409380,16
xmen_fn_00409380,0x00409380,0x00409390,16
xmen_fn_00409390,0x00409390,0x00409520,400
xmen_fn_00409520,0x00409520,0x00409620,256
xmen_fn_00409620,0x00409620,0x004097C0,416
xmen_fn_004097C0,0x004097C0,0x00409A30,624
xmen_fn_00409A30,0x00409A30,0x00409BA0,368
xmen_fn_00409BA0,0x00409BA0,0x00409C20,128
xmen_fn_00409C20,0x00409C20,0x00409EC0,672
xmen_fn_00409EC0,0x00409EC0,0x0040A270,944
xmen_fn_0040A270,0x0040A270,0x0040AC50,2528
xmen_fn_0040AC50,0x0040AC50,0x0040B310,1728
xmen_fn_0040B310,0x0040B310,0x0040B5F0,736
xmen_fn_0040B5F0,0x0040B5F0,0x0040B6F0,256
xmen_fn_0040B6F0,0x0040B6F0,0x0040BA60,880
xmen_fn_0040BA60,0x0040BA60,0x0040BCE0,640
xmen_fn_0040BCE0,0x0040BCE0,0x0040C050,880
xmen_fn_0040C050,0x0040C050,0x0040C170,288
xmen_fn_0040C170,0x0040C170,0x0040C240,208
xmen_fn_0040C240,0x0040C240,0x0040C3D0,400
xmen_fn_0040C3D0,0x0040C3D0,0x0040C610,576
xmen_fn_0040C610,0x0040C610,0x0040C730,288
xmen_fn_0040C730,0x0040C730,0x0040C790,96
xmen_fn_0040C790,0x0040C790,0x0040C9C0,560
xmen_fn_0040C9C0,0x0040C9C0,0x0040CD70,944
xmen_fn_0040CD70,0x0040CD70,0x0040D050,736
xmen_fn_0040D050,0x0040D050,0x0040D2E0,656
xmen_fn_0040D2E0,0x0040D2E0,0x0040D540,608
xmen_fn_0040D540,0x0040D540,0x0040E2D0,3472
xmen_fn_0040E2D0,0x0040E2D0,0x0040E4F0,544
xmen_fn_0040E4F0,0x0040E4F0,0x0040E940,1104
xmen_fn_0040E940,0x0040E940,0x0040E990,80
xmen_fn_0040E990,0x0040E990,0x0040EA10,128
xmen_fn_0040EA10,0x0040EA10,0x0040EA40,48
xmen_fn_0040EA40,0x0040EA40,0x0040EA90,80
xmen_fn_0040EA90,0x0040EA90,0x0040EB00,112
xmen_fn_0040EB00,0x0040EB00,0x0040EDC0,704
xmen_fn_0040EDC0,0x0040EDC0,0x0040EE30,112
xmen_fn_0040EE30,0x0040EE30,0x0040EED0,160
xmen_fn_0040EED0,0x0040EED0,0x0040F590,1728
xmen_fn_0040F590,0x0040F590,0x00410020,2704
xmen_fn_00410020,0x00410020,0x004104A0,1152
xmen_fn_004104A0,0x004104A0,0x004106C0,544
xmen_fn_004106C0,0x004106C0,0x00411DC0,5888
xmen_fn_00411DC0,0x00411DC0,0x00411FF0,560
xmen_fn_00411FF0,0x00411FF0,0x004122B0,704
xmen_fn_004122B0,0x004122B0,0x00412A30,1920
xmen_fn_00412A30,0x00412A30,0x00412A90,96
xmen_fn_00412A90,0x00412A90,0x00412B50,192
xmen_fn_00412B50,0x00412B50,0x00412BD0,128
xmen_fn_00412BD0,0x00412BD0,0x00412BE0,16
xmen_fn_00412BE0,0x00412BE0,0x00412C40,96
xmen_fn_00412C40,0x00412C40,0x00412CD0,144
xmen_fn_00412CD0,0x00412CD0,0x00412D60,144
xmen_fn_00412D60,0x00412D60,0x00412D70,16
xmen_fn_00412D70,0x00412D70,0x00412DF0,128
xmen_fn_00412DF0,0x00412DF0,0x00412E00,16
xmen_fn_00412E00,0x00412E00,0x00413030,560
xmen_fn_00413030,0x00413030,0x00413290,608
xmen_fn_00413290,0x00413290,0x004132B0,32
xmen_fn_004132B0,0x004132B0,0x00413340,144
xmen_fn_00413340,0x00413340,0x00413360,32
xmen_fn_00413360,0x00413360,0x00413370,16
xmen_fn_00413370,0x00413370,0x00413400,144
xmen_fn_00413400,0x00413400,0x00413410,16
xmen_fn_00413410,0x00413410,0x00413420,16
xmen_fn_00413420,0x00413420,0x00413530,272
xmen_fn_00413530,0x00413530,0x00413660,304
xmen_fn_00413660,0x00413660,0x00413670,16
xmen_fn_00413670,0x00413670,0x00413700,144
xmen_fn_00413700,0x00413700,0x004137B0,176
xmen_fn_004137B0,0x004137B0,0x004139B0,512
xmen_fn_004139B0,0x004139B0,0x00413A40,144
xmen_fn_00413A40,0x00413A40,0x00413AF0,176
xmen_fn_00413AF0,0x00413AF0,0x00413CF0,512
xmen_fn_00413CF0,0x00413CF0,0x00413D20,48
xmen_fn_00413D20,0x00413D20,0x00414CD0,4016
xmen_fn_00414CD0,0x00414CD0,0x00414D90,192
xmen_fn_00414D90,0x00414D90,0x00414F90,512
xmen_fn_00414F90,0x00414F90,0x00414FE0,80
xmen_fn_00414FE0,0x00414FE0,0x00414FF0,16
xmen_fn_00414FF0,0x00414FF0,0x00415070,128
xmen_fn_00415070,0x00415070,0x00415150,224
xmen_fn_00415150,0x00415150,0x00415250,256
xmen_fn_00415250,0x00415250,0x00415710,1216
xmen_fn_00415710,0x00415710,0x00415720,16
xmen_fn_00415720,0x00415720,0x00415730,16
xmen_fn_00415730,0x00415730,0x00415740,16
xmen_fn_00415740,0x00415740,0x00415750,16
xmen_fn_00415750,0x00415750,0x00415850,256
xmen_fn_00415850,0x00415850,0x004159B0,352
xmen_fn_004159B0,0x004159B0,0x004159C0,16
xmen_fn_004159C0,0x004159C0,0x004159E0,32
xmen_fn_004159E0,0x004159E0,0x004159F0,16
xmen_fn_004159F0,0x004159F0,0x00415A90,160
xmen_fn_00415A90,0x00415A90,0x00415C00,368
xmen_fn_00415C00,0x00415C00,0x00415F60,864
xmen_fn_00415F60,0x00415F60,0x00416C20,3264
xmen_fn_00416C20,0x00416C20,0x00416C70,80
xmen_fn_00416C70,0x00416C70,0x00416CD0,96
xmen_fn_00416CD0,0x00416CD0,0x00416D80,176
xmen_fn_00416D80,0x00416D80,0x00416E00,128
xmen_fn_00416E00,0x00416E00,0x00416E50,80
xmen_fn_00416E50,0x00416E50,0x00416F00,176
xmen_fn_00416F00,0x00416F00,0x00416F60,96
xmen_fn_00416F60,0x00416F60,0x00416FC0,96
xmen_fn_00416FC0,0x00416FC0,0x00417020,96
xmen_fn_00417020,0x00417020,0x00417080,96
xmen_fn_00417080,0x00417080,0x00417100,128
xmen_fn_00417100,0x00417100,0x004171D0,208
xmen_fn_004171D0,0x004171D0,0x00417240,112
xmen_fn_00417240,0x00417240,0x004172C0,128
xmen_fn_004172C0,0x004172C0,0x00417390,208
xmen_fn_00417390,0x00417390,0x00417410,128
xmen_fn_00417410,0x00417410,0x004174E0,208
xmen_fn_004174E0,0x004174E0,0x00417560,128
xmen_fn_00417560,0x00417560,0x00417630,208
xmen_fn_00417630,0x00417630,0x004176B0,128
xmen_fn_004176B0,0x004176B0,0x00417780,208
xmen_fn_00417780,0x00417780,0x00417800,128
xmen_fn_00417800,0x00417800,0x004178D0,208
xmen_fn_004178D0,0x004178D0,0x00417900,48
xmen_fn_00417900,0x00417900,0x00417940,64
xmen_fn_00417940,0x00417940,0x00417990,80
xmen_fn_00417990,0x00417990,0x004179D0,64
xmen_fn_004179D0,0x004179D0,0x00417A30,96
xmen_fn_00417A30,0x00417A30,0x00417B00,208
xmen_fn_00417B00,0x00417B00,0x00417C60,352
xmen_fn_00417C60,0x00417C60,0x00417D40,224
xmen_fn_00417D40,0x00417D40,0x00417EA0,352
xmen_fn_00417EA0,0x00417EA0,0x004186A0,2048
xmen_fn_004186A0,0x004186A0,0x004186F0,80
xmen_fn_004186F0,0x004186F0,0x00418AF0,1024
xmen_fn_00418AF0,0x00418AF0,0x00418B40,80
xmen_fn_00418B40,0x00418B40,0x00418D60,544
xmen_fn_00418D60,0x00418D60,0x00418DC0,96
xmen_fn_00418DC0,0x00418DC0,0x00418DF0,48
xmen_fn_00418DF0,0x00418DF0,0x00418E10,32
xmen_fn_00418E10,0x00418E10,0x00418E60,80
xmen_fn_00418E60,0x00418E60,0x00418EB0,80
xmen_fn_00418EB0,0x00418EB0,0x00418F00,80
xmen_fn_00418F00,0x00418F00,0x00419740,2112
xmen_fn_00419740,0x00419740,0x0041AB50,5136
xmen_fn_0041AB50,0x0041AB50,0x0041ABC0,112
xmen_fn_0041ABC0,0x0041ABC0,0x0041ACA0,224
xmen_fn_0041ACA0,0x0041ACA0,0x0041AD20,128
xmen_fn_0041AD20,0x0041AD20,0x0041AD30,16
xmen_fn_0041AD30,0x0041AD30,0x0041AE30,256
xmen_fn_0041AE30,0x0041AE30,0x0041B2E0,1200
xmen_fn_0041B2E0,0x0041B2E0,0x0041B2F0,16
xmen_fn_0041B2F0,0x0041B2F0,0x0041B300,16
xmen_fn_0041B300,0x0041B300,0x0041B310,16
xmen_fn_0041B310,0x0041B310,0x0041B360,80
xmen_fn_0041B360,0x0041B360,0x0041B370,16
xmen_fn_0041B370,0x0041B370,0x0041B3D0,96
xmen_fn_0041B3D0,0x0041B3D0,0x0041B4C0,240
xmen_fn_0041B4C0,0x0041B4C0,0x0041B4F0,48
xmen_fn_0041B4F0,0x0041B4F0,0x0041B520,48
xmen_fn_0041B520,0x0041B520,0x0041B530,16
xmen_fn_0041B530,0x0041B530,0x0041B540,16
xmen_fn_0041B540,0x0041B540,0x0041B790,592
xmen_fn_0041B790,0x0041B790,0x0041B9B0,544
xmen_fn_0041B9B0,0x0041B9B0,0x0041BC00,592
xmen_fn_0041BC00,0x0041BC00,0x0041BC50,80
xmen_fn_0041BC50,0x0041BC50,0x0041BCA0,80
xmen_fn_0041BCA0,0x0041BCA0,0x0041BD50,176
xmen_fn_0041BD50,0x0041BD50,0x0041BD80,48
xmen_fn_0041BD80,0x0041BD80,0x0041BD90,16
xmen_fn_0041BD90,0x0041BD90,0x0041BDA0,16
xmen_fn_0041BDA0,0x0041BDA0,0x0041BE10,112
xmen_fn_0041BE10,0x0041BE10,0x0041BE20,16
xmen_fn_0041BE20,0x0041BE20,0x0041C2E0,1216
xmen_fn_0041C2E0,0x0041C2E0,0x0041C2F0,16
xmen_fn_0041C2F0,0x0041C2F0,0x0041C3C0,208
xmen_fn_0041C3C0,0x0041C3C0,0x0041C4C0,256
xmen_fn_0041C4C0,0x0041C4C0,0x0041C620,352
xmen_fn_0041C620,0x0041C620,0x0041C630,16
xmen_fn_0041C630,0x0041C630,0x0041C640,16
xmen_fn_0041C640,0x0041C640,0x0041C660,32
xmen_fn_0041C660,0x0041C660,0x0041C700,160
xmen_fn_0041C700,0x0041C700,0x0041C860,352
xmen_fn_0041C860,0x0041C860,0x0041C900,160
xmen_fn_0041C900,0x0041C900,0x0041D390,2704
xmen_fn_0041D390,0x0041D390,0x0041D760,976
xmen_fn_0041D760,0x0041D760,0x0041D790,48
xmen_fn_0041D790,0x0041D790,0x0041DB00,880
xmen_fn_0041DB00,0x0041DB00,0x0041DB30,48
xmen_fn_0041DB30,0x0041DB30,0x0041DB60,48
xmen_fn_0041DB60,0x0041DB60,0x0041DC30,208
xmen_fn_0041DC30,0x0041DC30,0x0041DD70,320
xmen_fn_0041DD70,0x0041DD70,0x0041DDF0,128
xmen_fn_0041DDF0,0x0041DDF0,0x0041DE50,96
xmen_fn_0041DE50,0x0041DE50,0x0041DE60,16
xmen_fn_0041DE60,0x0041DE60,0x0041DE70,16
xmen_fn_0041DE70,0x0041DE70,0x0041E080,528
xmen_fn_0041E080,0x0041E080,0x0041E1A0,288
xmen_fn_0041E1A0,0x0041E1A0,0x0041F2F0,4432
xmen_fn_0041F2F0,0x0041F2F0,0x0041F350,96
xmen_fn_0041F350,0x0041F350,0x0041F4D0,384
xmen_fn_0041F4D0,0x0041F4D0,0x0041F580,176
xmen_fn_0041F580,0x0041F580,0x0041F5E0,96
xmen_fn_0041F5E0,0x0041F5E0,0x0041F600,32
xmen_fn_0041F600,0x0041F600,0x0041FD80,1920
xmen_fn_0041FD80,0x0041FD80,0x004201E0,1120
xmen_fn_004201E0,0x004201E0,0x004203B0,464
xmen_fn_004203B0,0x004203B0,0x00420BB0,2048
xmen_fn_00420BB0,0x00420BB0,0x00420FC0,1040
xmen_fn_00420FC0,0x00420FC0,0x00421030,112
xmen_fn_00421030,0x00421030,0x00421080,80
xmen_fn_00421080,0x00421080,0x004210B0,48
xmen_fn_004210B0,0x004210B0,0x00421290,480
xmen_fn_00421290,0x00421290,0x00422030,3488
xmen_fn_00422030,0x00422030,0x004220F0,192
xmen_fn_004220F0,0x004220F0,0x00422130,64
xmen_fn_00422130,0x00422130,0x00422200,208
xmen_fn_00422200,0x00422200,0x00422260,96
xmen_fn_00422260,0x00422260,0x00422290,48
xmen_fn_00422290,0x00422290,0x004222C0,48
xmen_fn_004222C0,0x004222C0,0x004226D0,1040
xmen_fn_004226D0,0x004226D0,0x00422840,368
xmen_fn_00422840,0x00422840,0x00422850,16
xmen_fn_00422850,0x00422850,0x004228F0,160
xmen_fn_004228F0,0x004228F0,0x00422920,48
xmen_fn_00422920,0x00422920,0x00422DF0,1232
xmen_fn_00422DF0,0x00422DF0,0x00423F30,4416
xmen_fn_00423F30,0x00423F30,0x00424050,288
xmen_fn_00424050,0x00424050,0x00424210,448
xmen_fn_00424210,0x00424210,0x004246B0,1184
xmen_fn_004246B0,0x004246B0,0x00424730,128
xmen_fn_00424730,0x00424730,0x00424780,80
xmen_fn_00424780,0x00424780,0x00424800,128
xmen_fn_00424800,0x00424800,0x004248B0,176
xmen_fn_004248B0,0x004248B0,0x00424940,144
xmen_fn_00424940,0x00424940,0x004249F0,176
xmen_fn_004249F0,0x004249F0,0x00424AA0,176
xmen_fn_00424AA0,0x00424AA0,0x00424B70,208
xmen_fn_00424B70,0x00424B70,0x00424CB0,320
xmen_fn_00424CB0,0x00424CB0,0x00424DB0,256
xmen_fn_00424DB0,0x00424DB0,0x00426050,4768
xmen_fn_00426050,0x00426050,0x00426210,448
xmen_fn_00426210,0x00426210,0x00426240,48
xmen_fn_00426240,0x00426240,0x004262A0,96
xmen_fn_004262A0,0x004262A0,0x004264D0,560
xmen_fn_004264D0,0x004264D0,0x00426610,320
xmen_fn_00426610,0x00426610,0x00426630,32
xmen_fn_00426630,0x00426630,0x004266B0,128
xmen_fn_004266B0,0x004266B0,0x004266C0,16
xmen_fn_004266C0,0x004266C0,0x004266E0,32
xmen_fn_004266E0,0x004266E0,0x00426880,416
xmen_fn_00426880,0x00426880,0x004268B0,48
xmen_fn_004268B0,0x004268B0,0x00426AB0,512
xmen_fn_00426AB0,0x00426AB0,0x00426BF0,320
xmen_fn_00426BF0,0x00426BF0,0x00426C10,32
xmen_fn_00426C10,0x00426C10,0x00426C30,32
xmen_fn_00426C30,0x00426C30,0x00426C90,96
xmen_fn_00426C90,0x00426C90,0x00426CE0,80
xmen_fn_00426CE0,0x00426CE0,0x00426D50,112
xmen_fn_00426D50,0x00426D50,0x00426DC0,112
xmen_fn_00426DC0,0x00426DC0,0x00426E30,112
xmen_fn_00426E30,0x00426E30,0x00426E40,16
xmen_fn_00426E40,0x00426E40,0x00427680,2112
xmen_fn_00427680,0x00427680,0x00427AC0,1088
xmen_fn_00427AC0,0x00427AC0,0x00427D50,656
xmen_fn_00427D50,0x00427D50,0x00427DC0,112
xmen_fn_00427DC0,0x00427DC0,0x00427E40,128
xmen_fn_00427E40,0x00427E40,0x00427F40,256
xmen_fn_00427F40,0x00427F40,0x00427FA0,96
xmen_fn_00427FA0,0x00427FA0,0x00428010,112
xmen_fn_00428010,0x00428010,0x004281D0,448
xmen_fn_004281D0,0x004281D0,0x004283A0,464
xmen_fn_004283A0,0x004283A0,0x00428560,448
xmen_fn_00428560,0x00428560,0x00428730,464
xmen_fn_00428730,0x00428730,0x004287A0,112
xmen_fn_004287A0,0x004287A0,0x00428810,112
xmen_fn_00428810,0x00428810,0x00428950,320
xmen_fn_00428950,0x00428950,0x004289A0,80
xmen_fn_004289A0,0x004289A0,0x00428A50,176
xmen_fn_00428A50,0x00428A50,0x00428AB0,96
xmen_fn_00428AB0,0x00428AB0,0x00428AD0,32
xmen_fn_00428AD0,0x00428AD0,0x00428B80,176
xmen_fn_00428B80,0x00428B80,0x00428BE0,96
xmen_fn_00428BE0,0x00428BE0,0x00428DE0,512
xmen_fn_00428DE0,0x00428DE0,0x00428E30,80
xmen_fn_00428E30,0x00428E30,0x00428EE0,176
xmen_fn_00428EE0,0x00428EE0,0x00428F20,64
xmen_fn_00428F20,0x00428F20,0x00429000,224
xmen_fn_00429000,0x00429000,0x004290F0,240
xmen_fn_004290F0,0x004290F0,0x00429230,320
xmen_fn_00429230,0x00429230,0x00429330,256
xmen_fn_00429330,0x00429330,0x004297B0,1152
xmen_fn_004297B0,0x004297B0,0x00429950,416
xmen_fn_00429950,0x00429950,0x00429A80,304
xmen_fn_00429A80,0x00429A80,0x00429C50,464
xmen_fn_00429C50,0x00429C50,0x00429D50,256
xmen_fn_00429D50,0x00429D50,0x00429DC0,112
xmen_fn_00429DC0,0x00429DC0,0x0042A050,656
xmen_fn_0042A050,0x0042A050,0x0042B220,4560
xmen_fn_0042B220,0x0042B220,0x0042B320,256
xmen_fn_0042B320,0x0042B320,0x0042BDD0,2736
xmen_fn_0042BDD0,0x0042BDD0,0x0042BE10,64
xmen_fn_0042BE10,0x0042BE10,0x0042BE70,96
xmen_fn_0042BE70,0x0042BE70,0x0042BEE0,112
xmen_fn_0042BEE0,0x0042BEE0,0x0042BFD0,240
xmen_fn_0042BFD0,0x0042BFD0,0x0042C010,64
xmen_fn_0042C010,0x0042C010,0x0042C050,64
xmen_fn_0042C050,0x0042C050,0x0042C370,800
xmen_fn_0042C370,0x0042C370,0x0042C440,208
xmen_fn_0042C440,0x0042C440,0x0042C5A0,352
xmen_fn_0042C5A0,0x0042C5A0,0x0042C5D0,48
xmen_fn_0042C5D0,0x0042C5D0,0x0042C7E0,528
xmen_fn_0042C7E0,0x0042C7E0,0x0042C810,48
xmen_fn_0042C810,0x0042C810,0x0042CA60,592
xmen_fn_0042CA60,0x0042CA60,0x0042CD50,752
xmen_fn_0042CD50,0x0042CD50,0x0042D070,800
xmen_fn_0042D070,0x0042D070,0x0042D640,1488
xmen_fn_0042D640,0x0042D640,0x0042D870,560
xmen_fn_0042D870,0x0042D870,0x0042D950,224
xmen_fn_0042D950,0x0042D950,0x0042DA00,176
xmen_fn_0042DA00,0x0042DA00,0x0042DAE0,224
xmen_fn_0042DAE0,0x0042DAE0,0x0042DCB0,464
xmen_fn_0042DCB0,0x0042DCB0,0x0042DDF0,320
xmen_fn_0042DDF0,0x0042DDF0,0x0042DEB0,192
xmen_fn_0042DEB0,0x0042DEB0,0x0042DF30,128
xmen_fn_0042DF30,0x0042DF30,0x0042DFE0,176
xmen_fn_0042DFE0,0x0042DFE0,0x0042E010,48
xmen_fn_0042E010,0x0042E010,0x0042E0F0,224
xmen_fn_0042E0F0,0x0042E0F0,0x0042E5A0,1200
xmen_fn_0042E5A0,0x0042E5A0,0x0042E850,688
xmen_fn_0042E850,0x0042E850,0x0042E8B0,96
xmen_fn_0042E8B0,0x0042E8B0,0x0042EAB0,512
xmen_fn_0042EAB0,0x0042EAB0,0x0042EB00,80
xmen_fn_0042EB00,0x0042EB00,0x0042EBB0,176
xmen_fn_0042EBB0,0x0042EBB0,0x0042EC10,96
xmen_fn_0042EC10,0x0042EC10,0x0042EC30,32
xmen_fn_0042EC30,0x0042EC30,0x0042EC70,64
xmen_fn_0042EC70,0x0042EC70,0x0042ECC0,80
xmen_fn_0042ECC0,0x0042ECC0,0x0042ED80,192
xmen_fn_0042ED80,0x0042ED80,0x0042EE10,144
xmen_fn_0042EE10,0x0042EE10,0x0042EF60,336
xmen_fn_0042EF60,0x0042EF60,0x0042F030,208
xmen_fn_0042F030,0x0042F030,0x0042F290,608
xmen_fn_0042F290,0x0042F290,0x0042F4C0,560
xmen_fn_0042F4C0,0x0042F4C0,0x0042F7D0,784
xmen_fn_0042F7D0,0x0042F7D0,0x0042F810,64
xmen_fn_0042F810,0x0042F810,0x0042F8C0,176
xmen_fn_0042F8C0,0x0042F8C0,0x0042F930,112
xmen_fn_0042F930,0x0042F930,0x0042F950,32
xmen_fn_0042F950,0x0042F950,0x0042F9C0,112
xmen_fn_0042F9C0,0x0042F9C0,0x0042FA40,128
xmen_fn_0042FA40,0x0042FA40,0x0042FA50,16
xmen_fn_0042FA50,0x0042FA50,0x0042FCE0,656
xmen_fn_0042FCE0,0x0042FCE0,0x00430400,1824
xmen_fn_00430400,0x00430400,0x00430490,144
xmen_fn_00430490,0x00430490,0x00430710,640
xmen_fn_00430710,0x00430710,0x00430830,288
xmen_fn_00430830,0x00430830,0x00430A70,576
xmen_fn_00430A70,0x00430A70,0x00430A80,16
xmen_fn_00430A80,0x00430A80,0x00430AC0,64
xmen_fn_00430AC0,0x00430AC0,0x00430B00,64
xmen_fn_00430B00,0x00430B00,0x00430C30,304
xmen_fn_00430C30,0x00430C30,0x00430D20,240
xmen_fn_00430D20,0x00430D20,0x00431360,1600
xmen_fn_00431360,0x00431360,0x00431370,16
xmen_fn_00431370,0x00431370,0x00431BF0,2176
xmen_fn_00431BF0,0x00431BF0,0x00431CC0,208
xmen_fn_00431CC0,0x00431CC0,0x00432160,1184
xmen_fn_00432160,0x00432160,0x00432210,176
xmen_fn_00432210,0x00432210,0x00432220,16
xmen_fn_00432220,0x00432220,0x00432260,64
xmen_fn_00432260,0x00432260,0x00432460,512
xmen_fn_00432460,0x00432460,0x004325F0,400
xmen_fn_004325F0,0x004325F0,0x00433890,4768
xmen_fn_00433890,0x00433890,0x00433A70,480
xmen_fn_00433A70,0x00433A70,0x00434120,1712
xmen_fn_00434120,0x00434120,0x004341E0,192
xmen_fn_004341E0,0x004341E0,0x00434440,608
xmen_fn_00434440,0x00434440,0x00434690,592
xmen_fn_00434690,0x00434690,0x004346C0,48
xmen_fn_004346C0,0x004346C0,0x004346F0,48
xmen_fn_004346F0,0x004346F0,0x00434720,48
xmen_fn_00434720,0x00434720,0x00434750,48
xmen_fn_00434750,0x00434750,0x00434780,48
xmen_fn_00434780,0x00434780,0x00434890,272
xmen_fn_00434890,0x00434890,0x004348C0,48
xmen_fn_004348C0,0x004348C0,0x004348F0,48
xmen_fn_004348F0,0x004348F0,0x00434C00,784
xmen_fn_00434C00,0x00434C00,0x00434D60,352
xmen_fn_00434D60,0x00434D60,0x00434EE0,384
xmen_fn_00434EE0,0x00434EE0,0x00435060,384
xmen_fn_00435060,0x00435060,0x00435070,16
xmen_fn_00435070,0x00435070,0x00435080,16
xmen_fn_00435080,0x00435080,0x00435130,176
xmen_fn_00435130,0x00435130,0x004351D0,160
xmen_fn_004351D0,0x004351D0,0x00435290,192
xmen_fn_00435290,0x00435290,0x004357E0,1360
xmen_fn_004357E0,0x004357E0,0x00435F20,1856
xmen_fn_00435F20,0x00435F20,0x004362C0,928
xmen_fn_004362C0,0x004362C0,0x00436320,96
xmen_fn_00436320,0x00436320,0x00436380,96
xmen_fn_00436380,0x00436380,0x00436CA0,2336
xmen_fn_00436CA0,0x00436CA0,0x00436E10,368
xmen_fn_00436E10,0x00436E10,0x00436E60,80
xmen_fn_00436E60,0x00436E60,0x00436F10,176
xmen_fn_00436F10,0x00436F10,0x004370B0,416
xmen_fn_004370B0,0x004370B0,0x00437240,400
xmen_fn_00437240,0x00437240,0x00437250,16
xmen_fn_00437250,0x00437250,0x00437260,16
xmen_fn_00437260,0x00437260,0x00437370,272
xmen_fn_00437370,0x00437370,0x004374F0,384
xmen_fn_004374F0,0x004374F0,0x004378C0,976
xmen_fn_004378C0,0x004378C0,0x00437C40,896
xmen_fn_00437C40,0x00437C40,0x00437D30,240
xmen_fn_00437D30,0x00437D30,0x00437D40,16
xmen_fn_00437D40,0x00437D40,0x00437FE0,672
xmen_fn_00437FE0,0x00437FE0,0x00438060,128
xmen_fn_00438060,0x00438060,0x004381D0,368
xmen_fn_004381D0,0x004381D0,0x00438230,96
xmen_fn_00438230,0x00438230,0x00438430,512
xmen_fn_00438430,0x00438430,0x00438610,480
xmen_fn_00438610,0x00438610,0x00438640,48
xmen_fn_00438640,0x00438640,0x00438720,224
xmen_fn_00438720,0x00438720,0x004389F0,720
xmen_fn_004389F0,0x004389F0,0x00438BD0,480
xmen_fn_00438BD0,0x00438BD0,0x00439030,1120
xmen_fn_00439030,0x00439030,0x00439110,224
xmen_fn_00439110,0x00439110,0x00439720,1552
xmen_fn_00439720,0x00439720,0x0043A7D0,4272
xmen_fn_0043A7D0,0x0043A7D0,0x0043AA70,672
xmen_fn_0043AA70,0x0043AA70,0x0043AC90,544
xmen_fn_0043AC90,0x0043AC90,0x0043AD30,160
xmen_fn_0043AD30,0x0043AD30,0x0043B0C0,912
xmen_fn_0043B0C0,0x0043B0C0,0x0043B740,1664
xmen_fn_0043B740,0x0043B740,0x0043BAC0,896
xmen_fn_0043BAC0,0x0043BAC0,0x0043C5C0,2816
xmen_fn_0043C5C0,0x0043C5C0,0x0043C6A0,224
xmen_fn_0043C6A0,0x0043C6A0,0x0043CBC0,1312
xmen_fn_0043CBC0,0x0043CBC0,0x0043D090,1232
xmen_fn_0043D090,0x0043D090,0x0043D530,1184
xmen_fn_0043D530,0x0043D530,0x0043D7B0,640
xmen_fn_0043D7B0,0x0043D7B0,0x0043DB60,944
xmen_fn_0043DB60,0x0043DB60,0x0043DEB0,848
xmen_fn_0043DEB0,0x0043DEB0,0x0043E170,704
xmen_fn_0043E170,0x0043E170,0x0043E280,272
xmen_fn_0043E280,0x0043E280,0x0043E560,736
xmen_fn_0043E560,0x0043E560,0x0043E570,16
xmen_fn_0043E570,0x0043E570,0x0043E6E0,368
xmen_fn_0043E6E0,0x0043E6E0,0x0043E810,304
xmen_fn_0043E810,0x0043E810,0x0043EA90,640
xmen_fn_0043EA90,0x0043EA90,0x0043ED70,736
xmen_fn_0043ED70,0x0043ED70,0x0043EF90,544
xmen_fn_0043EF90,0x0043EF90,0x0043F070,224
xmen_fn_0043F070,0x0043F070,0x0043F160,240
xmen_fn_0043F160,0x0043F160,0x0043F200,160
xmen_fn_0043F200,0x0043F200,0x0043F4B0,688
xmen_fn_0043F4B0,0x0043F4B0,0x0043F5C0,272
xmen_fn_0043F5C0,0x0043F5C0,0x0043F620,96
xmen_fn_0043F620,0x0043F620,0x0043F730,272
xmen_fn_0043F730,0x0043F730,0x0043F9E0,688
xmen_fn_0043F9E0,0x0043F9E0,0x0043FE40,1120
xmen_fn_0043FE40,0x0043FE40,0x00440010,464
xmen_fn_00440010,0x00440010,0x004401A0,400
xmen_fn_004401A0,0x004401A0,0x004401B0,16
xmen_fn_004401B0,0x004401B0,0x00440230,128
xmen_fn_00440230,0x00440230,0x00440240,16
xmen_fn_00440240,0x00440240,0x00440300,192
xmen_fn_00440300,0x00440300,0x00440590,656
xmen_fn_00440590,0x00440590,0x00440670,224
xmen_fn_00440670,0x00440670,0x00440680,16
xmen_fn_00440680,0x00440680,0x00440830,432
xmen_fn_00440830,0x00440830,0x00440C40,1040
xmen_fn_00440C40,0x00440C40,0x00440D50,272
xmen_fn_00440D50,0x00440D50,0x00440F00,432
xmen_fn_00440F00,0x00440F00,0x00440FE0,224
xmen_fn_00440FE0,0x00440FE0,0x004412D0,752
xmen_fn_004412D0,0x004412D0,0x00442050,3456
xmen_fn_00442050,0x00442050,0x004421E0,400
xmen_fn_004421E0,0x004421E0,0x00442360,384
xmen_fn_00442360,0x00442360,0x00442500,416
xmen_fn_00442500,0x00442500,0x004431E0,3296
xmen_fn_004431E0,0x004431E0,0x00443260,128
xmen_fn_00443260,0x00443260,0x00443270,16
xmen_fn_00443270,0x00443270,0x00443310,160
xmen_fn_00443310,0x00443310,0x004433A0,144
xmen_fn_004433A0,0x004433A0,0x00443440,160
xmen_fn_00443440,0x00443440,0x00443450,16
xmen_fn_00443450,0x00443450,0x00443470,32
xmen_fn_00443470,0x00443470,0x00444040,3024
xmen_fn_00444040,0x00444040,0x004444B0,1136
xmen_fn_004444B0,0x004444B0,0x00444500,80
xmen_fn_00444500,0x00444500,0x00444640,320
xmen_fn_00444640,0x00444640,0x00444760,288
xmen_fn_00444760,0x00444760,0x004447C0,96
xmen_fn_004447C0,0x004447C0,0x00444BF0,1072
xmen_fn_00444BF0,0x00444BF0,0x00444C60,112
xmen_fn_00444C60,0x00444C60,0x00444C70,16
xmen_fn_00444C70,0x00444C70,0x00444CE0,112
xmen_fn_00444CE0,0x00444CE0,0x00444D00,32
xmen_fn_00444D00,0x00444D00,0x00444D40,64
xmen_fn_00444D40,0x00444D40,0x004450D0,912
xmen_fn_004450D0,0x004450D0,0x00445390,704
xmen_fn_00445390,0x00445390,0x00445740,944
xmen_fn_00445740,0x00445740,0x004458B0,368
xmen_fn_004458B0,0x004458B0,0x00445960,176
xmen_fn_00445960,0x00445960,0x004459C0,96
xmen_fn_004459C0,0x004459C0,0x00445AE0,288
xmen_fn_00445AE0,0x00445AE0,0x00445BC0,224
xmen_fn_00445BC0,0x00445BC0,0x00445C20,96
xmen_fn_00445C20,0x00445C20,0x00445E60,576
xmen_fn_00445E60,0x00445E60,0x00445F10,176
xmen_fn_00445F10,0x00445F10,0x00445F20,16
xmen_fn_00445F20,0x00445F20,0x00445F40,32
xmen_fn_00445F40,0x00445F40,0x00446160,544
xmen_fn_00446160,0x00446160,0x004461C0,96
xmen_fn_004461C0,0x004461C0,0x00446220,96
xmen_fn_00446220,0x00446220,0x00446420,512
xmen_fn_00446420,0x00446420,0x00446460,64
xmen_fn_00446460,0x00446460,0x004464B0,80
xmen_fn_004464B0,0x004464B0,0x00446560,176
xmen_fn_00446560,0x00446560,0x004465C0,96
xmen_fn_004465C0,0x004465C0,0x004465E0,32
xmen_fn_004465E0,0x004465E0,0x00446620,64
xmen_fn_00446620,0x00446620,0x00446630,16
xmen_fn_00446630,0x00446630,0x00446790,352
xmen_fn_00446790,0x00446790,0x00447230,2720
xmen_fn_00447230,0x00447230,0x00447270,64
xmen_fn_00447270,0x00447270,0x00447280,16
xmen_fn_00447280,0x00447280,0x00447290,16
xmen_fn_00447290,0x00447290,0x004472A0,16
xmen_fn_004472A0,0x004472A0,0x004472B0,16
xmen_fn_004472B0,0x004472B0,0x004472C0,16
xmen_fn_004472C0,0x004472C0,0x00447320,96
xmen_fn_00447320,0x00447320,0x00447330,16
xmen_fn_00447330,0x00447330,0x00447580,592
xmen_fn_00447580,0x00447580,0x00447C70,1776
xmen_fn_00447C70,0x00447C70,0x00447C80,16
xmen_fn_00447C80,0x00447C80,0x00447D30,176
xmen_fn_00447D30,0x00447D30,0x00449060,4912
xmen_fn_00449060,0x00449060,0x00449580,1312
xmen_fn_00449580,0x00449580,0x0044B0D0,6992
xmen_fn_0044B0D0,0x0044B0D0,0x0044B110,64
xmen_fn_0044B110,0x0044B110,0x0044B120,16
xmen_fn_0044B120,0x0044B120,0x0044B130,16
xmen_fn_0044B130,0x0044B130,0x0044B140,16
xmen_fn_0044B140,0x0044B140,0x0044B150,16
xmen_fn_0044B150,0x0044B150,0x0044B160,16
xmen_fn_0044B160,0x0044B160,0x0044B180,32
xmen_fn_0044B180,0x0044B180,0x0044B440,704
xmen_fn_0044B440,0x0044B440,0x0044B4A0,96
xmen_fn_0044B4A0,0x0044B4A0,0x0044B6A0,512
xmen_fn_0044B6A0,0x0044B6A0,0x0044B6D0,48
xmen_fn_0044B6D0,0x0044B6D0,0x0044BAA0,976
xmen_fn_0044BAA0,0x0044BAA0,0x0044BB90,240
xmen_fn_0044BB90,0x0044BB90,0x0044BC50,192
xmen_fn_0044BC50,0x0044BC50,0x0044BC80,48
xmen_fn_0044BC80,0x0044BC80,0x0044BD60,224
xmen_fn_0044BD60,0x0044BD60,0x0044BD70,16
xmen_fn_0044BD70,0x0044BD70,0x0044BE80,272
xmen_fn_0044BE80,0x0044BE80,0x0044BEC0,64
xmen_fn_0044BEC0,0x0044BEC0,0x0044BEF0,48
xmen_fn_0044BEF0,0x0044BEF0,0x0044BFF0,256
xmen_fn_0044BFF0,0x0044BFF0,0x0044C040,80
xmen_fn_0044C040,0x0044C040,0x0044C150,272
xmen_fn_0044C150,0x0044C150,0x0044C2D0,384
xmen_fn_0044C2D0,0x0044C2D0,0x0044D490,4544
xmen_fn_0044D490,0x0044D490,0x0044DD40,2224
xmen_fn_0044DD40,0x0044DD40,0x0044DE00,192
xmen_fn_0044DE00,0x0044DE00,0x0044DEC0,192
xmen_fn_0044DEC0,0x0044DEC0,0x0044DF80,192
xmen_fn_0044DF80,0x0044DF80,0x0044E000,128
xmen_fn_0044E000,0x0044E000,0x0044E120,288
xmen_fn_0044E120,0x0044E120,0x0044EBB0,2704
xmen_fn_0044EBB0,0x0044EBB0,0x0044EC40,144
xmen_fn_0044EC40,0x0044EC40,0x0044ED50,272
xmen_fn_0044ED50,0x0044ED50,0x0044EF00,432
xmen_fn_0044EF00,0x0044EF00,0x0044EF60,96
xmen_fn_0044EF60,0x0044EF60,0x0044F1B0,592
xmen_fn_0044F1B0,0x0044F1B0,0x0044F200,80
xmen_fn_0044F200,0x0044F200,0x0044F2B0,176
xmen_fn_0044F2B0,0x0044F2B0,0x0044F2F0,64
xmen_fn_0044F2F0,0x0044F2F0,0x0044F300,16
xmen_fn_0044F300,0x0044F300,0x0044F390,144
xmen_fn_0044F390,0x0044F390,0x0044F420,144
xmen_fn_0044F420,0x0044F420,0x0044F460,64
xmen_fn_0044F460,0x0044F460,0x0044F4B0,80
xmen_fn_0044F4B0,0x0044F4B0,0x0044F770,704
xmen_fn_0044F770,0x0044F770,0x0044FA30,704
xmen_fn_0044FA30,0x0044FA30,0x0044FA70,64
xmen_fn_0044FA70,0x0044FA70,0x0044FAC0,80
xmen_fn_0044FAC0,0x0044FAC0,0x004506C0,3072
xmen_fn_004506C0,0x004506C0,0x004506E0,32
xmen_fn_004506E0,0x004506E0,0x004506F0,16
xmen_fn_004506F0,0x004506F0,0x00450770,128
xmen_fn_00450770,0x00450770,0x00450850,224
xmen_fn_00450850,0x00450850,0x00450980,304
xmen_fn_00450980,0x00450980,0x00450990,16
xmen_fn_00450990,0x00450990,0x00450A60,208
xmen_fn_00450A60,0x00450A60,0x00450DB0,848
xmen_fn_00450DB0,0x00450DB0,0x00450DC0,16
xmen_fn_00450DC0,0x00450DC0,0x00450EC0,256
xmen_fn_00450EC0,0x00450EC0,0x00451370,1200
xmen_fn_00451370,0x00451370,0x00451380,16
xmen_fn_00451380,0x00451380,0x00451390,16
xmen_fn_00451390,0x00451390,0x004513A0,16
xmen_fn_004513A0,0x004513A0,0x004513C0,32
xmen_fn_004513C0,0x004513C0,0x004514F0,304
xmen_fn_004514F0,0x004514F0,0x00451540,80
xmen_fn_00451540,0x00451540,0x00451590,80
xmen_fn_00451590,0x00451590,0x00451640,176
xmen_fn_00451640,0x00451640,0x004516A0,96
xmen_fn_004516A0,0x004516A0,0x004516C0,32
xmen_fn_004516C0,0x004516C0,0x00452BB0,5360
xmen_fn_00452BB0,0x00452BB0,0x00452CA0,240
xmen_fn_00452CA0,0x00452CA0,0x00452E30,400
xmen_fn_00452E30,0x00452E30,0x00453130,768
xmen_fn_00453130,0x00453130,0x004531E0,176
xmen_fn_004531E0,0x004531E0,0x00453210,48
xmen_fn_00453210,0x00453210,0x004532A0,144
xmen_fn_004532A0,0x004532A0,0x004533F0,336
xmen_fn_004533F0,0x004533F0,0x00453640,592
xmen_fn_00453640,0x00453640,0x00453830,496
xmen_fn_00453830,0x00453830,0x00453840,16
xmen_fn_00453840,0x00453840,0x004539B0,368
xmen_fn_004539B0,0x004539B0,0x00453A10,96
xmen_fn_00453A10,0x00453A10,0x00453C50,576
xmen_fn_00453C50,0x00453C50,0x00453DD0,384
xmen_fn_00453DD0,0x00453DD0,0x00453E80,176
xmen_fn_00453E80,0x00453E80,0x00453F00,128
xmen_fn_00453F00,0x00453F00,0x00454000,256
xmen_fn_00454000,0x00454000,0x00454050,80
xmen_fn_00454050,0x00454050,0x00454090,64
xmen_fn_00454090,0x00454090,0x004540F0,96
xmen_fn_004540F0,0x004540F0,0x004541E0,240
xmen_fn_004541E0,0x004541E0,0x00454230,80
xmen_fn_00454230,0x00454230,0x00454240,16
xmen_fn_00454240,0x00454240,0x004542A0,96
xmen_fn_004542A0,0x004542A0,0x00454370,208
xmen_fn_00454370,0x00454370,0x00454580,528
xmen_fn_00454580,0x00454580,0x00454660,224
xmen_fn_00454660,0x00454660,0x004546B0,80
xmen_fn_004546B0,0x004546B0,0x004546C0,16
xmen_fn_004546C0,0x004546C0,0x00454720,96
xmen_fn_00454720,0x00454720,0x00454810,240
xmen_fn_00454810,0x00454810,0x00454830,32
xmen_fn_00454830,0x00454830,0x00454E40,1552
xmen_fn_00454E40,0x00454E40,0x00454F40,256
xmen_fn_00454F40,0x00454F40,0x004550A0,352
xmen_fn_004550A0,0x004550A0,0x004550B0,16
xmen_fn_004550B0,0x004550B0,0x004550C0,16
xmen_fn_004550C0,0x004550C0,0x004550D0,16
xmen_fn_004550D0,0x004550D0,0x004550E0,16
xmen_fn_004550E0,0x004550E0,0x004550F0,16
xmen_fn_004550F0,0x004550F0,0x00455110,32
xmen_fn_00455110,0x00455110,0x00455120,16
xmen_fn_00455120,0x00455120,0x004552B0,400
xmen_fn_004552B0,0x004552B0,0x004552C0,16
xmen_fn_004552C0,0x004552C0,0x004553C0,256
xmen_fn_004553C0,0x004553C0,0x004558A0,1248
xmen_fn_004558A0,0x004558A0,0x004558C0,32
xmen_fn_004558C0,0x004558C0,0x004558D0,16
xmen_fn_004558D0,0x004558D0,0x00455C50,896
xmen_fn_00455C50,0x00455C50,0x00455C70,32
xmen_fn_00455C70,0x00455C70,0x00455CF0,128
xmen_fn_00455CF0,0x00455CF0,0x00455D00,16
xmen_fn_00455D00,0x00455D00,0x00455DA0,160
xmen_fn_00455DA0,0x00455DA0,0x00456190,1008
xmen_fn_00456190,0x00456190,0x004562B0,288
xmen_fn_004562B0,0x004562B0,0x00456430,384
xmen_fn_00456430,0x00456430,0x00456450,32
xmen_fn_00456450,0x00456450,0x00456460,16
xmen_fn_00456460,0x00456460,0x00456480,32
xmen_fn_00456480,0x00456480,0x004568F0,1136
xmen_fn_004568F0,0x004568F0,0x004569F0,256
xmen_fn_004569F0,0x004569F0,0x00456EB0,1216
xmen_fn_00456EB0,0x00456EB0,0x00456ED0,32
xmen_fn_00456ED0,0x00456ED0,0x00456EE0,16
xmen_fn_00456EE0,0x00456EE0,0x00456F60,128
xmen_fn_00456F60,0x00456F60,0x00457040,224
xmen_fn_00457040,0x00457040,0x00457090,80
xmen_fn_00457090,0x00457090,0x004571D0,320
xmen_fn_004571D0,0x004571D0,0x00457250,128
xmen_fn_00457250,0x00457250,0x00457260,16
xmen_fn_00457260,0x00457260,0x00457270,16
xmen_fn_00457270,0x00457270,0x00457310,160
xmen_fn_00457310,0x00457310,0x00457410,256
xmen_fn_00457410,0x00457410,0x00457420,16
xmen_fn_00457420,0x00457420,0x00457520,256
xmen_fn_00457520,0x00457520,0x00457A00,1248
xmen_fn_00457A00,0x00457A00,0x00457A20,32
xmen_fn_00457A20,0x00457A20,0x00457A30,16
xmen_fn_00457A30,0x00457A30,0x00457A50,32
xmen_fn_00457A50,0x00457A50,0x00457A70,32
xmen_fn_00457A70,0x00457A70,0x00457E30,960
xmen_fn_00457E30,0x00457E30,0x00458370,1344
xmen_fn_00458370,0x00458370,0x00458490,288
xmen_fn_00458490,0x00458490,0x00458610,384
xmen_fn_00458610,0x00458610,0x00458630,32
xmen_fn_00458630,0x00458630,0x00458640,16
xmen_fn_00458640,0x00458640,0x00458660,32
xmen_fn_00458660,0x00458660,0x00458780,288
xmen_fn_00458780,0x00458780,0x004587C0,64
xmen_fn_004587C0,0x004587C0,0x004588C0,256
xmen_fn_004588C0,0x004588C0,0x004588D0,16
xmen_fn_004588D0,0x004588D0,0x004588E0,16
xmen_fn_004588E0,0x004588E0,0x004588F0,16
xmen_fn_004588F0,0x004588F0,0x00458E50,1376
xmen_fn_00458E50,0x00458E50,0x00458EA0,80
xmen_fn_00458EA0,0x00458EA0,0x00458EE0,64
xmen_fn_00458EE0,0x00458EE0,0x004595E0,1792
xmen_fn_004595E0,0x004595E0,0x00459A80,1184
xmen_fn_00459A80,0x00459A80,0x00459CF0,624
xmen_fn_00459CF0,0x00459CF0,0x00459E40,336
xmen_fn_00459E40,0x00459E40,0x00459EB0,112
xmen_fn_00459EB0,0x00459EB0,0x00459F60,176
xmen_fn_00459F60,0x00459F60,0x00459FB0,80
xmen_fn_00459FB0,0x00459FB0,0x0045A110,352
xmen_fn_0045A110,0x0045A110,0x0045A1F0,224
xmen_fn_0045A1F0,0x0045A1F0,0x0045A210,32
xmen_fn_0045A210,0x0045A210,0x0045A220,16
xmen_fn_0045A220,0x0045A220,0x0045A290,112
xmen_fn_0045A290,0x0045A290,0x0045A310,128
xmen_fn_0045A310,0x0045A310,0x0045A380,112
xmen_fn_0045A380,0x0045A380,0x0045A430,176
xmen_fn_0045A430,0x0045A430,0x0045A460,48
xmen_fn_0045A460,0x0045A460,0x0045A4D0,112
xmen_fn_0045A4D0,0x0045A4D0,0x0045A530,96
xmen_fn_0045A530,0x0045A530,0x0045A5D0,160
xmen_fn_0045A5D0,0x0045A5D0,0x0045A620,80
xmen_fn_0045A620,0x0045A620,0x0045A650,48
xmen_fn_0045A650,0x0045A650,0x0045A770,288
xmen_fn_0045A770,0x0045A770,0x0045A7B0,64
xmen_fn_0045A7B0,0x0045A7B0,0x0045A860,176
xmen_fn_0045A860,0x0045A860,0x0045A8A0,64
xmen_fn_0045A8A0,0x0045A8A0,0x0045AAA0,512
xmen_fn_0045AAA0,0x0045AAA0,0x0045ACA0,512
xmen_fn_0045ACA0,0x0045ACA0,0x0045B2A0,1536
xmen_fn_0045B2A0,0x0045B2A0,0x0045B2D0,48
xmen_fn_0045B2D0,0x0045B2D0,0x0045B3C0,240
xmen_fn_0045B3C0,0x0045B3C0,0x0045B740,896
xmen_fn_0045B740,0x0045B740,0x0045B8C0,384
xmen_fn_0045B8C0,0x0045B8C0,0x0045BA10,336
xmen_fn_0045BA10,0x0045BA10,0x0045BA90,128
xmen_fn_0045BA90,0x0045BA90,0x0045BAA0,16
xmen_fn_0045BAA0,0x0045BAA0,0x0045BAE0,64
xmen_fn_0045BAE0,0x0045BAE0,0x0045C830,3408
xmen_fn_0045C830,0x0045C830,0x0045D080,2128
xmen_fn_0045D080,0x0045D080,0x0045D150,208
xmen_fn_0045D150,0x0045D150,0x0045D200,176
xmen_fn_0045D200,0x0045D200,0x0045D490,656
xmen_fn_0045D490,0x0045D490,0x0045D7A0,784
xmen_fn_0045D7A0,0x0045D7A0,0x0045DA50,688
xmen_fn_0045DA50,0x0045DA50,0x0045DB60,272
xmen_fn_0045DB60,0x0045DB60,0x0045DD30,464
xmen_fn_0045DD30,0x0045DD30,0x0045DE70,320
xmen_fn_0045DE70,0x0045DE70,0x0045DEA0,48
xmen_fn_0045DEA0,0x0045DEA0,0x0045E030,400
xmen_fn_0045E030,0x0045E030,0x0045E080,80
xmen_fn_0045E080,0x0045E080,0x0045E1D0,336
xmen_fn_0045E1D0,0x0045E1D0,0x0045E3D0,512
xmen_fn_0045E3D0,0x0045E3D0,0x0045E660,656
xmen_fn_0045E660,0x0045E660,0x0045E670,16
xmen_fn_0045E670,0x0045E670,0x0045E740,208
xmen_fn_0045E740,0x0045E740,0x0045E790,80
xmen_fn_0045E790,0x0045E790,0x0045E930,416
xmen_fn_0045E930,0x0045E930,0x0045EAF0,448
xmen_fn_0045EAF0,0x0045EAF0,0x0045ECA0,432
xmen_fn_0045ECA0,0x0045ECA0,0x0045EED0,560
xmen_fn_0045EED0,0x0045EED0,0x0045F180,688
xmen_fn_0045F180,0x0045F180,0x0045F330,432
xmen_fn_0045F330,0x0045F330,0x0045F450,288
xmen_fn_0045F450,0x0045F450,0x0045F6D0,640
xmen_fn_0045F6D0,0x0045F6D0,0x0045F6E0,16
xmen_fn_0045F6E0,0x0045F6E0,0x0045F760,128
xmen_fn_0045F760,0x0045F760,0x0045F7F0,144
xmen_fn_0045F7F0,0x0045F7F0,0x0045F800,16
xmen_fn_0045F800,0x0045F800,0x0045FBE0,992
xmen_fn_0045FBE0,0x0045FBE0,0x0045FC40,96
xmen_fn_0045FC40,0x0045FC40,0x0045FE80,576
xmen_fn_0045FE80,0x0045FE80,0x00460010,400
xmen_fn_00460010,0x00460010,0x004602A0,656
xmen_fn_004602A0,0x004602A0,0x004602B0,16
xmen_fn_004602B0,0x004602B0,0x00460300,80
xmen_fn_00460300,0x00460300,0x00460380,128
xmen_fn_00460380,0x00460380,0x00460580,512
xmen_fn_00460580,0x00460580,0x004605C0,64
xmen_fn_004605C0,0x004605C0,0x00460620,96
xmen_fn_00460620,0x00460620,0x00460760,320
xmen_fn_00460760,0x00460760,0x00460840,224
xmen_fn_00460840,0x00460840,0x00460920,224
xmen_fn_00460920,0x00460920,0x00463670,11600
xmen_fn_00463670,0x00463670,0x004637B0,320
xmen_fn_004637B0,0x004637B0,0x004638B0,256
xmen_fn_004638B0,0x004638B0,0x00463980,208
xmen_fn_00463980,0x00463980,0x00463A00,128
xmen_fn_00463A00,0x00463A00,0x00463CC0,704
xmen_fn_00463CC0,0x00463CC0,0x00463D60,160
xmen_fn_00463D60,0x00463D60,0x00463E40,224
xmen_fn_00463E40,0x00463E40,0x00464020,480
xmen_fn_00464020,0x00464020,0x00464A00,2528
xmen_fn_00464A00,0x00464A00,0x00464BF0,496
xmen_fn_00464BF0,0x00464BF0,0x00465280,1680
xmen_fn_00465280,0x00465280,0x00465500,640
xmen_fn_00465500,0x00465500,0x00465570,112
xmen_fn_00465570,0x00465570,0x004655D0,96
xmen_fn_004655D0,0x004655D0,0x004657D0,512
xmen_fn_004657D0,0x004657D0,0x00465820,80
xmen_fn_00465820,0x00465820,0x004658D0,176
xmen_fn_004658D0,0x004658D0,0x00465930,96
xmen_fn_00465930,0x00465930,0x00465950,32
xmen_fn_00465950,0x00465950,0x004665B0,3168
xmen_fn_004665B0,0x004665B0,0x00468610,8288
xmen_fn_00468610,0x00468610,0x00468730,288
xmen_fn_00468730,0x00468730,0x004687B0,128
xmen_fn_004687B0,0x004687B0,0x00468C80,1232
xmen_fn_00468C80,0x00468C80,0x00468C90,16
xmen_fn_00468C90,0x00468C90,0x00468D10,128
xmen_fn_00468D10,0x00468D10,0x00468DA0,144
xmen_fn_00468DA0,0x00468DA0,0x00468E80,224
xmen_fn_00468E80,0x00468E80,0x00468EA0,32
xmen_fn_00468EA0,0x00468EA0,0x0046DC40,19872
xmen_fn_0046DC40,0x0046DC40,0x0046DCF0,176
xmen_fn_0046DCF0,0x0046DCF0,0x0046DD90,160
xmen_fn_0046DD90,0x0046DD90,0x0046DDF0,96
xmen_fn_0046DDF0,0x0046DDF0,0x0046DFF0,512
xmen_fn_0046DFF0,0x0046DFF0,0x0046E040,80
xmen_fn_0046E040,0x0046E040,0x0046E0F0,176
xmen_fn_0046E0F0,0x0046E0F0,0x0046E150,96
xmen_fn_0046E150,0x0046E150,0x0046E170,32
xmen_fn_0046E170,0x0046E170,0x0046E600,1168
xmen_fn_0046E600,0x0046E600,0x0046E8D0,720
xmen_fn_0046E8D0,0x0046E8D0,0x0046E9A0,208
xmen_fn_0046E9A0,0x0046E9A0,0x0046EBE0,576
xmen_fn_0046EBE0,0x0046EBE0,0x0046ED40,352
xmen_fn_0046ED40,0x0046ED40,0x0046EF00,448
xmen_fn_0046EF00,0x0046EF00,0x0046F170,624
xmen_fn_0046F170,0x0046F170,0x0046F330,448
xmen_fn_0046F330,0x0046F330,0x0046F900,1488
xmen_fn_0046F900,0x0046F900,0x004703B0,2736
xmen_fn_004703B0,0x004703B0,0x00470940,1424
xmen_fn_00470940,0x00470940,0x00472EE0,9632
xmen_fn_00472EE0,0x00472EE0,0x00473D60,3712
xmen_fn_00473D60,0x00473D60,0x00474960,3072
xmen_fn_00474960,0x00474960,0x00474C70,784
xmen_fn_00474C70,0x00474C70,0x00477CB0,12352
xmen_fn_00477CB0,0x00477CB0,0x00479FA0,8944
xmen_fn_00479FA0,0x00479FA0,0x0047E670,18128
xmen_fn_0047E670,0x0047E670,0x0047E760,240
xmen_fn_0047E760,0x0047E760,0x0047FB80,5152
xmen_fn_0047FB80,0x0047FB80,0x0047FCA0,288
xmen_fn_0047FCA0,0x0047FCA0,0x004800C0,1056
xmen_fn_004800C0,0x004800C0,0x00483CD0,15376
xmen_fn_00483CD0,0x00483CD0,0x00483D10,64
xmen_fn_00483D10,0x00483D10,0x00483E60,336
xmen_fn_00483E60,0x00483E60,0x00483ED0,112
xmen_fn_00483ED0,0x00483ED0,0x00483FC0,240
xmen_fn_00483FC0,0x00483FC0,0x00484020,96
xmen_fn_00484020,0x00484020,0x00484040,32
xmen_fn_00484040,0x00484040,0x00484080,64
xmen_fn_00484080,0x00484080,0x00484550,1232
xmen_fn_00484550,0x00484550,0x00484D10,1984
xmen_fn_00484D10,0x00484D10,0x00484D90,128
xmen_fn_00484D90,0x00484D90,0x00484DE0,80
xmen_fn_00484DE0,0x00484DE0,0x00484EA0,192
xmen_fn_00484EA0,0x00484EA0,0x00484EB0,16
xmen_fn_00484EB0,0x00484EB0,0x00484EC0,16
xmen_fn_00484EC0,0x00484EC0,0x00484FD0,272
xmen_fn_00484FD0,0x00484FD0,0x00485030,96
xmen_fn_00485030,0x00485030,0x004850A0,112
xmen_fn_004850A0,0x004850A0,0x00485160,192
xmen_fn_00485160,0x00485160,0x00485170,16
xmen_fn_00485170,0x00485170,0x00485190,32
xmen_fn_00485190,0x00485190,0x004852A0,272
xmen_fn_004852A0,0x004852A0,0x004852F0,80
xmen_fn_004852F0,0x004852F0,0x00485320,48
xmen_fn_00485320,0x00485320,0x00485690,880
xmen_fn_00485690,0x00485690,0x00485780,240
xmen_fn_00485780,0x00485780,0x004857E0,96
xmen_fn_004857E0,0x004857E0,0x00485800,32
xmen_fn_00485800,0x00485800,0x00485840,64
xmen_fn_00485840,0x00485840,0x00485890,80
xmen_fn_00485890,0x00485890,0x004858D0,64
xmen_fn_004858D0,0x004858D0,0x00485930,96
xmen_fn_00485930,0x00485930,0x00485A20,240
xmen_fn_00485A20,0x00485A20,0x004860F0,1744
xmen_fn_004860F0,0x004860F0,0x00486810,1824
xmen_fn_00486810,0x00486810,0x00487CF0,5344
xmen_fn_00487CF0,0x00487CF0,0x004882A0,1456
xmen_fn_004882A0,0x004882A0,0x004882B0,16
xmen_fn_004882B0,0x004882B0,0x004882F0,64
xmen_fn_004882F0,0x004882F0,0x00488330,64
xmen_fn_00488330,0x00488330,0x00488340,16
xmen_fn_00488340,0x00488340,0x00488360,32
xmen_fn_00488360,0x00488360,0x004883B0,80
xmen_fn_004883B0,0x004883B0,0x00488430,128
xmen_fn_00488430,0x00488430,0x00488440,16
xmen_fn_00488440,0x00488440,0x004884C0,128
xmen_fn_004884C0,0x004884C0,0x00489210,3408
xmen_fn_00489210,0x00489210,0x00489730,1312
xmen_fn_00489730,0x00489730,0x004898D0,416
xmen_fn_004898D0,0x004898D0,0x004899A0,208
xmen_fn_004899A0,0x004899A0,0x00489E00,1120
xmen_fn_00489E00,0x00489E00,0x0048B6F0,6384
xmen_fn_0048B6F0,0x0048B6F0,0x0048B750,96
xmen_fn_0048B750,0x0048B750,0x0048B8B0,352
xmen_fn_0048B8B0,0x0048B8B0,0x0048B970,192
xmen_fn_0048B970,0x0048B970,0x0048BC50,736
xmen_fn_0048BC50,0x0048BC50,0x0048BD20,208
xmen_fn_0048BD20,0x0048BD20,0x0048BDD0,176
xmen_fn_0048BDD0,0x0048BDD0,0x0048BF90,448
xmen_fn_0048BF90,0x0048BF90,0x0048C260,720
xmen_fn_0048C260,0x0048C260,0x0048C320,192
xmen_fn_0048C320,0x0048C320,0x0048C850,1328
xmen_fn_0048C850,0x0048C850,0x0048CE70,1568
xmen_fn_0048CE70,0x0048CE70,0x0048D030,448
xmen_fn_0048D030,0x0048D030,0x0048D510,1248
xmen_fn_0048D510,0x0048D510,0x0048D530,32
xmen_fn_0048D530,0x0048D530,0x0048D5A0,112
xmen_fn_0048D5A0,0x0048D5A0,0x0048F220,7296
xmen_fn_0048F220,0x0048F220,0x0048F250,48
xmen_fn_0048F250,0x0048F250,0x0048F260,16
xmen_fn_0048F260,0x0048F260,0x0048F2E0,128
xmen_fn_0048F2E0,0x0048F2E0,0x0048F3C0,224
xmen_fn_0048F3C0,0x0048F3C0,0x0048F620,608
xmen_fn_0048F620,0x0048F620,0x0048F8D0,688
xmen_fn_0048F8D0,0x0048F8D0,0x0048F8E0,16
xmen_fn_0048F8E0,0x0048F8E0,0x0048F9E0,256
xmen_fn_0048F9E0,0x0048F9E0,0x0048FE90,1200
xmen_fn_0048FE90,0x0048FE90,0x0048FEA0,16
xmen_fn_0048FEA0,0x0048FEA0,0x0048FEB0,16
xmen_fn_0048FEB0,0x0048FEB0,0x0048FF40,144
xmen_fn_0048FF40,0x0048FF40,0x0048FF90,80
xmen_fn_0048FF90,0x0048FF90,0x00490040,176
xmen_fn_00490040,0x00490040,0x00490060,32
xmen_fn_00490060,0x00490060,0x004900C0,96
xmen_fn_004900C0,0x004900C0,0x00490110,80
xmen_fn_00490110,0x00490110,0x004901C0,176
xmen_fn_004901C0,0x004901C0,0x00490220,96
xmen_fn_00490220,0x00490220,0x00490240,32
xmen_fn_00490240,0x00490240,0x004911C0,3968
xmen_fn_004911C0,0x004911C0,0x004911D0,16
xmen_fn_004911D0,0x004911D0,0x00491220,80
xmen_fn_00491220,0x00491220,0x004912D0,176
xmen_fn_004912D0,0x004912D0,0x004916D0,1024
xmen_fn_004916D0,0x004916D0,0x004916E0,16
xmen_fn_004916E0,0x004916E0,0x004917E0,256
xmen_fn_004917E0,0x004917E0,0x00491C90,1200
xmen_fn_00491C90,0x00491C90,0x00491CA0,16
xmen_fn_00491CA0,0x00491CA0,0x00491CB0,16
xmen_fn_00491CB0,0x00491CB0,0x00491CC0,16
xmen_fn_00491CC0,0x00491CC0,0x00491D00,64
xmen_fn_00491D00,0x00491D00,0x00491E10,272
xmen_fn_00491E10,0x00491E10,0x00491ED0,192
xmen_fn_00491ED0,0x00491ED0,0x004920E0,528
xmen_fn_004920E0,0x004920E0,0x00492100,32
xmen_fn_00492100,0x00492100,0x00492130,48
xmen_fn_00492130,0x00492130,0x00492150,32
xmen_fn_00492150,0x00492150,0x004921A0,80
xmen_fn_004921A0,0x004921A0,0x00492650,1200
xmen_fn_00492650,0x00492650,0x00492660,16
xmen_fn_00492660,0x00492660,0x00492670,16
xmen_fn_00492670,0x00492670,0x00492680,16
xmen_fn_00492680,0x00492680,0x004926B0,48
xmen_fn_004926B0,0x004926B0,0x004926C0,16
xmen_fn_004926C0,0x004926C0,0x00492790,208
xmen_fn_00492790,0x00492790,0x004930E0,2384
xmen_fn_004930E0,0x004930E0,0x00493140,96
xmen_fn_00493140,0x00493140,0x004931B0,112
xmen_fn_004931B0,0x004931B0,0x004931E0,48
xmen_fn_004931E0,0x004931E0,0x004931F0,16
xmen_fn_004931F0,0x004931F0,0x00493270,128
xmen_fn_00493270,0x00493270,0x00493350,224
xmen_fn_00493350,0x00493350,0x00493370,32
xmen_fn_00493370,0x00493370,0x00493380,16
xmen_fn_00493380,0x00493380,0x00493400,128
xmen_fn_00493400,0x00493400,0x004934E0,224
xmen_fn_004934E0,0x004934E0,0x00493530,80
xmen_fn_00493530,0x00493530,0x00493560,48
xmen_fn_00493560,0x00493560,0x004935C0,96
xmen_fn_004935C0,0x004935C0,0x00493880,704
xmen_fn_00493880,0x00493880,0x00493930,176
xmen_fn_00493930,0x00493930,0x004939A0,112
xmen_fn_004939A0,0x004939A0,0x004939F0,80
xmen_fn_004939F0,0x004939F0,0x00493AA0,176
xmen_fn_00493AA0,0x00493AA0,0x00493B00,96
xmen_fn_00493B00,0x00493B00,0x00493B20,32
xmen_fn_00493B20,0x00493B20,0x00493B50,48
xmen_fn_00493B50,0x00493B50,0x00493BA0,80
xmen_fn_00493BA0,0x00493BA0,0x00493C50,176
xmen_fn_00493C50,0x00493C50,0x00493DB0,352
xmen_fn_00493DB0,0x00493DB0,0x00493DF0,64
xmen_fn_00493DF0,0x00493DF0,0x004948B0,2752
xmen_fn_004948B0,0x004948B0,0x004948E0,48
xmen_fn_004948E0,0x004948E0,0x00494920,64
xmen_fn_00494920,0x00494920,0x00494C30,784
xmen_fn_00494C30,0x00494C30,0x00494C50,32
xmen_fn_00494C50,0x00494C50,0x00494C60,16
xmen_fn_00494C60,0x00494C60,0x00494CE0,128
xmen_fn_00494CE0,0x00494CE0,0x00495460,1920
xmen_fn_00495460,0x00495460,0x00495470,16
xmen_fn_00495470,0x00495470,0x00495570,256
xmen_fn_00495570,0x00495570,0x00495A30,1216
xmen_fn_00495A30,0x00495A30,0x00495A40,16
xmen_fn_00495A40,0x00495A40,0x00495A50,16
xmen_fn_00495A50,0x00495A50,0x00495A60,16
xmen_fn_00495A60,0x00495A60,0x00496120,1728
xmen_fn_00496120,0x00496120,0x00496170,80
xmen_fn_00496170,0x00496170,0x004961C0,80
xmen_fn_004961C0,0x004961C0,0x00496270,176
xmen_fn_00496270,0x00496270,0x004963B0,320
xmen_fn_004963B0,0x004963B0,0x00496480,208
xmen_fn_00496480,0x00496480,0x00496530,176
xmen_fn_00496530,0x00496530,0x00496710,480
xmen_fn_00496710,0x00496710,0x00496B50,1088
xmen_fn_00496B50,0x00496B50,0x00496BE0,144
xmen_fn_00496BE0,0x00496BE0,0x00496C50,112
xmen_fn_00496C50,0x00496C50,0x00496CD0,128
xmen_fn_00496CD0,0x00496CD0,0x00496E10,320
xmen_fn_00496E10,0x00496E10,0x00496E60,80
xmen_fn_00496E60,0x00496E60,0x00496EB0,80
xmen_fn_00496EB0,0x00496EB0,0x00497050,416
xmen_fn_00497050,0x00497050,0x004971B0,352
xmen_fn_004971B0,0x004971B0,0x00497250,160
xmen_fn_00497250,0x00497250,0x004972F0,160
xmen_fn_004972F0,0x004972F0,0x00497350,96
xmen_fn_00497350,0x00497350,0x00497720,976
xmen_fn_00497720,0x00497720,0x00497850,304
xmen_fn_00497850,0x00497850,0x00497960,272
xmen_fn_00497960,0x00497960,0x004979C0,96
xmen_fn_004979C0,0x004979C0,0x00497BC0,512
xmen_fn_00497BC0,0x00497BC0,0x00497C10,80
xmen_fn_00497C10,0x00497C10,0x00497CC0,176
xmen_fn_00497CC0,0x00497CC0,0x00497D20,96
xmen_fn_00497D20,0x00497D20,0x00497D40,32
xmen_fn_00497D40,0x00497D40,0x00497D80,64
xmen_fn_00497D80,0x00497D80,0x00498A60,3296
xmen_fn_00498A60,0x00498A60,0x00498E60,1024
xmen_fn_00498E60,0x00498E60,0x00499640,2016
xmen_fn_00499640,0x00499640,0x00499850,528
xmen_fn_00499850,0x00499850,0x00499980,304
xmen_fn_00499980,0x00499980,0x004999F0,112
xmen_fn_004999F0,0x004999F0,0x00499AB0,192
xmen_fn_00499AB0,0x00499AB0,0x00499AD0,32
xmen_fn_00499AD0,0x00499AD0,0x00499B20,80
xmen_fn_00499B20,0x00499B20,0x00499B80,96
xmen_fn_00499B80,0x00499B80,0x00499BD0,80
xmen_fn_00499BD0,0x00499BD0,0x00499BE0,16
xmen_fn_00499BE0,0x00499BE0,0x00499C40,96
xmen_fn_00499C40,0x00499C40,0x00499D30,240
xmen_fn_00499D30,0x00499D30,0x00499E40,272
xmen_fn_00499E40,0x00499E40,0x00499F20,224
xmen_fn_00499F20,0x00499F20,0x0049A590,1648
xmen_fn_0049A590,0x0049A590,0x0049A630,160
xmen_fn_0049A630,0x0049A630,0x0049C620,8176
xmen_fn_0049C620,0x0049C620,0x0049C640,32
xmen_fn_0049C640,0x0049C640,0x0049C650,16
xmen_fn_0049C650,0x0049C650,0x0049C6D0,128
xmen_fn_0049C6D0,0x0049C6D0,0x0049C7B0,224
xmen_fn_0049C7B0,0x0049C7B0,0x0049C870,192
xmen_fn_0049C870,0x0049C870,0x0049C8A0,48
xmen_fn_0049C8A0,0x0049C8A0,0x0049C990,240
xmen_fn_0049C990,0x0049C990,0x0049C9C0,48
xmen_fn_0049C9C0,0x0049C9C0,0x0049CA70,176
xmen_fn_0049CA70,0x0049CA70,0x0049CA90,32
xmen_fn_0049CA90,0x0049CA90,0x0049CAA0,16
xmen_fn_0049CAA0,0x0049CAA0,0x0049CBA0,256
xmen_fn_0049CBA0,0x0049CBA0,0x0049D050,1200
xmen_fn_0049D050,0x0049D050,0x0049D060,16
xmen_fn_0049D060,0x0049D060,0x0049D070,16
xmen_fn_0049D070,0x0049D070,0x0049D0F0,128
xmen_fn_0049D0F0,0x0049D0F0,0x0049D140,80
xmen_fn_0049D140,0x0049D140,0x0049D270,304
xmen_fn_0049D270,0x0049D270,0x0049D280,16
xmen_fn_0049D280,0x0049D280,0x0049D460,480
xmen_fn_0049D460,0x0049D460,0x0049D560,256
xmen_fn_0049D560,0x0049D560,0x0049D6C0,352
xmen_fn_0049D6C0,0x0049D6C0,0x0049D6D0,16
xmen_fn_0049D6D0,0x0049D6D0,0x0049D6E0,16
xmen_fn_0049D6E0,0x0049D6E0,0x0049D700,32
xmen_fn_0049D700,0x0049D700,0x0049DF30,2096
xmen_fn_0049DF30,0x0049DF30,0x0049E510,1504
xmen_fn_0049E510,0x0049E510,0x0049EA10,1280
xmen_fn_0049EA10,0x0049EA10,0x0049EE70,1120
xmen_fn_0049EE70,0x0049EE70,0x0049F400,1424
xmen_fn_0049F400,0x0049F400,0x004A1B10,10000
xmen_fn_004A1B10,0x004A1B10,0x004A2720,3088
xmen_fn_004A2720,0x004A2720,0x004A2730,16
xmen_fn_004A2730,0x004A2730,0x004A27D0,160
xmen_fn_004A27D0,0x004A27D0,0x004A2980,432
xmen_fn_004A2980,0x004A2980,0x004A2A00,128
xmen_fn_004A2A00,0x004A2A00,0x004A2B00,256
xmen_fn_004A2B00,0x004A2B00,0x004A2B80,128
xmen_fn_004A2B80,0x004A2B80,0x004A2CB0,304
xmen_fn_004A2CB0,0x004A2CB0,0x004A2CD0,32
xmen_fn_004A2CD0,0x004A2CD0,0x004A2ED0,512
xmen_fn_004A2ED0,0x004A2ED0,0x004A2F00,48
xmen_fn_004A2F00,0x004A2F00,0x004A3000,256
xmen_fn_004A3000,0x004A3000,0x004A3010,16
xmen_fn_004A3010,0x004A3010,0x004A32E0,720
xmen_fn_004A32E0,0x004A32E0,0x004A33C0,224
xmen_fn_004A33C0,0x004A33C0,0x004A33D0,16
xmen_fn_004A33D0,0x004A33D0,0x004A3680,688
xmen_fn_004A3680,0x004A3680,0x004A36E0,96
xmen_fn_004A36E0,0x004A36E0,0x004A3740,96
xmen_fn_004A3740,0x004A3740,0x004A39D0,656
xmen_fn_004A39D0,0x004A39D0,0x004A3A20,80
xmen_fn_004A3A20,0x004A3A20,0x004A3A70,80
xmen_fn_004A3A70,0x004A3A70,0x004A3B20,176
xmen_fn_004A3B20,0x004A3B20,0x004A3B80,96
xmen_fn_004A3B80,0x004A3B80,0x004A3BA0,32
xmen_fn_004A3BA0,0x004A3BA0,0x004A4080,1248
xmen_fn_004A4080,0x004A4080,0x004A41D0,336
xmen_fn_004A41D0,0x004A41D0,0x004A4230,96
xmen_fn_004A4230,0x004A4230,0x004A4430,512
xmen_fn_004A4430,0x004A4430,0x004A4800,976
xmen_fn_004A4800,0x004A4800,0x004A4810,16
xmen_fn_004A4810,0x004A4810,0x004A4930,288
xmen_fn_004A4930,0x004A4930,0x004A4B40,528
xmen_fn_004A4B40,0x004A4B40,0x004A4D70,560
xmen_fn_004A4D70,0x004A4D70,0x004A5000,656
xmen_fn_004A5000,0x004A5000,0x004A50E0,224
xmen_fn_004A50E0,0x004A50E0,0x004A52D0,496
xmen_fn_004A52D0,0x004A52D0,0x004A5300,48
xmen_fn_004A5300,0x004A5300,0x004A53A0,160
xmen_fn_004A53A0,0x004A53A0,0x004A5720,896
xmen_fn_004A5720,0x004A5720,0x004A5770,80
xmen_fn_004A5770,0x004A5770,0x004A6280,2832
xmen_fn_004A6280,0x004A6280,0x004A7830,5552
xmen_fn_004A7830,0x004A7830,0x004A78C0,144
xmen_fn_004A78C0,0x004A78C0,0x004A8370,2736
xmen_fn_004A8370,0x004A8370,0x004A8460,240
xmen_fn_004A8460,0x004A8460,0x004A84D0,112
xmen_fn_004A84D0,0x004A84D0,0x004A8590,192
xmen_fn_004A8590,0x004A8590,0x004A85A0,16
xmen_fn_004A85A0,0x004A85A0,0x004A85C0,32
xmen_fn_004A85C0,0x004A85C0,0x004A86D0,272
xmen_fn_004A86D0,0x004A86D0,0x004A8720,80
xmen_fn_004A8720,0x004A8720,0x004A8860,320
xmen_fn_004A8860,0x004A8860,0x004A8940,224
xmen_fn_004A8940,0x004A8940,0x004A9A90,4432
xmen_fn_004A9A90,0x004A9A90,0x004AA0B0,1568
xmen_fn_004AA0B0,0x004AA0B0,0x004AA1D0,288
xmen_fn_004AA1D0,0x004AA1D0,0x004AA760,1424
xmen_fn_004AA760,0x004AA760,0x004AA860,256
xmen_fn_004AA860,0x004AA860,0x004AA990,304
xmen_fn_004AA990,0x004AA990,0x004AAA20,144
xmen_fn_004AAA20,0x004AAA20,0x004AAA70,80
xmen_fn_004AAA70,0x004AAA70,0x004AAE70,1024
xmen_fn_004AAE70,0x004AAE70,0x004B02E0,21616
xmen_fn_004B02E0,0x004B02E0,0x004B06F0,1040
xmen_fn_004B06F0,0x004B06F0,0x004B08F0,512
xmen_fn_004B08F0,0x004B08F0,0x004B0D90,1184
xmen_fn_004B0D90,0x004B0D90,0x004B1390,1536
xmen_fn_004B1390,0x004B1390,0x004B1460,208
xmen_fn_004B1460,0x004B1460,0x004B1560,256
xmen_fn_004B1560,0x004B1560,0x004B1570,16
xmen_fn_004B1570,0x004B1570,0x004B15C0,80
xmen_fn_004B15C0,0x004B15C0,0x004B1700,320
xmen_fn_004B1700,0x004B1700,0x004B1DD0,1744
xmen_fn_004B1DD0,0x004B1DD0,0x004B2220,1104
xmen_fn_004B2220,0x004B2220,0x004B32C0,4256
xmen_fn_004B32C0,0x004B32C0,0x004B3410,336
xmen_fn_004B3410,0x004B3410,0x004B3580,368
xmen_fn_004B3580,0x004B3580,0x004B35F0,112
xmen_fn_004B35F0,0x004B35F0,0x004B3630,64
xmen_fn_004B3630,0x004B3630,0x004B3640,16
xmen_fn_004B3640,0x004B3640,0x004B3650,16
xmen_fn_004B3650,0x004B3650,0x004B3B50,1280
xmen_fn_004B3B50,0x004B3B50,0x004B3C00,176
xmen_fn_004B3C00,0x004B3C00,0x004B40A0,1184
xmen_fn_004B40A0,0x004B40A0,0x004B40E0,64
xmen_fn_004B40E0,0x004B40E0,0x004B4330,592
xmen_fn_004B4330,0x004B4330,0x004B4350,32
xmen_fn_004B4350,0x004B4350,0x004B4360,16
xmen_fn_004B4360,0x004B4360,0x004B43E0,128
xmen_fn_004B43E0,0x004B43E0,0x004B44C0,224
xmen_fn_004B44C0,0x004B44C0,0x004B44D0,16
xmen_fn_004B44D0,0x004B44D0,0x004B45D0,256
xmen_fn_004B45D0,0x004B45D0,0x004B4A90,1216
xmen_fn_004B4A90,0x004B4A90,0x004B4AA0,16
xmen_fn_004B4AA0,0x004B4AA0,0x004B4AB0,16
xmen_fn_004B4AB0,0x004B4AB0,0x004B4AC0,16
xmen_fn_004B4AC0,0x004B4AC0,0x004B4AD0,16
xmen_fn_004B4AD0,0x004B4AD0,0x004B4B50,128
xmen_fn_004B4B50,0x004B4B50,0x004B56B0,2912
xmen_fn_004B56B0,0x004B56B0,0x004B5730,128
xmen_fn_004B5730,0x004B5730,0x004B5930,512
xmen_fn_004B5930,0x004B5930,0x004B5990,96
xmen_fn_004B5990,0x004B5990,0x004B5B90,512
xmen_fn_004B5B90,0x004B5B90,0x004B5C10,128
xmen_fn_004B5C10,0x004B5C10,0x004B5E60,592
xmen_fn_004B5E60,0x004B5E60,0x004B5E70,16
xmen_fn_004B5E70,0x004B5E70,0x004B5E90,32
xmen_fn_004B5E90,0x004B5E90,0x004B5EA0,16
xmen_fn_004B5EA0,0x004B5EA0,0x004B5ED0,48
xmen_fn_004B5ED0,0x004B5ED0,0x004B5EE0,16
xmen_fn_004B5EE0,0x004B5EE0,0x004B5F10,48
xmen_fn_004B5F10,0x004B5F10,0x004B5F20,16
xmen_fn_004B5F20,0x004B5F20,0x004B5F50,48
xmen_fn_004B5F50,0x004B5F50,0x004B5F60,16
xmen_fn_004B5F60,0x004B5F60,0x004B5F90,48
xmen_fn_004B5F90,0x004B5F90,0x004B5FA0,16
xmen_fn_004B5FA0,0x004B5FA0,0x004B5FC0,32
xmen_fn_004B5FC0,0x004B5FC0,0x004B5FD0,16
xmen_fn_004B5FD0,0x004B5FD0,0x004B6010,64
xmen_fn_004B6010,0x004B6010,0x004B6020,16
xmen_fn_004B6020,0x004B6020,0x004B6040,32
xmen_fn_004B6040,0x004B6040,0x004B6050,16
xmen_fn_004B6050,0x004B6050,0x004B6090,64
xmen_fn_004B6090,0x004B6090,0x004B60A0,16
xmen_fn_004B60A0,0x004B60A0,0x004B60E0,64
xmen_fn_004B60E0,0x004B60E0,0x004B60F0,16
xmen_fn_004B60F0,0x004B60F0,0x004B6130,64
xmen_fn_004B6130,0x004B6130,0x004B6230,256
xmen_fn_004B6230,0x004B6230,0x004B6240,16
xmen_fn_004B6240,0x004B6240,0x004B6250,16
xmen_fn_004B6250,0x004B6250,0x004B62F0,160
xmen_fn_004B62F0,0x004B62F0,0x004B6300,16
xmen_fn_004B6300,0x004B6300,0x004B6320,32
xmen_fn_004B6320,0x004B6320,0x004B6370,80
xmen_fn_004B6370,0x004B6370,0x004B6380,16
xmen_fn_004B6380,0x004B6380,0x004B6640,704
xmen_fn_004B6640,0x004B6640,0x004B6650,16
xmen_fn_004B6650,0x004B6650,0x004B6750,256
xmen_fn_004B6750,0x004B6750,0x004B6C00,1200
xmen_fn_004B6C00,0x004B6C00,0x004B6C10,16
xmen_fn_004B6C10,0x004B6C10,0x004B6C20,16
xmen_fn_004B6C20,0x004B6C20,0x004B6C30,16
xmen_fn_004B6C30,0x004B6C30,0x004B6D30,256
xmen_fn_004B6D30,0x004B6D30,0x004B6D40,16
xmen_fn_004B6D40,0x004B6D40,0x004B6D50,16
xmen_fn_004B6D50,0x004B6D50,0x004B6DF0,160
xmen_fn_004B6DF0,0x004B6DF0,0x004B6E00,16
xmen_fn_004B6E00,0x004B6E00,0x004B70C0,704
xmen_fn_004B70C0,0x004B70C0,0x004B70D0,16
xmen_fn_004B70D0,0x004B70D0,0x004B71D0,256
xmen_fn_004B71D0,0x004B71D0,0x004B7680,1200
xmen_fn_004B7680,0x004B7680,0x004B7690,16
xmen_fn_004B7690,0x004B7690,0x004B76A0,16
xmen_fn_004B76A0,0x004B76A0,0x004B76B0,16
xmen_fn_004B76B0,0x004B76B0,0x004B7710,96
xmen_fn_004B7710,0x004B7710,0x004B7760,80
xmen_fn_004B7760,0x004B7760,0x004B7810,176
xmen_fn_004B7810,0x004B7810,0x004B7870,96
xmen_fn_004B7870,0x004B7870,0x004B7890,32
xmen_fn_004B7890,0x004B7890,0x004B78C0,48
xmen_fn_004B78C0,0x004B78C0,0x004B7920,96
xmen_fn_004B7920,0x004B7920,0x004B7970,80
xmen_fn_004B7970,0x004B7970,0x004B7A20,176
xmen_fn_004B7A20,0x004B7A20,0x004B7A80,96
xmen_fn_004B7A80,0x004B7A80,0x004B7AA0,32
xmen_fn_004B7AA0,0x004B7AA0,0x004B7B90,240
xmen_fn_004B7B90,0x004B7B90,0x004B7D70,480
xmen_fn_004B7D70,0x004B7D70,0x004B7D90,32
xmen_fn_004B7D90,0x004B7D90,0x004B7DC0,48
xmen_fn_004B7DC0,0x004B7DC0,0x004B7DE0,32
xmen_fn_004B7DE0,0x004B7DE0,0x004B7E00,32
xmen_fn_004B7E00,0x004B7E00,0x004B7E50,80
xmen_fn_004B7E50,0x004B7E50,0x004B8270,1056
xmen_fn_004B8270,0x004B8270,0x004B8D80,2832
xmen_fn_004B8D80,0x004B8D80,0x004B9AA0,3360
xmen_fn_004B9AA0,0x004B9AA0,0x004B9E60,960
xmen_fn_004B9E60,0x004B9E60,0x004BA290,1072
xmen_fn_004BA290,0x004BA290,0x004BABD0,2368
xmen_fn_004BABD0,0x004BABD0,0x004BAC30,96
xmen_fn_004BAC30,0x004BAC30,0x004BAE30,512
xmen_fn_004BAE30,0x004BAE30,0x004BAF90,352
xmen_fn_004BAF90,0x004BAF90,0x004BB290,768
xmen_fn_004BB290,0x004BB290,0x004BBF00,3184
xmen_fn_004BBF00,0x004BBF00,0x004BC670,1904
xmen_fn_004BC670,0x004BC670,0x004BC730,192
xmen_fn_004BC730,0x004BC730,0x004BC7E0,176
xmen_fn_004BC7E0,0x004BC7E0,0x004BC950,368
xmen_fn_004BC950,0x004BC950,0x004BCA80,304
xmen_fn_004BCA80,0x004BCA80,0x004BD690,3088
xmen_fn_004BD690,0x004BD690,0x004BDF90,2304
xmen_fn_004BDF90,0x004BDF90,0x004BE360,976
xmen_fn_004BE360,0x004BE360,0x004BE590,560
xmen_fn_004BE590,0x004BE590,0x004BE870,736
xmen_fn_004BE870,0x004BE870,0x004BE8D0,96
xmen_fn_004BE8D0,0x004BE8D0,0x004BE950,128
xmen_fn_004BE950,0x004BE950,0x004BE9E0,144
xmen_fn_004BE9E0,0x004BE9E0,0x004BE9F0,16
xmen_fn_004BE9F0,0x004BE9F0,0x004BEB60,368
xmen_fn_004BEB60,0x004BEB60,0x004BF230,1744
xmen_fn_004BF230,0x004BF230,0x004C00A0,3696
xmen_fn_004C00A0,0x004C00A0,0x004C02A0,512
xmen_fn_004C02A0,0x004C02A0,0x004C0520,640
xmen_fn_004C0520,0x004C0520,0x004C0760,576
xmen_fn_004C0760,0x004C0760,0x004C1880,4384
xmen_fn_004C1880,0x004C1880,0x004C1B20,672
xmen_fn_004C1B20,0x004C1B20,0x004C1DF0,720
xmen_fn_004C1DF0,0x004C1DF0,0x004C2190,928
xmen_fn_004C2190,0x004C2190,0x004C2C50,2752
xmen_fn_004C2C50,0x004C2C50,0x004C2D90,320
xmen_fn_004C2D90,0x004C2D90,0x004C2F60,464
xmen_fn_004C2F60,0x004C2F60,0x004C2F70,16
xmen_fn_004C2F70,0x004C2F70,0x004C37C0,2128
xmen_fn_004C37C0,0x004C37C0,0x004C37F0,48
xmen_fn_004C37F0,0x004C37F0,0x004C3CC0,1232
xmen_fn_004C3CC0,0x004C3CC0,0x004C4E80,4544
xmen_fn_004C4E80,0x004C4E80,0x004C4FC0,320
xmen_fn_004C4FC0,0x004C4FC0,0x004C5310,848
xmen_fn_004C5310,0x004C5310,0x004C56F0,992
xmen_fn_004C56F0,0x004C56F0,0x004C61E0,2800
xmen_fn_004C61E0,0x004C61E0,0x004C66E0,1280
xmen_fn_004C66E0,0x004C66E0,0x004C74C0,3552
xmen_fn_004C74C0,0x004C74C0,0x004C77C0,768
xmen_fn_004C77C0,0x004C77C0,0x004C7A20,608
xmen_fn_004C7A20,0x004C7A20,0x004C7A30,16
xmen_fn_004C7A30,0x004C7A30,0x004C7FC0,1424
xmen_fn_004C7FC0,0x004C7FC0,0x004C8420,1120
xmen_fn_004C8420,0x004C8420,0x004C88B0,1168
xmen_fn_004C88B0,0x004C88B0,0x004C8ED0,1568
xmen_fn_004C8ED0,0x004C8ED0,0x004C8FC0,240
xmen_fn_004C8FC0,0x004C8FC0,0x004C9030,112
xmen_fn_004C9030,0x004C9030,0x004C9080,80
xmen_fn_004C9080,0x004C9080,0x004C9A10,2448
xmen_fn_004C9A10,0x004C9A10,0x004C9A40,48
xmen_fn_004C9A40,0x004C9A40,0x004C9AB0,112
xmen_fn_004C9AB0,0x004C9AB0,0x004CA270,1984
xmen_fn_004CA270,0x004CA270,0x004CA280,16
xmen_fn_004CA280,0x004CA280,0x004CAF70,3312
xmen_fn_004CAF70,0x004CAF70,0x004CB060,240
xmen_fn_004CB060,0x004CB060,0x004CB260,512
xmen_fn_004CB260,0x004CB260,0x004CB3C0,352
xmen_fn_004CB3C0,0x004CB3C0,0x004CB670,688
xmen_fn_004CB670,0x004CB670,0x004CB6C0,80
xmen_fn_004CB6C0,0x004CB6C0,0x004CBB20,1120
xmen_fn_004CBB20,0x004CBB20,0x004CBB70,80
xmen_fn_004CBB70,0x004CBB70,0x004CC120,1456
xmen_fn_004CC120,0x004CC120,0x004CD470,4944
xmen_fn_004CD470,0x004CD470,0x004CDE00,2448
xmen_fn_004CDE00,0x004CDE00,0x004CDE20,32
xmen_fn_004CDE20,0x004CDE20,0x004CDEB0,144
xmen_fn_004CDEB0,0x004CDEB0,0x004CE460,1456
xmen_fn_004CE460,0x004CE460,0x004CE530,208
xmen_fn_004CE530,0x004CE530,0x004CE580,80
xmen_fn_004CE580,0x004CE580,0x004CE7D0,592
xmen_fn_004CE7D0,0x004CE7D0,0x004CE890,192
xmen_fn_004CE890,0x004CE890,0x004CE8A0,16
xmen_fn_004CE8A0,0x004CE8A0,0x004CEDD0,1328
xmen_fn_004CEDD0,0x004CEDD0,0x004CF2A0,1232
xmen_fn_004CF2A0,0x004CF2A0,0x004CFCD0,2608
xmen_fn_004CFCD0,0x004CFCD0,0x004D0260,1424
xmen_fn_004D0260,0x004D0260,0x004D0BF0,2448
xmen_fn_004D0BF0,0x004D0BF0,0x004D0C00,16
xmen_fn_004D0C00,0x004D0C00,0x004D1300,1792
xmen_fn_004D1300,0x004D1300,0x004D1880,1408
xmen_fn_004D1880,0x004D1880,0x004D1CA0,1056
xmen_fn_004D1CA0,0x004D1CA0,0x004D1D30,144
xmen_fn_004D1D30,0x004D1D30,0x004D1E10,224
xmen_fn_004D1E10,0x004D1E10,0x004D1E30,32
xmen_fn_004D1E30,0x004D1E30,0x004D20A0,624
xmen_fn_004D20A0,0x004D20A0,0x004D2330,656
xmen_fn_004D2330,0x004D2330,0x004D2430,256
xmen_fn_004D2430,0x004D2430,0x004D28D0,1184
xmen_fn_004D28D0,0x004D28D0,0x004D2A00,304
xmen_fn_004D2A00,0x004D2A00,0x004D2CB0,688
xmen_fn_004D2CB0,0x004D2CB0,0x004D2E00,336
xmen_fn_004D2E00,0x004D2E00,0x004D2E10,16
xmen_fn_004D2E10,0x004D2E10,0x004D2E30,32
xmen_fn_004D2E30,0x004D2E30,0x004D3260,1072
xmen_fn_004D3260,0x004D3260,0x004D3550,752
xmen_fn_004D3550,0x004D3550,0x004D3570,32
xmen_fn_004D3570,0x004D3570,0x004D38C0,848
xmen_fn_004D38C0,0x004D38C0,0x004D3D80,1216
xmen_fn_004D3D80,0x004D3D80,0x004D4310,1424
xmen_fn_004D4310,0x004D4310,0x004D4320,16
xmen_fn_004D4320,0x004D4320,0x004D4650,816
xmen_fn_004D4650,0x004D4650,0x004D48B0,608
xmen_fn_004D48B0,0x004D48B0,0x004D4B10,608
xmen_fn_004D4B10,0x004D4B10,0x004D4DA0,656
xmen_fn_004D4DA0,0x004D4DA0,0x004D4FE0,576
xmen_fn_004D4FE0,0x004D4FE0,0x004D52E0,768
xmen_fn_004D52E0,0x004D52E0,0x004D5D30,2640
xmen_fn_004D5D30,0x004D5D30,0x004D5DC0,144
xmen_fn_004D5DC0,0x004D5DC0,0x004D6100,832
xmen_fn_004D6100,0x004D6100,0x004D6220,288
xmen_fn_004D6220,0x004D6220,0x004D6290,112
xmen_fn_004D6290,0x004D6290,0x004D6590,768
xmen_fn_004D6590,0x004D6590,0x004D67B0,544
xmen_fn_004D67B0,0x004D67B0,0x004D6AA0,752
xmen_fn_004D6AA0,0x004D6AA0,0x004D6AE0,64
xmen_fn_004D6AE0,0x004D6AE0,0x004D6DE0,768
xmen_fn_004D6DE0,0x004D6DE0,0x004D7140,864
xmen_fn_004D7140,0x004D7140,0x004D7510,976
xmen_fn_004D7510,0x004D7510,0x004D76C0,432
xmen_fn_004D76C0,0x004D76C0,0x004D76D0,16
xmen_fn_004D76D0,0x004D76D0,0x004D7900,560
xmen_fn_004D7900,0x004D7900,0x004D7B70,624
xmen_fn_004D7B70,0x004D7B70,0x004D7B80,16
xmen_fn_004D7B80,0x004D7B80,0x004D8270,1776
xmen_fn_004D8270,0x004D8270,0x004D82A0,48
xmen_fn_004D82A0,0x004D82A0,0x004D8390,240
xmen_fn_004D8390,0x004D8390,0x004D83D0,64
xmen_fn_004D83D0,0x004D83D0,0x004D8440,112
xmen_fn_004D8440,0x004D8440,0x004D87B0,880
xmen_fn_004D87B0,0x004D87B0,0x004D8AE0,816
xmen_fn_004D8AE0,0x004D8AE0,0x004D8CD0,496
xmen_fn_004D8CD0,0x004D8CD0,0x004D8D80,176
xmen_fn_004D8D80,0x004D8D80,0x004D91F0,1136
xmen_fn_004D91F0,0x004D91F0,0x004D9D30,2880
xmen_fn_004D9D30,0x004D9D30,0x004D9D90,96
xmen_fn_004D9D90,0x004D9D90,0x004DA3E0,1616
xmen_fn_004DA3E0,0x004DA3E0,0x004DA500,288
xmen_fn_004DA500,0x004DA500,0x004DA570,112
xmen_fn_004DA570,0x004DA570,0x004DA590,32
xmen_fn_004DA590,0x004DA590,0x004DA780,496
xmen_fn_004DA780,0x004DA780,0x004DA8F0,368
xmen_fn_004DA8F0,0x004DA8F0,0x004DA930,64
xmen_fn_004DA930,0x004DA930,0x004DAAB0,384
xmen_fn_004DAAB0,0x004DAAB0,0x004DAE10,864
xmen_fn_004DAE10,0x004DAE10,0x004DAF10,256
xmen_fn_004DAF10,0x004DAF10,0x004DAF30,32
xmen_fn_004DAF30,0x004DAF30,0x004DAF80,80
xmen_fn_004DAF80,0x004DAF80,0x004DB110,400
xmen_fn_004DB110,0x004DB110,0x004DB200,240
xmen_fn_004DB200,0x004DB200,0x004DB210,16
xmen_fn_004DB210,0x004DB210,0x004DB260,80
xmen_fn_004DB260,0x004DB260,0x004DB280,32
xmen_fn_004DB280,0x004DB280,0x004DB2B0,48
xmen_fn_004DB2B0,0x004DB2B0,0x004DB3C0,272
xmen_fn_004DB3C0,0x004DB3C0,0x004DB700,832
xmen_fn_004DB700,0x004DB700,0x004DB830,304
xmen_fn_004DB830,0x004DB830,0x004DB960,304
xmen_fn_004DB960,0x004DB960,0x004DB9C0,96
xmen_fn_004DB9C0,0x004DB9C0,0x004DBC80,704
xmen_fn_004DBC80,0x004DBC80,0x004DBE70,496
xmen_fn_004DBE70,0x004DBE70,0x004DC250,992
xmen_fn_004DC250,0x004DC250,0x004DC260,16
xmen_fn_004DC260,0x004DC260,0x004DC270,16
xmen_fn_004DC270,0x004DC270,0x004DC350,224
xmen_fn_004DC350,0x004DC350,0x004DC380,48
xmen_fn_004DC380,0x004DC380,0x004DC400,128
xmen_fn_004DC400,0x004DC400,0x004DC470,112
xmen_fn_004DC470,0x004DC470,0x004DC480,16
xmen_fn_004DC480,0x004DC480,0x004DC500,128
xmen_fn_004DC500,0x004DC500,0x004DC730,560
xmen_fn_004DC730,0x004DC730,0x004DCEB0,1920
xmen_fn_004DCEB0,0x004DCEB0,0x004DD0F0,576
xmen_fn_004DD0F0,0x004DD0F0,0x004DD110,32
xmen_fn_004DD110,0x004DD110,0x004DD200,240
xmen_fn_004DD200,0x004DD200,0x004DD370,368
xmen_fn_004DD370,0x004DD370,0x004DD380,16
xmen_fn_004DD380,0x004DD380,0x004DD400,128
xmen_fn_004DD400,0x004DD400,0x004DD470,112
xmen_fn_004DD470,0x004DD470,0x004DD4B0,64
xmen_fn_004DD4B0,0x004DD4B0,0x004DD6B0,512
xmen_fn_004DD6B0,0x004DD6B0,0x004DD6F0,64
xmen_fn_004DD6F0,0x004DD6F0,0x004DD9F0,768
xmen_fn_004DD9F0,0x004DD9F0,0x004DDCA0,688
xmen_fn_004DDCA0,0x004DDCA0,0x004DDE10,368
xmen_fn_004DDE10,0x004DDE10,0x004DF6B0,6304
xmen_fn_004DF6B0,0x004DF6B0,0x004DFB40,1168
xmen_fn_004DFB40,0x004DFB40,0x004E0CB0,4464
xmen_fn_004E0CB0,0x004E0CB0,0x004E28F0,7232
xmen_fn_004E28F0,0x004E28F0,0x004E3210,2336
xmen_fn_004E3210,0x004E3210,0x004E3630,1056
xmen_fn_004E3630,0x004E3630,0x004E5670,8256
xmen_fn_004E5670,0x004E5670,0x004E5F30,2240
xmen_fn_004E5F30,0x004E5F30,0x004E5FD0,160
xmen_fn_004E5FD0,0x004E5FD0,0x004E7A30,6752
xmen_fn_004E7A30,0x004E7A30,0x004E8250,2080
xmen_fn_004E8250,0x004E8250,0x004E98E0,5776
xmen_fn_004E98E0,0x004E98E0,0x004E99E0,256
xmen_fn_004E99E0,0x004E99E0,0x004E9A50,112
xmen_fn_004E9A50,0x004E9A50,0x004E9B20,208
xmen_fn_004E9B20,0x004E9B20,0x004E9B40,32
xmen_fn_004E9B40,0x004E9B40,0x004E9BB0,112
xmen_fn_004E9BB0,0x004E9BB0,0x004E9C70,192
xmen_fn_004E9C70,0x004E9C70,0x004E9CE0,112
xmen_fn_004E9CE0,0x004E9CE0,0x004E9D80,160
xmen_fn_004E9D80,0x004E9D80,0x004E9E80,256
xmen_fn_004E9E80,0x004E9E80,0x004E9F30,176
xmen_fn_004E9F30,0x004E9F30,0x004E9F70,64
xmen_fn_004E9F70,0x004E9F70,0x004EA240,720
xmen_fn_004EA240,0x004EA240,0x004EA330,240
xmen_fn_004EA330,0x004EA330,0x004EB920,5616
xmen_fn_004EB920,0x004EB920,0x004EB970,80
xmen_fn_004EB970,0x004EB970,0x004EE3F0,10880
xmen_fn_004EE3F0,0x004EE3F0,0x004EE4B0,192
xmen_fn_004EE4B0,0x004EE4B0,0x004EE800,848
xmen_fn_004EE800,0x004EE800,0x004EF250,2640
xmen_fn_004EF250,0x004EF250,0x004EF4A0,592
xmen_fn_004EF4A0,0x004EF4A0,0x004EF590,240
xmen_fn_004EF590,0x004EF590,0x004EFBD0,1600
xmen_fn_004EFBD0,0x004EFBD0,0x004F0020,1104
xmen_fn_004F0020,0x004F0020,0x004F0250,560
xmen_fn_004F0250,0x004F0250,0x004F0310,192
xmen_fn_004F0310,0x004F0310,0x004F0320,16
xmen_fn_004F0320,0x004F0320,0x004F0510,496
xmen_fn_004F0510,0x004F0510,0x004F0600,240
xmen_fn_004F0600,0x004F0600,0x004F0D70,1904
xmen_fn_004F0D70,0x004F0D70,0x004F0F00,400
xmen_fn_004F0F00,0x004F0F00,0x004F0F10,16
xmen_fn_004F0F10,0x004F0F10,0x004F1040,304
xmen_fn_004F1040,0x004F1040,0x004F10B0,112
xmen_fn_004F10B0,0x004F10B0,0x004F1200,336
xmen_fn_004F1200,0x004F1200,0x004F1270,112
xmen_fn_004F1270,0x004F1270,0x004F1A30,1984
xmen_fn_004F1A30,0x004F1A30,0x004F1DC0,912
xmen_fn_004F1DC0,0x004F1DC0,0x004F2EE0,4384
xmen_fn_004F2EE0,0x004F2EE0,0x004F3230,848
xmen_fn_004F3230,0x004F3230,0x004F42E0,4272
xmen_fn_004F42E0,0x004F42E0,0x004F44F0,528
xmen_fn_004F44F0,0x004F44F0,0x004F4550,96
xmen_fn_004F4550,0x004F4550,0x004F4640,240
xmen_fn_004F4640,0x004F4640,0x004F4670,48
xmen_fn_004F4670,0x004F4670,0x004F47A0,304
xmen_fn_004F47A0,0x004F47A0,0x004F47D0,48
xmen_fn_004F47D0,0x004F47D0,0x004F48F0,288
xmen_fn_004F48F0,0x004F48F0,0x004F4E20,1328
xmen_fn_004F4E20,0x004F4E20,0x004F4FA0,384
xmen_fn_004F4FA0,0x004F4FA0,0x004F5010,112
xmen_fn_004F5010,0x004F5010,0x004F50E0,208
xmen_fn_004F50E0,0x004F50E0,0x004F50F0,16
xmen_fn_004F50F0,0x004F50F0,0x004F5390,672
xmen_fn_004F5390,0x004F5390,0x004F54C0,304
xmen_fn_004F54C0,0x004F54C0,0x004F6390,3792
xmen_fn_004F6390,0x004F6390,0x004F63B0,32
xmen_fn_004F63B0,0x004F63B0,0x004F6610,608
xmen_fn_004F6610,0x004F6610,0x004F6650,64
xmen_fn_004F6650,0x004F6650,0x004F6660,16
xmen_fn_004F6660,0x004F6660,0x004F66F0,144
xmen_fn_004F66F0,0x004F66F0,0x004F6840,336
xmen_fn_004F6840,0x004F6840,0x004F6970,304
xmen_fn_004F6970,0x004F6970,0x004F6980,16
xmen_fn_004F6980,0x004F6980,0x004F6A80,256
xmen_fn_004F6A80,0x004F6A80,0x004F6F60,1248
xmen_fn_004F6F60,0x004F6F60,0x004F6F80,32
xmen_fn_004F6F80,0x004F6F80,0x004F6F90,16
xmen_fn_004F6F90,0x004F6F90,0x004F6FB0,32
xmen_fn_004F6FB0,0x004F6FB0,0x004F6FD0,32
xmen_fn_004F6FD0,0x004F6FD0,0x004F7030,96
xmen_fn_004F7030,0x004F7030,0x004F7170,320
xmen_fn_004F7170,0x004F7170,0x004F71A0,48
xmen_fn_004F71A0,0x004F71A0,0x004F71B0,16
xmen_fn_004F71B0,0x004F71B0,0x004F75E0,1072
xmen_fn_004F75E0,0x004F75E0,0x004F7660,128
xmen_fn_004F7660,0x004F7660,0x004F76B0,80
xmen_fn_004F76B0,0x004F76B0,0x004F76F0,64
xmen_fn_004F76F0,0x004F76F0,0x004F7750,96
xmen_fn_004F7750,0x004F7750,0x004F78A0,336
xmen_fn_004F78A0,0x004F78A0,0x004F7B90,752
xmen_fn_004F7B90,0x004F7B90,0x004F8320,1936
xmen_fn_004F8320,0x004F8320,0x004F8350,48
xmen_fn_004F8350,0x004F8350,0x004F8450,256
xmen_fn_004F8450,0x004F8450,0x004F8590,320
xmen_fn_004F8590,0x004F8590,0x004F85B0,32
xmen_fn_004F85B0,0x004F85B0,0x004F85C0,16
xmen_fn_004F85C0,0x004F85C0,0x004F85D0,16
xmen_fn_004F85D0,0x004F85D0,0x004F86E0,272
xmen_fn_004F86E0,0x004F86E0,0x004F87A0,192
xmen_fn_004F87A0,0x004F87A0,0x004F8810,112
xmen_fn_004F8810,0x004F8810,0x004F88C0,176
xmen_fn_004F88C0,0x004F88C0,0x004F8910,80
xmen_fn_004F8910,0x004F8910,0x004F8A70,352
xmen_fn_004F8A70,0x004F8A70,0x004F8B50,224
xmen_fn_004F8B50,0x004F8B50,0x004F8C40,240
xmen_fn_004F8C40,0x004F8C40,0x004F8CE0,160
xmen_fn_004F8CE0,0x004F8CE0,0x004F8EE0,512
xmen_fn_004F8EE0,0x004F8EE0,0x004F9BB0,3280
xmen_fn_004F9BB0,0x004F9BB0,0x004F9C30,128
xmen_fn_004F9C30,0x004F9C30,0x004FA4E0,2224
xmen_fn_004FA4E0,0x004FA4E0,0x004FA540,96
xmen_fn_004FA540,0x004FA540,0x004FA6C0,384
xmen_fn_004FA6C0,0x004FA6C0,0x004FA9E0,800
xmen_fn_004FA9E0,0x004FA9E0,0x004FABF0,528
xmen_fn_004FABF0,0x004FABF0,0x004FAC60,112
xmen_fn_004FAC60,0x004FAC60,0x004FAD20,192
xmen_fn_004FAD20,0x004FAD20,0x004FAD30,16
xmen_fn_004FAD30,0x004FAD30,0x004FAD40,16
xmen_fn_004FAD40,0x004FAD40,0x004FAE50,272
xmen_fn_004FAE50,0x004FAE50,0x004FAEA0,80
xmen_fn_004FAEA0,0x004FAEA0,0x004FAEB0,16
xmen_fn_004FAEB0,0x004FAEB0,0x004FAF10,96
xmen_fn_004FAF10,0x004FAF10,0x004FAF20,16
xmen_fn_004FAF20,0x004FAF20,0x004FB080,352
xmen_fn_004FB080,0x004FB080,0x004FB160,224
xmen_fn_004FB160,0x004FB160,0x004FC180,4128
xmen_fn_004FC180,0x004FC180,0x004FF050,11984
xmen_fn_004FF050,0x004FF050,0x004FFED0,3712
xmen_fn_004FFED0,0x004FFED0,0x00500D80,3760
xmen_fn_00500D80,0x00500D80,0x00500F50,464
xmen_fn_00500F50,0x00500F50,0x00501120,464
xmen_fn_00501120,0x00501120,0x005015F0,1232
xmen_fn_005015F0,0x005015F0,0x00501E40,2128
xmen_fn_00501E40,0x00501E40,0x005021A0,864
xmen_fn_005021A0,0x005021A0,0x00502640,1184
xmen_fn_00502640,0x00502640,0x00502CC0,1664
xmen_fn_00502CC0,0x00502CC0,0x00502F40,640
xmen_fn_00502F40,0x00502F40,0x00502FF0,176
xmen_fn_00502FF0,0x00502FF0,0x005032B0,704
xmen_fn_005032B0,0x005032B0,0x00503490,480
xmen_fn_00503490,0x00503490,0x005040B0,3104
xmen_fn_005040B0,0x005040B0,0x00504F70,3776
xmen_fn_00504F70,0x00504F70,0x00505BB0,3136
xmen_fn_00505BB0,0x00505BB0,0x00505BC0,16
xmen_fn_00505BC0,0x00505BC0,0x00505BF0,48
xmen_fn_00505BF0,0x00505BF0,0x00505CB0,192
xmen_fn_00505CB0,0x00505CB0,0x00505F60,688
xmen_fn_00505F60,0x00505F60,0x00505FC0,96
xmen_fn_00505FC0,0x00505FC0,0x00505FF0,48
xmen_fn_00505FF0,0x00505FF0,0x00506020,48
xmen_fn_00506020,0x00506020,0x00506480,1120
xmen_fn_00506480,0x00506480,0x00506520,160
xmen_fn_00506520,0x00506520,0x00506590,112
xmen_fn_00506590,0x00506590,0x00506610,128
xmen_fn_00506610,0x00506610,0x005066D0,192
xmen_fn_005066D0,0x005066D0,0x005068F0,544
xmen_fn_005068F0,0x005068F0,0x00506FB0,1728
xmen_fn_00506FB0,0x00506FB0,0x005077C0,2064
xmen_fn_005077C0,0x005077C0,0x005079A0,480
xmen_fn_005079A0,0x005079A0,0x00507FC0,1568
xmen_fn_00507FC0,0x00507FC0,0x00508020,96
xmen_fn_00508020,0x00508020,0x00508040,32
xmen_fn_00508040,0x00508040,0x005080E0,160
xmen_fn_005080E0,0x005080E0,0x00508150,112
xmen_fn_00508150,0x00508150,0x00508550,1024
xmen_fn_00508550,0x00508550,0x005085B0,96
xmen_fn_005085B0,0x005085B0,0x005085C0,16
xmen_fn_005085C0,0x005085C0,0x005085F0,48
xmen_fn_005085F0,0x005085F0,0x00508630,64
xmen_fn_00508630,0x00508630,0x00508670,64
xmen_fn_00508670,0x00508670,0x00508680,16
xmen_fn_00508680,0x00508680,0x005088F0,624
xmen_fn_005088F0,0x005088F0,0x005089F0,256
xmen_fn_005089F0,0x005089F0,0x00508A90,160
xmen_fn_00508A90,0x00508A90,0x00508BC0,304
xmen_fn_00508BC0,0x00508BC0,0x00508BE0,32
xmen_fn_00508BE0,0x00508BE0,0x00508BF0,16
xmen_fn_00508BF0,0x00508BF0,0x00508E10,544
xmen_fn_00508E10,0x00508E10,0x00508E50,64
xmen_fn_00508E50,0x00508E50,0x00508EE0,144
xmen_fn_00508EE0,0x00508EE0,0x00508EF0,16
xmen_fn_00508EF0,0x00508EF0,0x00508F40,80
xmen_fn_00508F40,0x00508F40,0x005091C0,640
xmen_fn_005091C0,0x005091C0,0x00509200,64
xmen_fn_00509200,0x00509200,0x00509260,96
xmen_fn_00509260,0x00509260,0x00509350,240
xmen_fn_00509350,0x00509350,0x00509370,32
xmen_fn_00509370,0x00509370,0x00509970,1536
xmen_fn_00509970,0x00509970,0x00509CC0,848
xmen_fn_00509CC0,0x00509CC0,0x00509DC0,256
xmen_fn_00509DC0,0x00509DC0,0x00509F20,352
xmen_fn_00509F20,0x00509F20,0x00509F30,16
xmen_fn_00509F30,0x00509F30,0x00509F40,16
xmen_fn_00509F40,0x00509F40,0x00509F50,16
xmen_fn_00509F50,0x00509F50,0x00509F60,16
xmen_fn_00509F60,0x00509F60,0x00509F70,16
xmen_fn_00509F70,0x00509F70,0x00509F90,32
xmen_fn_00509F90,0x00509F90,0x0050A2F0,864
xmen_fn_0050A2F0,0x0050A2F0,0x0050A380,144
xmen_fn_0050A380,0x0050A380,0x0050A390,16
xmen_fn_0050A390,0x0050A390,0x0050A490,256
xmen_fn_0050A490,0x0050A490,0x0050B170,3296
xmen_fn_0050B170,0x0050B170,0x0050B190,32
xmen_fn_0050B190,0x0050B190,0x0050B210,128
xmen_fn_0050B210,0x0050B210,0x0050B220,16
xmen_fn_0050B220,0x0050B220,0x0050B2A0,128
xmen_fn_0050B2A0,0x0050B2A0,0x0050B3F0,336
xmen_fn_0050B3F0,0x0050B3F0,0x0050B7C0,976
xmen_fn_0050B7C0,0x0050B7C0,0x0050B8F0,304
xmen_fn_0050B8F0,0x0050B8F0,0x0050B950,96
xmen_fn_0050B950,0x0050B950,0x0050B9D0,128
xmen_fn_0050B9D0,0x0050B9D0,0x0050BA20,80
xmen_fn_0050BA20,0x0050BA20,0x0050BAD0,176
xmen_fn_0050BAD0,0x0050BAD0,0x0050BB30,96
xmen_fn_0050BB30,0x0050BB30,0x0050BB80,80
xmen_fn_0050BB80,0x0050BB80,0x0050BBD0,80
xmen_fn_0050BBD0,0x0050BBD0,0x0050BC80,176
xmen_fn_0050BC80,0x0050BC80,0x0050BCE0,96
xmen_fn_0050BCE0,0x0050BCE0,0x0050BD00,32
xmen_fn_0050BD00,0x0050BD00,0x0050BD30,48
xmen_fn_0050BD30,0x0050BD30,0x0050BD80,80
xmen_fn_0050BD80,0x0050BD80,0x0050BDC0,64
xmen_fn_0050BDC0,0x0050BDC0,0x0050BE20,96
xmen_fn_0050BE20,0x0050BE20,0x0050C050,560
xmen_fn_0050C050,0x0050C050,0x0050C060,16
xmen_fn_0050C060,0x0050C060,0x0050C160,256
xmen_fn_0050C160,0x0050C160,0x0050C610,1200
xmen_fn_0050C610,0x0050C610,0x0050C620,16
xmen_fn_0050C620,0x0050C620,0x0050C630,16
xmen_fn_0050C630,0x0050C630,0x0050C860,560
xmen_fn_0050C860,0x0050C860,0x0050C890,48
xmen_fn_0050C890,0x0050C890,0x0050C8B0,32
xmen_fn_0050C8B0,0x0050C8B0,0x0050CA00,336
xmen_fn_0050CA00,0x0050CA00,0x0050CA20,32
xmen_fn_0050CA20,0x0050CA20,0x0050CB80,352
xmen_fn_0050CB80,0x0050CB80,0x0050CB90,16
xmen_fn_0050CB90,0x0050CB90,0x0050CBA0,16
xmen_fn_0050CBA0,0x0050CBA0,0x0050CBC0,32
xmen_fn_0050CBC0,0x0050CBC0,0x0050D070,1200
xmen_fn_0050D070,0x0050D070,0x0050D170,256
xmen_fn_0050D170,0x0050D170,0x0050D190,32
xmen_fn_0050D190,0x0050D190,0x0050D230,160
xmen_fn_0050D230,0x0050D230,0x0050D240,16
xmen_fn_0050D240,0x0050D240,0x0050D340,256
xmen_fn_0050D340,0x0050D340,0x0050D7F0,1200
xmen_fn_0050D7F0,0x0050D7F0,0x0050D800,16
xmen_fn_0050D800,0x0050D800,0x0050D810,16
xmen_fn_0050D810,0x0050D810,0x0050DC70,1120
xmen_fn_0050DC70,0x0050DC70,0x0050DDE0,368
xmen_fn_0050DDE0,0x0050DDE0,0x0050DE10,48
xmen_fn_0050DE10,0x0050DE10,0x0050E760,2384
xmen_fn_0050E760,0x0050E760,0x0050E770,16
xmen_fn_0050E770,0x0050E770,0x0050E840,208
xmen_fn_0050E840,0x0050E840,0x0050E940,256
xmen_fn_0050E940,0x0050E940,0x0050EAA0,352
xmen_fn_0050EAA0,0x0050EAA0,0x0050EAB0,16
xmen_fn_0050EAB0,0x0050EAB0,0x0050EAC0,16
xmen_fn_0050EAC0,0x0050EAC0,0x0050EAE0,32
xmen_fn_0050EAE0,0x0050EAE0,0x0050EB80,160
xmen_fn_0050EB80,0x0050EB80,0x0050F4C0,2368
xmen_fn_0050F4C0,0x0050F4C0,0x0050F710,592
xmen_fn_0050F710,0x0050F710,0x0050FC30,1312
xmen_fn_0050FC30,0x0050FC30,0x0050FCB0,128
xmen_fn_0050FCB0,0x0050FCB0,0x0050FD00,80
xmen_fn_0050FD00,0x0050FD00,0x0050FDB0,176
xmen_fn_0050FDB0,0x0050FDB0,0x0050FDC0,16
xmen_fn_0050FDC0,0x0050FDC0,0x0050FDF0,48
xmen_fn_0050FDF0,0x0050FDF0,0x0050FF40,336
xmen_fn_0050FF40,0x0050FF40,0x005100A0,352
xmen_fn_005100A0,0x005100A0,0x005100B0,16
xmen_fn_005100B0,0x005100B0,0x005100C0,16
xmen_fn_005100C0,0x005100C0,0x005100D0,16
xmen_fn_005100D0,0x005100D0,0x005100E0,16
xmen_fn_005100E0,0x005100E0,0x005100F0,16
xmen_fn_005100F0,0x005100F0,0x00510340,592
xmen_fn_00510340,0x00510340,0x00510350,16
xmen_fn_00510350,0x00510350,0x00510450,256
xmen_fn_00510450,0x00510450,0x00510900,1200
xmen_fn_00510900,0x00510900,0x00510920,32
xmen_fn_00510920,0x00510920,0x00510960,64
xmen_fn_00510960,0x00510960,0x00510A90,304
xmen_fn_00510A90,0x00510A90,0x00510AA0,16
xmen_fn_00510AA0,0x00510AA0,0x00510AB0,16
xmen_fn_00510AB0,0x00510AB0,0x00510B50,160
xmen_fn_00510B50,0x00510B50,0x00510B80,48
xmen_fn_00510B80,0x00510B80,0x00510BA0,32
xmen_fn_00510BA0,0x00510BA0,0x00510BF0,80
xmen_fn_00510BF0,0x00510BF0,0x00511310,1824
xmen_fn_00511310,0x00511310,0x00511770,1120
xmen_fn_00511770,0x00511770,0x005117C0,80
xmen_fn_005117C0,0x005117C0,0x00511800,64
xmen_fn_00511800,0x00511800,0x00511860,96
xmen_fn_00511860,0x00511860,0x00511950,240
xmen_fn_00511950,0x00511950,0x00511A60,272
xmen_fn_00511A60,0x00511A60,0x00511A70,16
xmen_fn_00511A70,0x00511A70,0x00511A80,16
xmen_fn_00511A80,0x00511A80,0x00511B20,160
xmen_fn_00511B20,0x00511B20,0x00511B60,64
xmen_fn_00511B60,0x00511B60,0x00511BB0,80
xmen_fn_00511BB0,0x00511BB0,0x00511CE0,304
xmen_fn_00511CE0,0x00511CE0,0x005122C0,1504
xmen_fn_005122C0,0x005122C0,0x005123C0,256
xmen_fn_005123C0,0x005123C0,0x005123E0,32
xmen_fn_005123E0,0x005123E0,0x005125A0,448
xmen_fn_005125A0,0x005125A0,0x005125C0,32
xmen_fn_005125C0,0x005125C0,0x00512640,128
xmen_fn_00512640,0x00512640,0x00512650,16
xmen_fn_00512650,0x00512650,0x005126D0,128
xmen_fn_005126D0,0x005126D0,0x005127B0,224
xmen_fn_005127B0,0x005127B0,0x00512850,160
xmen_fn_00512850,0x00512850,0x00512BF0,928
xmen_fn_00512BF0,0x00512BF0,0x00512C10,32
xmen_fn_00512C10,0x00512C10,0x00512C20,16
xmen_fn_00512C20,0x00512C20,0x00512CA0,128
xmen_fn_00512CA0,0x00512CA0,0x00512D80,224
xmen_fn_00512D80,0x00512D80,0x00512E70,240
xmen_fn_00512E70,0x00512E70,0x00512F40,208
xmen_fn_00512F40,0x00512F40,0x00513C70,3376
xmen_fn_00513C70,0x00513C70,0x00513FD0,864
xmen_fn_00513FD0,0x00513FD0,0x00513FE0,16
xmen_fn_00513FE0,0x00513FE0,0x00514000,32
xmen_fn_00514000,0x00514000,0x00514030,48
xmen_fn_00514030,0x00514030,0x00514050,32
xmen_fn_00514050,0x00514050,0x005140A0,80
xmen_fn_005140A0,0x005140A0,0x00514580,1248
xmen_fn_00514580,0x00514580,0x00514590,16
xmen_fn_00514590,0x00514590,0x005145B0,32
xmen_fn_005145B0,0x005145B0,0x005145D0,32
xmen_fn_005145D0,0x005145D0,0x00514600,48
xmen_fn_00514600,0x00514600,0x005146C0,192
xmen_fn_005146C0,0x005146C0,0x00514770,176
xmen_fn_00514770,0x00514770,0x00514780,16
xmen_fn_00514780,0x00514780,0x00514820,160
xmen_fn_00514820,0x00514820,0x00514920,256
xmen_fn_00514920,0x00514920,0x00515BE0,4800
xmen_fn_00515BE0,0x00515BE0,0x00515CD0,240
xmen_fn_00515CD0,0x00515CD0,0x00515E60,400
xmen_fn_00515E60,0x00515E60,0x00516390,1328
xmen_fn_00516390,0x00516390,0x00516550,448
xmen_fn_00516550,0x00516550,0x005165A0,80
xmen_fn_005165A0,0x005165A0,0x00517630,4240
xmen_fn_00517630,0x00517630,0x00517850,544
xmen_fn_00517850,0x00517850,0x00518650,3584
xmen_fn_00518650,0x00518650,0x00518B30,1248
xmen_fn_00518B30,0x00518B30,0x00518CC0,400
xmen_fn_00518CC0,0x00518CC0,0x00518FB0,752
xmen_fn_00518FB0,0x00518FB0,0x005193C0,1040
xmen_fn_005193C0,0x005193C0,0x005195A0,480
xmen_fn_005195A0,0x005195A0,0x00519730,400
xmen_fn_00519730,0x00519730,0x00519770,64
xmen_fn_00519770,0x00519770,0x00519A70,768
xmen_fn_00519A70,0x00519A70,0x00519CD0,608
xmen_fn_00519CD0,0x00519CD0,0x0051A640,2416
xmen_fn_0051A640,0x0051A640,0x0051B350,3344
xmen_fn_0051B350,0x0051B350,0x0051B430,224
xmen_fn_0051B430,0x0051B430,0x0051C2A0,3696
xmen_fn_0051C2A0,0x0051C2A0,0x0051C460,448
xmen_fn_0051C460,0x0051C460,0x0051C740,736
xmen_fn_0051C740,0x0051C740,0x0051C860,288
xmen_fn_0051C860,0x0051C860,0x0051CCD0,1136
xmen_fn_0051CCD0,0x0051CCD0,0x0051E400,5936
xmen_fn_0051E400,0x0051E400,0x0051EC40,2112
xmen_fn_0051EC40,0x0051EC40,0x0051F4D0,2192
xmen_fn_0051F4D0,0x0051F4D0,0x0051FA20,1360
xmen_fn_0051FA20,0x0051FA20,0x00520780,3424
xmen_fn_00520780,0x00520780,0x00520A70,752
xmen_fn_00520A70,0x00520A70,0x00521130,1728
xmen_fn_00521130,0x00521130,0x005212E0,432
xmen_fn_005212E0,0x005212E0,0x00521470,400
xmen_fn_00521470,0x00521470,0x005215C0,336
xmen_fn_005215C0,0x005215C0,0x00521820,608
xmen_fn_00521820,0x00521820,0x00521E30,1552
xmen_fn_00521E30,0x00521E30,0x00521E90,96
xmen_fn_00521E90,0x00521E90,0x00521F10,128
xmen_fn_00521F10,0x00521F10,0x00521F90,128
xmen_fn_00521F90,0x00521F90,0x00521FF0,96
xmen_fn_00521FF0,0x00521FF0,0x00522080,144
xmen_fn_00522080,0x00522080,0x00522100,128
xmen_fn_00522100,0x00522100,0x00522110,16
xmen_fn_00522110,0x00522110,0x00522120,16
xmen_fn_00522120,0x00522120,0x00522180,96
xmen_fn_00522180,0x00522180,0x00522300,384
xmen_fn_00522300,0x00522300,0x00522370,112
xmen_fn_00522370,0x00522370,0x00522420,176
xmen_fn_00522420,0x00522420,0x00522440,32
xmen_fn_00522440,0x00522440,0x005225A0,352
xmen_fn_005225A0,0x005225A0,0x00522680,224
xmen_fn_00522680,0x00522680,0x00522F00,2176
xmen_fn_00522F00,0x00522F00,0x00524580,5760
xmen_fn_00524580,0x00524580,0x005246E0,352
xmen_fn_005246E0,0x005246E0,0x00524730,80
xmen_fn_00524730,0x00524730,0x00524790,96
xmen_fn_00524790,0x00524790,0x005247F0,96
xmen_fn_005247F0,0x005247F0,0x00524B80,912
xmen_fn_00524B80,0x00524B80,0x00524C10,144
xmen_fn_00524C10,0x00524C10,0x00524C80,112
xmen_fn_00524C80,0x00524C80,0x00524D30,176
xmen_fn_00524D30,0x00524D30,0x00524D40,16
xmen_fn_00524D40,0x00524D40,0x00524D60,32
xmen_fn_00524D60,0x00524D60,0x00524E70,272
xmen_fn_00524E70,0x00524E70,0x00524EC0,80
xmen_fn_00524EC0,0x00524EC0,0x00524F30,112
xmen_fn_00524F30,0x00524F30,0x00524FE0,176
xmen_fn_00524FE0,0x00524FE0,0x00524FF0,16
xmen_fn_00524FF0,0x00524FF0,0x005257D0,2016
xmen_fn_005257D0,0x005257D0,0x00525850,128
xmen_fn_00525850,0x00525850,0x00525920,208
xmen_fn_00525920,0x00525920,0x00525A80,352
xmen_fn_00525A80,0x00525A80,0x00525B60,224
xmen_fn_00525B60,0x00525B60,0x00525BB0,80
xmen_fn_00525BB0,0x00525BB0,0x00525D10,352
xmen_fn_00525D10,0x00525D10,0x00525DF0,224
xmen_fn_00525DF0,0x00525DF0,0x00525E10,32
xmen_fn_00525E10,0x00525E10,0x00525EC0,176
xmen_fn_00525EC0,0x00525EC0,0x00525FF0,304
xmen_fn_00525FF0,0x00525FF0,0x00526000,16
xmen_fn_00526000,0x00526000,0x00526060,96
xmen_fn_00526060,0x00526060,0x005260B0,80
xmen_fn_005260B0,0x005260B0,0x005261B0,256
xmen_fn_005261B0,0x005261B0,0x00526530,896
xmen_fn_00526530,0x00526530,0x00526660,304
xmen_fn_00526660,0x00526660,0x005266A0,64
xmen_fn_005266A0,0x005266A0,0x005266C0,32
xmen_fn_005266C0,0x005266C0,0x005267B0,240
xmen_fn_005267B0,0x005267B0,0x005268A0,240
xmen_fn_005268A0,0x005268A0,0x00526980,224
xmen_fn_00526980,0x00526980,0x00527F80,5632
xmen_fn_00527F80,0x00527F80,0x00527F90,16
xmen_fn_00527F90,0x00527F90,0x00528910,2432
xmen_fn_00528910,0x00528910,0x00528990,128
xmen_fn_00528990,0x00528990,0x00528A60,208
xmen_fn_00528A60,0x00528A60,0x00528AE0,128
xmen_fn_00528AE0,0x00528AE0,0x00528BB0,208
xmen_fn_00528BB0,0x00528BB0,0x00528C30,128
xmen_fn_00528C30,0x00528C30,0x00528D00,208
xmen_fn_00528D00,0x00528D00,0x00528DA0,160
xmen_fn_00528DA0,0x00528DA0,0x00528DB0,16
xmen_fn_00528DB0,0x00528DB0,0x00528EB0,256
xmen_fn_00528EB0,0x00528EB0,0x00529390,1248
xmen_fn_00529390,0x00529390,0x005293B0,32
xmen_fn_005293B0,0x005293B0,0x005293C0,16
xmen_fn_005293C0,0x005293C0,0x005293E0,32
xmen_fn_005293E0,0x005293E0,0x00529400,32
xmen_fn_00529400,0x00529400,0x00529480,128
xmen_fn_00529480,0x00529480,0x00529500,128
xmen_fn_00529500,0x00529500,0x005296E0,480
xmen_fn_005296E0,0x005296E0,0x00529750,112
xmen_fn_00529750,0x00529750,0x00529800,176
xmen_fn_00529800,0x00529800,0x005298B0,176
xmen_fn_005298B0,0x005298B0,0x00529910,96
xmen_fn_00529910,0x00529910,0x00529960,80
xmen_fn_00529960,0x00529960,0x00529A00,160
xmen_fn_00529A00,0x00529A00,0x00529A10,16
xmen_fn_00529A10,0x00529A10,0x00529A80,112
xmen_fn_00529A80,0x00529A80,0x00529B20,160
xmen_fn_00529B20,0x00529B20,0x00529E20,768
xmen_fn_00529E20,0x00529E20,0x00529EA0,128
xmen_fn_00529EA0,0x00529EA0,0x0052A0F0,592
xmen_fn_0052A0F0,0x0052A0F0,0x0052A210,288
xmen_fn_0052A210,0x0052A210,0x0052A390,384
xmen_fn_0052A390,0x0052A390,0x0052A3B0,32
xmen_fn_0052A3B0,0x0052A3B0,0x0052A3C0,16
xmen_fn_0052A3C0,0x0052A3C0,0x0052A3E0,32
xmen_fn_0052A3E0,0x0052A3E0,0x0052ABA0,1984
xmen_fn_0052ABA0,0x0052ABA0,0x0052ABE0,64
xmen_fn_0052ABE0,0x0052ABE0,0x0052ABF0,16
xmen_fn_0052ABF0,0x0052ABF0,0x0052AC90,160
xmen_fn_0052AC90,0x0052AC90,0x0052AD80,240
xmen_fn_0052AD80,0x0052AD80,0x0052ADE0,96
xmen_fn_0052ADE0,0x0052ADE0,0x0052AE60,128
xmen_fn_0052AE60,0x0052AE60,0x0052AF30,208
xmen_fn_0052AF30,0x0052AF30,0x0052AFB0,128
xmen_fn_0052AFB0,0x0052AFB0,0x0052B790,2016
xmen_fn_0052B790,0x0052B790,0x0052B830,160
xmen_fn_0052B830,0x0052B830,0x0052B880,80
xmen_fn_0052B880,0x0052B880,0x0052B8B0,48
xmen_fn_0052B8B0,0x0052B8B0,0x0052B960,176
xmen_fn_0052B960,0x0052B960,0x0052B9E0,128
xmen_fn_0052B9E0,0x0052B9E0,0x0052BC00,544
xmen_fn_0052BC00,0x0052BC00,0x0052BC60,96
xmen_fn_0052BC60,0x0052BC60,0x0052C110,1200
xmen_fn_0052C110,0x0052C110,0x0052C9A0,2192
xmen_fn_0052C9A0,0x0052C9A0,0x0052D040,1696
xmen_fn_0052D040,0x0052D040,0x0052D1F0,432
xmen_fn_0052D1F0,0x0052D1F0,0x0052D3C0,464
xmen_fn_0052D3C0,0x0052D3C0,0x0052D5B0,496
xmen_fn_0052D5B0,0x0052D5B0,0x0052D630,128
xmen_fn_0052D630,0x0052D630,0x0052D730,256
xmen_fn_0052D730,0x0052D730,0x0052D780,80
xmen_fn_0052D780,0x0052D780,0x0052D810,144
xmen_fn_0052D810,0x0052D810,0x0052D920,272
xmen_fn_0052D920,0x0052D920,0x0052D980,96
xmen_fn_0052D980,0x0052D980,0x0052D9D0,80
xmen_fn_0052D9D0,0x0052D9D0,0x0052DA80,176
xmen_fn_0052DA80,0x0052DA80,0x0052DA90,16
xmen_fn_0052DA90,0x0052DA90,0x0052DB90,256
xmen_fn_0052DB90,0x0052DB90,0x0052DD90,512
xmen_fn_0052DD90,0x0052DD90,0x0052E270,1248
xmen_fn_0052E270,0x0052E270,0x0052E2D0,96
xmen_fn_0052E2D0,0x0052E2D0,0x0052E2E0,16
xmen_fn_0052E2E0,0x0052E2E0,0x0052E340,96
xmen_fn_0052E340,0x0052E340,0x0052E360,32
xmen_fn_0052E360,0x0052E360,0x0052E3B0,80
xmen_fn_0052E3B0,0x0052E3B0,0x0052E3C0,16
xmen_fn_0052E3C0,0x0052E3C0,0x0052E440,128
xmen_fn_0052E440,0x0052E440,0x0052E520,224
xmen_fn_0052E520,0x0052E520,0x0052E5F0,208
xmen_fn_0052E5F0,0x0052E5F0,0x0052E670,128
xmen_fn_0052E670,0x0052E670,0x0052E920,688
xmen_fn_0052E920,0x0052E920,0x0052E9A0,128
xmen_fn_0052E9A0,0x0052E9A0,0x0052E9D0,48
xmen_fn_0052E9D0,0x0052E9D0,0x0052EAC0,240
xmen_fn_0052EAC0,0x0052EAC0,0x0052EAD0,16
xmen_fn_0052EAD0,0x0052EAD0,0x0052EF80,1200
xmen_fn_0052EF80,0x0052EF80,0x0052F080,256
xmen_fn_0052F080,0x0052F080,0x0052F090,16
xmen_fn_0052F090,0x0052F090,0x0052F0C0,48
xmen_fn_0052F0C0,0x0052F0C0,0x0052F1B0,240
xmen_fn_0052F1B0,0x0052F1B0,0x0052F280,208
xmen_fn_0052F280,0x0052F280,0x0052F380,256
xmen_fn_0052F380,0x0052F380,0x0052F440,192
xmen_fn_0052F440,0x0052F440,0x0052F540,256
xmen_fn_0052F540,0x0052F540,0x0052F600,192
xmen_fn_0052F600,0x0052F600,0x0052F8D0,720
xmen_fn_0052F8D0,0x0052F8D0,0x0052F9F0,288
xmen_fn_0052F9F0,0x0052F9F0,0x0052FA60,112
xmen_fn_0052FA60,0x0052FA60,0x0052FA70,16
xmen_fn_0052FA70,0x0052FA70,0x0052FA80,16
xmen_fn_0052FA80,0x0052FA80,0x0052FA90,16
xmen_fn_0052FA90,0x0052FA90,0x0052FAB0,32
xmen_fn_0052FAB0,0x0052FAB0,0x0052FB40,144
xmen_fn_0052FB40,0x0052FB40,0x0052FCC0,384
xmen_fn_0052FCC0,0x0052FCC0,0x0052FD50,144
xmen_fn_0052FD50,0x0052FD50,0x0052FEA0,336
xmen_fn_0052FEA0,0x0052FEA0,0x0052FEB0,16
xmen_fn_0052FEB0,0x0052FEB0,0x0052FF80,208
xmen_fn_0052FF80,0x0052FF80,0x0052FF90,16
xmen_fn_0052FF90,0x0052FF90,0x0052FFA0,16
xmen_fn_0052FFA0,0x0052FFA0,0x00530070,208
xmen_fn_00530070,0x00530070,0x005300A0,48
xmen_fn_005300A0,0x005300A0,0x00530180,224
xmen_fn_00530180,0x00530180,0x005302E0,352
xmen_fn_005302E0,0x005302E0,0x005305B0,720
xmen_fn_005305B0,0x005305B0,0x00530710,352
xmen_fn_00530710,0x00530710,0x005309E0,720
xmen_fn_005309E0,0x005309E0,0x00530C20,576
xmen_fn_00530C20,0x00530C20,0x00530C30,16
xmen_fn_00530C30,0x00530C30,0x00530C40,16
xmen_fn_00530C40,0x00530C40,0x00530CB0,112
xmen_fn_00530CB0,0x00530CB0,0x00530E60,432
xmen_fn_00530E60,0x00530E60,0x00530F10,176
xmen_fn_00530F10,0x00530F10,0x00531220,784
xmen_fn_00531220,0x00531220,0x00531510,752
xmen_fn_00531510,0x00531510,0x005315E0,208
xmen_fn_005315E0,0x005315E0,0x00531780,416
xmen_fn_00531780,0x00531780,0x005318A0,288
xmen_fn_005318A0,0x005318A0,0x005319E0,320
xmen_fn_005319E0,0x005319E0,0x00531D20,832
xmen_fn_00531D20,0x00531D20,0x00532C20,3840
xmen_fn_00532C20,0x00532C20,0x00532CC0,160
xmen_fn_00532CC0,0x00532CC0,0x00532CD0,16
xmen_fn_00532CD0,0x00532CD0,0x00532EA0,464
xmen_fn_00532EA0,0x00532EA0,0x00532FE0,320
xmen_fn_00532FE0,0x00532FE0,0x00533030,80
xmen_fn_00533030,0x00533030,0x00533160,304
xmen_fn_00533160,0x00533160,0x005332C0,352
xmen_fn_005332C0,0x005332C0,0x00533510,592
xmen_fn_00533510,0x00533510,0x005335E0,208
xmen_fn_005335E0,0x005335E0,0x00533750,368
xmen_fn_00533750,0x00533750,0x005338C0,368
xmen_fn_005338C0,0x005338C0,0x005338D0,16
xmen_fn_005338D0,0x005338D0,0x00533AD0,512
xmen_fn_00533AD0,0x00533AD0,0x00533AE0,16
xmen_fn_00533AE0,0x00533AE0,0x00533B20,64
xmen_fn_00533B20,0x00533B20,0x00533D30,528
xmen_fn_00533D30,0x00533D30,0x00533D40,16
xmen_fn_00533D40,0x00533D40,0x00533D50,16
xmen_fn_00533D50,0x00533D50,0x00533F30,480
xmen_fn_00533F30,0x00533F30,0x00533F40,16
xmen_fn_00533F40,0x00533F40,0x00533F50,16
xmen_fn_00533F50,0x00533F50,0x00534150,512
xmen_fn_00534150,0x00534150,0x005341A0,80
xmen_fn_005341A0,0x005341A0,0x005341B0,16
xmen_fn_005341B0,0x005341B0,0x00534270,192
xmen_fn_00534270,0x00534270,0x00534370,256
xmen_fn_00534370,0x00534370,0x00534420,176
xmen_fn_00534420,0x00534420,0x005345B0,400
xmen_fn_005345B0,0x005345B0,0x005345D0,32
xmen_fn_005345D0,0x005345D0,0x005349C0,1008
xmen_fn_005349C0,0x005349C0,0x00534A00,64
xmen_fn_00534A00,0x00534A00,0x00534A90,144
xmen_fn_00534A90,0x00534A90,0x00534ED0,1088
xmen_fn_00534ED0,0x00534ED0,0x005351C0,752
xmen_fn_005351C0,0x005351C0,0x00535780,1472
xmen_fn_00535780,0x00535780,0x00535800,128
xmen_fn_00535800,0x00535800,0x005358B0,176
xmen_fn_005358B0,0x005358B0,0x00535950,160
xmen_fn_00535950,0x00535950,0x00535B00,432
xmen_fn_00535B00,0x00535B00,0x005361A0,1696
xmen_fn_005361A0,0x005361A0,0x00536480,736
xmen_fn_00536480,0x00536480,0x005364D0,80
xmen_fn_005364D0,0x005364D0,0x00536620,336
xmen_fn_00536620,0x00536620,0x005368A0,640
xmen_fn_005368A0,0x005368A0,0x00536D40,1184
xmen_fn_00536D40,0x00536D40,0x00536EC0,384
xmen_fn_00536EC0,0x00536EC0,0x00536ED0,16
xmen_fn_00536ED0,0x00536ED0,0x00536FA0,208
xmen_fn_00536FA0,0x00536FA0,0x005370D0,304
xmen_fn_005370D0,0x005370D0,0x00537180,176
xmen_fn_00537180,0x00537180,0x005371E0,96
xmen_fn_005371E0,0x005371E0,0x00537200,32
xmen_fn_00537200,0x00537200,0x005372B0,176
xmen_fn_005372B0,0x005372B0,0x00537430,384
xmen_fn_00537430,0x00537430,0x005374E0,176
xmen_fn_005374E0,0x005374E0,0x00537550,112
xmen_fn_00537550,0x00537550,0x005377C0,624
xmen_fn_005377C0,0x005377C0,0x00537870,176
xmen_fn_00537870,0x00537870,0x005378B0,64
xmen_fn_005378B0,0x005378B0,0x00537B80,720
xmen_fn_00537B80,0x00537B80,0x00537C60,224
xmen_fn_00537C60,0x00537C60,0x00537CC0,96
xmen_fn_00537CC0,0x00537CC0,0x00537F10,592
xmen_fn_00537F10,0x00537F10,0x00538468,1368
xmen_fn_00538468,0x00538468,0x005384A0,56
xmen_fn_005384A0,0x005384A0,0x005384A8,8
xmen_fn_005384A8,0x005384A8,0x005384B8,16
xmen_fn_005384B8,0x005384B8,0x005384E0,40
xmen_fn_005384E0,0x005384E0,0x00538520,64
xmen_fn_00538520,0x00538520,0x00538530,16
xmen_fn_00538530,0x00538530,0x00538538,8
xmen_fn_00538538,0x00538538,0x00538540,8
xmen_fn_00538540,0x00538540,0x00538548,8
xmen_fn_00538548,0x00538548,0x00538558,16
xmen_fn_00538558,0x00538558,0x00539AD0,5496
xmen_fn_00539AD0,0x00539AD0,0x0053C238,10088
xmen_fn_0053C238,0x0053C238,0x0053E930,9976
xmen_fn_0053E930,0x0053E930,0x0053EA58,296
xmen_fn_0053EA58,0x0053EA58,0x0053EBA8,336
xmen_fn_0053EBA8,0x0053EBA8,0x0053F240,1688
xmen_fn_0053F240,0x0053F240,0x0053F2F0,176
xmen_fn_0053F2F0,0x0053F2F0,0x0053F400,272
xmen_fn_0053F400,0x0053F400,0x0053F4D8,216
xmen_fn_0053F4D8,0x0053F4D8,0x0053F520,72
xmen_fn_0053F520,0x0053F520,0x0053F6F8,472
xmen_fn_0053F6F8,0x0053F6F8,0x0053F720,40
xmen_fn_0053F720,0x0053F720,0x0053F748,40
xmen_fn_0053F748,0x0053F748,0x0053F770,40
xmen_fn_0053F770,0x0053F770,0x0053F798,40
xmen_fn_0053F798,0x0053F798,0x0053F7C0,40
xmen_fn_0053F7C0,0x0053F7C0,0x0053F7E8,40
xmen_fn_0053F7E8,0x0053F7E8,0x0053F810,40
xmen_fn_0053F810,0x0053F810,0x0053F838,40
xmen_fn_0053F838,0x0053F838,0x0053F9B0,376
xmen_fn_0053F9B0,0x0053F9B0,0x0053FD10,864
xmen_fn_0053FD10,0x0053FD10,0x0053FD40,48
xmen_fn_0053FD40,0x0053FD40,0x0053FF48,520
xmen_fn_0053FF48,0x0053FF48,0x00540108,448
xmen_fn_00540108,0x00540108,0x00540110,8
xmen_fn_00540110,0x00540110,0x005401D8,200
xmen_fn_005401D8,0x005401D8,0x00540378,416
xmen_fn_00540378,0x00540378,0x005403C8,80
xmen_fn_005403C8,0x005403C8,0x00540438,112
xmen_fn_00540438,0x00540438,0x00540440,8
xmen_fn_00540440,0x00540440,0x00540B80,1856
xmen_fn_00540B80,0x00540B80,0x00540C78,248
xmen_fn_00540C78,0x00540C78,0x00540E68,496
xmen_fn_00540E68,0x00540E68,0x00540FE0,376
xmen_fn_00540FE0,0x00540FE0,0x00541020,64
xmen_fn_00541020,0x00541020,0x00543FF8,12248
xmen_fn_00543FF8,0x00543FF8,0x00544528,1328
xmen_fn_00544528,0x00544528,0x00544B80,1624
xmen_fn_00544B80,0x00544B80,0x00544E08,648
xmen_fn_00544E08,0x00544E08,0x00544EA8,160
xmen_fn_00544EA8,0x00544EA8,0x00544F58,176
xmen_fn_00544F58,0x00544F58,0x00545170,536
xmen_fn_00545170,0x00545170,0x005451C8,88
xmen_fn_005451C8,0x005451C8,0x005451F0,40
xmen_fn_005451F0,0x005451F0,0x00545480,656
xmen_fn_00545480,0x00545480,0x00545660,480
xmen_fn_00545660,0x00545660,0x00545728,200
xmen_fn_00545728,0x00545728,0x00545730,8
xmen_fn_00545730,0x00545730,0x00545790,96
xmen_fn_00545790,0x00545790,0x005458D8,328
xmen_fn_005458D8,0x005458D8,0x005459C8,240
xmen_fn_005459C8,0x005459C8,0x00545E28,1120
xmen_fn_00545E28,0x00545E28,0x00546468,1600
xmen_fn_00546468,0x00546468,0x005470B8,3152
xmen_fn_005470B8,0x005470B8,0x005470D0,24
xmen_fn_005470D0,0x005470D0,0x00547150,128
xmen_fn_00547150,0x00547150,0x00547160,16
xmen_fn_00547160,0x00547160,0x005471D0,112
xmen_fn_005471D0,0x005471D0,0x00547280,176
xmen_fn_00547280,0x00547280,0x00547318,152
xmen_fn_00547318,0x00547318,0x005473B0,152
xmen_fn_005473B0,0x005473B0,0x005473C0,16
xmen_fn_005473C0,0x005473C0,0x00547450,144
xmen_fn_00547450,0x00547450,0x005474E8,152
xmen_fn_005474E8,0x005474E8,0x00547560,120
xmen_fn_00547560,0x00547560,0x00547578,24
xmen_fn_00547578,0x00547578,0x00547588,16
xmen_fn_00547588,0x00547588,0x005475D8,80
xmen_fn_005475D8,0x005475D8,0x00547610,56
xmen_fn_00547610,0x00547610,0x005476A8,152
xmen_fn_005476A8,0x005476A8,0x00547758,176
xmen_fn_00547758,0x00547758,0x00547780,40
xmen_fn_00547780,0x00547780,0x005477B8,56
xmen_fn_005477B8,0x005477B8,0x00547890,216
xmen_fn_00547890,0x00547890,0x005478A8,24
xmen_fn_005478A8,0x005478A8,0x005478D0,40
xmen_fn_005478D0,0x005478D0,0x005478F8,40
xmen_fn_005478F8,0x005478F8,0x00547948,80
xmen_fn_00547948,0x00547948,0x005479E0,152
xmen_fn_005479E0,0x005479E0,0x00547AE0,256
xmen_fn_00547AE0,0x00547AE0,0x00547CF8,536
xmen_fn_00547CF8,0x00547CF8,0x005481A0,1192
xmen_fn_005481A0,0x005481A0,0x005486E0,1344
xmen_fn_005486E0,0x005486E0,0x00548700,32
xmen_fn_00548700,0x00548700,0x00548718,24
xmen_fn_00548718,0x00548718,0x00548808,240
xmen_fn_00548808,0x00548808,0x00548858,80
xmen_fn_00548858,0x00548858,0x005489F8,416
xmen_fn_005489F8,0x005489F8,0x00548A00,8
xmen_fn_00548A00,0x00548A00,0x00548AB8,184
xmen_fn_00548AB8,0x00548AB8,0x00548BC0,264
xmen_fn_00548BC0,0x00548BC0,0x00548C20,96
xmen_fn_00548C20,0x00548C20,0x00548CE8,200
xmen_fn_00548CE8,0x00548CE8,0x00548D60,120
xmen_fn_00548D60,0x00548D60,0x00548D68,8
xmen_fn_00548D68,0x00548D68,0x00548D90,40
xmen_fn_00548D90,0x00548D90,0x00548DA8,24
xmen_fn_00548DA8,0x00548DA8,0x00548DD0,40
xmen_fn_00548DD0,0x00548DD0,0x00548FC0,496
xmen_fn_00548FC0,0x00548FC0,0x00549030,112
xmen_fn_00549030,0x00549030,0x005490D0,160
xmen_fn_005490D0,0x005490D0,0x00549178,168
xmen_fn_00549178,0x00549178,0x00549860,1768
xmen_fn_00549860,0x00549860,0x00549B20,704
xmen_fn_00549B20,0x00549B20,0x0054A110,1520
xmen_fn_0054A110,0x0054A110,0x0054A200,240
xmen_fn_0054A200,0x0054A200,0x0054A320,288
xmen_fn_0054A320,0x0054A320,0x0054A4E8,456
xmen_fn_0054A4E8,0x0054A4E8,0x0054A698,432
xmen_fn_0054A698,0x0054A698,0x0054A7F0,344
xmen_fn_0054A7F0,0x0054A7F0,0x0054A8C0,208
xmen_fn_0054A8C0,0x0054A8C0,0x0054A928,104
xmen_fn_0054A928,0x0054A928,0x0054AA00,216
xmen_fn_0054AA00,0x0054AA00,0x0054AA78,120
xmen_fn_0054AA78,0x0054AA78,0x0054AAA0,40
xmen_fn_0054AAA0,0x0054AAA0,0x0054AAC0,32
xmen_fn_0054AAC0,0x0054AAC0,0x0054AB10,80
xmen_fn_0054AB10,0x0054AB10,0x0054AB98,136
xmen_fn_0054AB98,0x0054AB98,0x0054ABE0,72
xmen_fn_0054ABE0,0x0054ABE0,0x0054AC18,56
xmen_fn_0054AC18,0x0054AC18,0x0054AC20,8
xmen_fn_0054AC20,0x0054AC20,0x0054ACD0,176
xmen_fn_0054ACD0,0x0054ACD0,0x0054AD40,112
xmen_fn_0054AD40,0x0054AD40,0x0054AD68,40
xmen_fn_0054AD68,0x0054AD68,0x0054ADC0,88
xmen_fn_0054ADC0,0x0054ADC0,0x0054AE10,80
xmen_fn_0054AE10,0x0054AE10,0x0054AED8,200
xmen_fn_0054AED8,0x0054AED8,0x0054AF58,128
xmen_fn_0054AF58,0x0054AF58,0x0054AF60,8
xmen_fn_0054AF60,0x0054AF60,0x0054AF70,16
xmen_fn_0054AF70,0x0054AF70,0x0054B028,184
xmen_fn_0054B028,0x0054B028,0x0054B078,80
xmen_fn_0054B078,0x0054B078,0x0054B0A0,40
xmen_fn_0054B0A0,0x0054B0A0,0x0054B0D0,48
xmen_fn_0054B0D0,0x0054B0D0,0x0054B0E8,24
xmen_fn_0054B0E8,0x0054B0E8,0x0054B100,24
xmen_fn_0054B100,0x0054B100,0x0054B118,24
xmen_fn_0054B118,0x0054B118,0x0054B1D8,192
xmen_fn_0054B1D8,0x0054B1D8,0x0054B360,392
xmen_fn_0054B360,0x0054B360,0x0054B3D0,112
xmen_fn_0054B3D0,0x0054B3D0,0x0054B480,176
xmen_fn_0054B480,0x0054B480,0x0054B498,24
xmen_fn_0054B498,0x0054B498,0x0054B730,664
xmen_fn_0054B730,0x0054B730,0x0054B818,232
xmen_fn_0054B818,0x0054B818,0x0054B868,80
xmen_fn_0054B868,0x0054B868,0x0054B968,256
xmen_fn_0054B968,0x0054B968,0x0054B9B8,80
xmen_fn_0054B9B8,0x0054B9B8,0x0054B9D8,32
xmen_fn_0054B9D8,0x0054B9D8,0x0054B9E0,8
xmen_fn_0054B9E0,0x0054B9E0,0x0054BA98,184
xmen_fn_0054BA98,0x0054BA98,0x0054BAF0,88
xmen_fn_0054BAF0,0x0054BAF0,0x0054BBA0,176
xmen_fn_0054BBA0,0x0054BBA0,0x0054BC70,208
xmen_fn_0054BC70,0x0054BC70,0x0054BD80,272
xmen_fn_0054BD80,0x0054BD80,0x0054BEE8,360
xmen_fn_0054BEE8,0x0054BEE8,0x0054C568,1664
xmen_fn_0054C568,0x0054C568,0x0054C598,48
xmen_fn_0054C598,0x0054C598,0x0054C6F8,352
xmen_fn_0054C6F8,0x0054C6F8,0x0054C740,72
xmen_fn_0054C740,0x0054C740,0x0054C8A0,352
xmen_fn_0054C8A0,0x0054C8A0,0x0054C930,144
xmen_fn_0054C930,0x0054C930,0x0054C958,40
xmen_fn_0054C958,0x0054C958,0x0054CCD0,888
xmen_fn_0054CCD0,0x0054CCD0,0x0054CD20,80
xmen_fn_0054CD20,0x0054CD20,0x0054CD78,88
xmen_fn_0054CD78,0x0054CD78,0x0054CDE0,104
xmen_fn_0054CDE0,0x0054CDE0,0x0054CEA8,200
xmen_fn_0054CEA8,0x0054CEA8,0x0054CFB0,264
xmen_fn_0054CFB0,0x0054CFB0,0x0054D158,424
xmen_fn_0054D158,0x0054D158,0x0054D1A8,80
xmen_fn_0054D1A8,0x0054D1A8,0x0054D240,152
xmen_fn_0054D240,0x0054D240,0x0054D288,72
xmen_fn_0054D288,0x0054D288,0x0054D328,160
xmen_fn_0054D328,0x0054D328,0x0054D360,56
xmen_fn_0054D360,0x0054D360,0x0054D398,56
xmen_fn_0054D398,0x0054D398,0x0054D3E8,80
xmen_fn_0054D3E8,0x0054D3E8,0x0054D3F0,8
xmen_fn_0054D3F0,0x0054D3F0,0x0054D428,56
xmen_fn_0054D428,0x0054D428,0x0054D488,96
xmen_fn_0054D488,0x0054D488,0x0054D4A8,32
xmen_fn_0054D4A8,0x0054D4A8,0x0054D560,184
xmen_fn_0054D560,0x0054D560,0x0054D6C0,352
xmen_fn_0054D6C0,0x0054D6C0,0x0054D710,80
xmen_fn_0054D710,0x0054D710,0x0054D790,128
xmen_fn_0054D790,0x0054D790,0x0054D910,384
xmen_fn_0054D910,0x0054D910,0x0054D9A8,152
xmen_fn_0054D9A8,0x0054D9A8,0x0054D9D8,48
xmen_fn_0054D9D8,0x0054D9D8,0x0054DA18,64
xmen_fn_0054DA18,0x0054DA18,0x0054DA80,104
xmen_fn_0054DA80,0x0054DA80,0x0054DB28,168
xmen_fn_0054DB28,0x0054DB28,0x0054DB70,72
xmen_fn_0054DB70,0x0054DB70,0x0054DC10,160
xmen_fn_0054DC10,0x0054DC10,0x0054DCE8,216
xmen_fn_0054DCE8,0x0054DCE8,0x0054DD10,40
xmen_fn_0054DD10,0x0054DD10,0x0054DE28,280
xmen_fn_0054DE28,0x0054DE28,0x0054DE38,16
xmen_fn_0054DE38,0x0054DE38,0x0054DF38,256
xmen_fn_0054DF38,0x0054DF38,0x0054DF78,64
xmen_fn_0054DF78,0x0054DF78,0x0054DFE0,104
xmen_fn_0054DFE0,0x0054DFE0,0x0054E010,48
xmen_fn_0054E010,0x0054E010,0x0054E0B8,168
xmen_fn_0054E0B8,0x0054E0B8,0x0054E1E0,296
xmen_fn_0054E1E0,0x0054E1E0,0x0054E2D8,248
xmen_fn_0054E2D8,0x0054E2D8,0x0054E308,48
xmen_fn_0054E308,0x0054E308,0x0054E4C8,448
xmen_fn_0054E4C8,0x0054E4C8,0x0054E538,112
xmen_fn_0054E538,0x0054E538,0x0054E560,40
xmen_fn_0054E560,0x0054E560,0x0054E6D8,376
xmen_fn_0054E6D8,0x0054E6D8,0x0054E720,72
xmen_fn_0054E720,0x0054E720,0x0054E7F0,208
xmen_fn_0054E7F0,0x0054E7F0,0x0054E838,72
xmen_fn_0054E838,0x0054E838,0x0054E858,32
xmen_fn_0054E858,0x0054E858,0x0054E8C0,104
xmen_fn_0054E8C0,0x0054E8C0,0x0054E9B0,240
xmen_fn_0054E9B0,0x0054E9B0,0x0054EA00,80
xmen_fn_0054EA00,0x0054EA00,0x0054EAA8,168
xmen_fn_0054EAA8,0x0054EAA8,0x0054ED08,608
xmen_fn_0054ED08,0x0054ED08,0x0054ED48,64
xmen_fn_0054ED48,0x0054ED48,0x0054EE18,208
xmen_fn_0054EE18,0x0054EE18,0x0054EE78,96
xmen_fn_0054EE78,0x0054EE78,0x0054EF68,240
xmen_fn_0054EF68,0x0054EF68,0x0054F130,456
xmen_fn_0054F130,0x0054F130,0x0054F1B0,128
xmen_fn_0054F1B0,0x0054F1B0,0x0054F2B0,256
xmen_fn_0054F2B0,0x0054F2B0,0x0054F470,448
xmen_fn_0054F470,0x0054F470,0x0054F520,176
xmen_fn_0054F520,0x0054F520,0x0054F598,120
xmen_fn_0054F598,0x0054F598,0x0054F5D8,64
xmen_fn_0054F5D8,0x0054F5D8,0x0054F808,560
xmen_fn_0054F808,0x0054F808,0x0054F828,32
xmen_fn_0054F828,0x0054F828,0x0054F868,64
xmen_fn_0054F868,0x0054F868,0x0054F8A0,56
xmen_fn_0054F8A0,0x0054F8A0,0x0054F908,104
xmen_fn_0054F908,0x0054F908,0x0054F948,64
xmen_fn_0054F948,0x0054F948,0x0054F978,48
xmen_fn_0054F978,0x0054F978,0x0054FA00,136
xmen_fn_0054FA00,0x0054FA00,0x0054FA80,128
xmen_fn_0054FA80,0x0054FA80,0x0054FAA8,40
xmen_fn_0054FAA8,0x0054FAA8,0x0054FAC0,24
xmen_fn_0054FAC0,0x0054FAC0,0x0054FAD8,24
xmen_fn_0054FAD8,0x0054FAD8,0x0054FAE8,16
xmen_fn_0054FAE8,0x0054FAE8,0x0054FB50,104
xmen_fn_0054FB50,0x0054FB50,0x0054FBE0,144
xmen_fn_0054FBE0,0x0054FBE0,0x0054FC48,104
xmen_fn_0054FC48,0x0054FC48,0x0054FD08,192
xmen_fn_0054FD08,0x0054FD08,0x0054FEB8,432
xmen_fn_0054FEB8,0x0054FEB8,0x0054FED0,24
xmen_fn_0054FED0,0x0054FED0,0x0054FEE8,24
xmen_fn_0054FEE8,0x0054FEE8,0x0054FFF0,264
xmen_fn_0054FFF0,0x0054FFF0,0x00550360,880
xmen_fn_00550360,0x00550360,0x00550740,992
xmen_fn_00550740,0x00550740,0x00550808,200
xmen_fn_00550808,0x00550808,0x00550B30,808
xmen_fn_00550B30,0x00550B30,0x00550B98,104
xmen_fn_00550B98,0x00550B98,0x00550BD8,64
xmen_fn_00550BD8,0x00550BD8,0x00550BF0,24
xmen_fn_00550BF0,0x00550BF0,0x00550BF8,8
xmen_fn_00550BF8,0x00550BF8,0x00550C10,24
xmen_fn_00550C10,0x00550C10,0x00550C28,24
xmen_fn_00550C28,0x00550C28,0x00550C50,40
xmen_fn_00550C50,0x00550C50,0x00550CC8,120
xmen_fn_00550CC8,0x00550CC8,0x00550D28,96
xmen_fn_00550D28,0x00550D28,0x00550DE0,184
xmen_fn_00550DE0,0x00550DE0,0x00550DF0,16
xmen_fn_00550DF0,0x00550DF0,0x00550E00,16
xmen_fn_00550E00,0x00550E00,0x00550EC0,192
xmen_fn_00550EC0,0x00550EC0,0x00550F30,112
xmen_fn_00550F30,0x00550F30,0x00550FA0,112
xmen_fn_00550FA0,0x00550FA0,0x00551580,1504
xmen_fn_00551580,0x00551580,0x00551610,144
xmen_fn_00551610,0x00551610,0x00551948,824
xmen_fn_00551948,0x00551948,0x00551958,16
xmen_fn_00551958,0x00551958,0x00551980,40
xmen_fn_00551980,0x00551980,0x005519E0,96
xmen_fn_005519E0,0x005519E0,0x00551A10,48
xmen_fn_00551A10,0x00551A10,0x00551A70,96
xmen_fn_00551A70,0x00551A70,0x00551A90,32
xmen_fn_00551A90,0x00551A90,0x00551B18,136
xmen_fn_00551B18,0x00551B18,0x00551B60,72
xmen_fn_00551B60,0x00551B60,0x00551DB8,600
xmen_fn_00551DB8,0x00551DB8,0x005521C8,1040
xmen_fn_005521C8,0x005521C8,0x005521E0,24
xmen_fn_005521E0,0x005521E0,0x005521F8,24
xmen_fn_005521F8,0x005521F8,0x005526A8,1200
xmen_fn_005526A8,0x005526A8,0x005527F8,336
xmen_fn_005527F8,0x005527F8,0x00552850,88
xmen_fn_00552850,0x00552850,0x00552998,328
xmen_fn_00552998,0x00552998,0x005529B0,24
xmen_fn_005529B0,0x005529B0,0x00552BB8,520
xmen_fn_00552BB8,0x00552BB8,0x00552C18,96
xmen_fn_00552C18,0x00552C18,0x00552CA0,136
xmen_fn_00552CA0,0x00552CA0,0x00552DA0,256
xmen_fn_00552DA0,0x00552DA0,0x00552E18,120
xmen_fn_00552E18,0x00552E18,0x00552E48,48
xmen_fn_00552E48,0x00552E48,0x00552E80,56
xmen_fn_00552E80,0x00552E80,0x00552F28,168
xmen_fn_00552F28,0x00552F28,0x00552FF0,200
xmen_fn_00552FF0,0x00552FF0,0x00553058,104
xmen_fn_00553058,0x00553058,0x005530B0,88
xmen_fn_005530B0,0x005530B0,0x005530F8,72
xmen_fn_005530F8,0x005530F8,0x00553150,88
xmen_fn_00553150,0x00553150,0x005531A8,88
xmen_fn_005531A8,0x005531A8,0x00553280,216
xmen_fn_00553280,0x00553280,0x005534C8,584
xmen_fn_005534C8,0x005534C8,0x00553578,176
xmen_fn_00553578,0x00553578,0x00553618,160
xmen_fn_00553618,0x00553618,0x00553628,16
xmen_fn_00553628,0x00553628,0x00553638,16
xmen_fn_00553638,0x00553638,0x00553648,16
xmen_fn_00553648,0x00553648,0x00553688,64
xmen_fn_00553688,0x00553688,0x00553760,216
xmen_fn_00553760,0x00553760,0x005537A0,64
xmen_fn_005537A0,0x005537A0,0x005537F0,80
xmen_fn_005537F0,0x005537F0,0x00553810,32
xmen_fn_00553810,0x00553810,0x00553840,48
xmen_fn_00553840,0x00553840,0x00553898,88
xmen_fn_00553898,0x00553898,0x005538B8,32
xmen_fn_005538B8,0x005538B8,0x00553908,80
xmen_fn_00553908,0x00553908,0x00553928,32
xmen_fn_00553928,0x00553928,0x00553940,24
xmen_fn_00553940,0x00553940,0x00553958,24
xmen_fn_00553958,0x00553958,0x005539F0,152
xmen_fn_005539F0,0x005539F0,0x00553A20,48
xmen_fn_00553A20,0x00553A20,0x00553AF0,208
xmen_fn_00553AF0,0x00553AF0,0x00553B90,160
xmen_fn_00553B90,0x00553B90,0x00553D38,424
xmen_fn_00553D38,0x00553D38,0x00553DF8,192
xmen_fn_00553DF8,0x00553DF8,0x00553E80,136
xmen_fn_00553E80,0x00553E80,0x00553EF8,120
xmen_fn_00553EF8,0x00553EF8,0x00554090,408
xmen_fn_00554090,0x00554090,0x005540B0,32
xmen_fn_005540B0,0x005540B0,0x005540E8,56
xmen_fn_005540E8,0x005540E8,0x005541E0,248
xmen_fn_005541E0,0x005541E0,0x00554210,48
xmen_fn_00554210,0x00554210,0x00554240,48
xmen_fn_00554240,0x00554240,0x005542E0,160
xmen_fn_005542E0,0x005542E0,0x00554478,408
xmen_fn_00554478,0x00554478,0x005544A0,40
xmen_fn_005544A0,0x005544A0,0x005544C0,32
xmen_fn_005544C0,0x005544C0,0x005544C8,8
xmen_fn_005544C8,0x005544C8,0x005544D0,8
xmen_fn_005544D0,0x005544D0,0x00554530,96
xmen_fn_00554530,0x00554530,0x00554570,64
xmen_fn_00554570,0x00554570,0x005545B8,72
xmen_fn_005545B8,0x005545B8,0x00554610,88
xmen_fn_00554610,0x00554610,0x00554620,16
xmen_fn_00554620,0x00554620,0x00554718,248
xmen_fn_00554718,0x00554718,0x00554748,48
xmen_fn_00554748,0x00554748,0x00554788,64
xmen_fn_00554788,0x00554788,0x005547C8,64
xmen_fn_005547C8,0x005547C8,0x005547E0,24
xmen_fn_005547E0,0x005547E0,0x00554850,112
xmen_fn_00554850,0x00554850,0x005548C8,120
xmen_fn_005548C8,0x005548C8,0x00554930,104
xmen_fn_00554930,0x00554930,0x00554948,24
xmen_fn_00554948,0x00554948,0x00554B08,448
xmen_fn_00554B08,0x00554B08,0x00554BC8,192
xmen_fn_00554BC8,0x00554BC8,0x00554D00,312
xmen_fn_00554D00,0x00554D00,0x00554D78,120
xmen_fn_00554D78,0x00554D78,0x00554DA8,48
xmen_fn_00554DA8,0x00554DA8,0x00555148,928
xmen_fn_00555148,0x00555148,0x005551D0,136
xmen_fn_005551D0,0x005551D0,0x005552A8,216
xmen_fn_005552A8,0x005552A8,0x005554D0,552
xmen_fn_005554D0,0x005554D0,0x00555520,80
xmen_fn_00555520,0x00555520,0x005555C8,168
xmen_fn_005555C8,0x005555C8,0x005555F0,40
xmen_fn_005555F0,0x005555F0,0x00555780,400
xmen_fn_00555780,0x00555780,0x005557C8,72
xmen_fn_005557C8,0x005557C8,0x005557E8,32
xmen_fn_005557E8,0x005557E8,0x00555800,24
xmen_fn_00555800,0x00555800,0x00555818,24
xmen_fn_00555818,0x00555818,0x00555838,32
xmen_fn_00555838,0x00555838,0x005558F0,184
xmen_fn_005558F0,0x005558F0,0x00555918,40
xmen_fn_00555918,0x00555918,0x00555AD8,448
xmen_fn_00555AD8,0x00555AD8,0x00555C90,440
xmen_fn_00555C90,0x00555C90,0x00555D00,112
xmen_fn_00555D00,0x00555D00,0x00555D10,16
xmen_fn_00555D10,0x00555D10,0x00555E10,256
xmen_fn_00555E10,0x00555E10,0x00555F90,384
xmen_fn_00555F90,0x00555F90,0x00555FB0,32
xmen_fn_00555FB0,0x00555FB0,0x00555FE8,56
xmen_fn_00555FE8,0x00555FE8,0x00556100,280
xmen_fn_00556100,0x00556100,0x00556150,80
xmen_fn_00556150,0x00556150,0x005561D8,136
xmen_fn_005561D8,0x005561D8,0x00556338,352
xmen_fn_00556338,0x00556338,0x00556560,552
xmen_fn_00556560,0x00556560,0x00556638,216
xmen_fn_00556638,0x00556638,0x005566A8,112
xmen_fn_005566A8,0x005566A8,0x00556758,176
xmen_fn_00556758,0x00556758,0x00556920,456
xmen_fn_00556920,0x00556920,0x00556928,8
xmen_fn_00556928,0x00556928,0x00556930,8
xmen_fn_00556930,0x00556930,0x00556A90,352
xmen_fn_00556A90,0x00556A90,0x00556AD0,64
xmen_fn_00556AD0,0x00556AD0,0x00556B98,200
xmen_fn_00556B98,0x00556B98,0x00556BF0,88
xmen_fn_00556BF0,0x00556BF0,0x00556C30,64
xmen_fn_00556C30,0x00556C30,0x00556C98,104
xmen_fn_00556C98,0x00556C98,0x00556D50,184
xmen_fn_00556D50,0x00556D50,0x00556E78,296
xmen_fn_00556E78,0x00556E78,0x00556EC8,80
xmen_fn_00556EC8,0x00556EC8,0x00556FC0,248
xmen_fn_00556FC0,0x00556FC0,0x00557078,184
xmen_fn_00557078,0x00557078,0x00557118,160
xmen_fn_00557118,0x00557118,0x00557128,16
xmen_fn_00557128,0x00557128,0x00557170,72
xmen_fn_00557170,0x00557170,0x005571E0,112
xmen_fn_005571E0,0x005571E0,0x005571F8,24
xmen_fn_005571F8,0x005571F8,0x005572D8,224
xmen_fn_005572D8,0x005572D8,0x005572F0,24
xmen_fn_005572F0,0x005572F0,0x00557460,368
xmen_fn_00557460,0x00557460,0x005574F0,144
xmen_fn_005574F0,0x005574F0,0x005575E8,248
xmen_fn_005575E8,0x005575E8,0x00557640,88
xmen_fn_00557640,0x00557640,0x005576B0,112
xmen_fn_005576B0,0x005576B0,0x00557718,104
xmen_fn_00557718,0x00557718,0x00557738,32
xmen_fn_00557738,0x00557738,0x00557758,32
xmen_fn_00557758,0x00557758,0x005577F8,160
xmen_fn_005577F8,0x005577F8,0x00557DE8,1520
xmen_fn_00557DE8,0x00557DE8,0x00557EB0,200
xmen_fn_00557EB0,0x00557EB0,0x00557ED0,32
xmen_fn_00557ED0,0x00557ED0,0x00557EF0,32
xmen_fn_00557EF0,0x00557EF0,0x00557F10,32
xmen_fn_00557F10,0x00557F10,0x00557F30,32
xmen_fn_00557F30,0x00557F30,0x00557F80,80
xmen_fn_00557F80,0x00557F80,0x00557FE0,96
xmen_fn_00557FE0,0x00557FE0,0x00558000,32
xmen_fn_00558000,0x00558000,0x00558048,72
xmen_fn_00558048,0x00558048,0x00558090,72
xmen_fn_00558090,0x00558090,0x005581C0,304
xmen_fn_005581C0,0x005581C0,0x005583D0,528
xmen_fn_005583D0,0x005583D0,0x00558470,160
xmen_fn_00558470,0x00558470,0x00558508,152
xmen_fn_00558508,0x00558508,0x00558568,96
xmen_fn_00558568,0x00558568,0x00558620,184
xmen_fn_00558620,0x00558620,0x00558708,232
xmen_fn_00558708,0x00558708,0x005587A0,152
xmen_fn_005587A0,0x005587A0,0x00558858,184
xmen_fn_00558858,0x00558858,0x005588A8,80
xmen_fn_005588A8,0x005588A8,0x005589B0,264
xmen_fn_005589B0,0x005589B0,0x00558A18,104
xmen_fn_00558A18,0x00558A18,0x00558A98,128
xmen_fn_00558A98,0x00558A98,0x00558B30,152
xmen_fn_00558B30,0x00558B30,0x00558D38,520
xmen_fn_00558D38,0x00558D38,0x00558E00,200
xmen_fn_00558E00,0x00558E00,0x00558ED0,208
xmen_fn_00558ED0,0x00558ED0,0x00558F50,128
xmen_fn_00558F50,0x00558F50,0x005590F0,416
xmen_fn_005590F0,0x005590F0,0x00559108,24
xmen_fn_00559108,0x00559108,0x00559118,16
xmen_fn_00559118,0x00559118,0x005591D0,184
xmen_fn_005591D0,0x005591D0,0x005591F8,40
xmen_fn_005591F8,0x005591F8,0x00559228,48
xmen_fn_00559228,0x00559228,0x00559280,88
xmen_fn_00559280,0x00559280,0x005592F8,120
xmen_fn_005592F8,0x005592F8,0x00559338,64
xmen_fn_00559338,0x00559338,0x00559408,208
xmen_fn_00559408,0x00559408,0x00559470,104
xmen_fn_00559470,0x00559470,0x005594C0,80
xmen_fn_005594C0,0x005594C0,0x00559528,104
xmen_fn_00559528,0x00559528,0x00559680,344
xmen_fn_00559680,0x00559680,0x00559710,144
xmen_fn_00559710,0x00559710,0x005597C8,184
xmen_fn_005597C8,0x005597C8,0x00559840,120
xmen_fn_00559840,0x00559840,0x005598D8,152
xmen_fn_005598D8,0x005598D8,0x00559A70,408
xmen_fn_00559A70,0x00559A70,0x00559AA8,56
xmen_fn_00559AA8,0x00559AA8,0x00559AE0,56
xmen_fn_00559AE0,0x00559AE0,0x00559B10,48
xmen_fn_00559B10,0x00559B10,0x00559B48,56
xmen_fn_00559B48,0x00559B48,0x00559B80,56
xmen_fn_00559B80,0x00559B80,0x00559B90,16
xmen_fn_00559B90,0x00559B90,0x00559BF8,104
xmen_fn_00559BF8,0x00559BF8,0x00559CB8,192
xmen_fn_00559CB8,0x00559CB8,0x00559CC8,16
xmen_fn_00559CC8,0x00559CC8,0x00559D70,168
xmen_fn_00559D70,0x00559D70,0x00559D88,24
xmen_fn_00559D88,0x00559D88,0x00559DA0,24
xmen_fn_00559DA0,0x00559DA0,0x00559E10,112
xmen_fn_00559E10,0x00559E10,0x00559E50,64
xmen_fn_00559E50,0x00559E50,0x00559EE8,152
xmen_fn_00559EE8,0x00559EE8,0x00559FC0,216
xmen_fn_00559FC0,0x00559FC0,0x00559FE0,32
xmen_fn_00559FE0,0x00559FE0,0x00559FF8,24
xmen_fn_00559FF8,0x00559FF8,0x0055A010,24
xmen_fn_0055A010,0x0055A010,0x0055A030,32
xmen_fn_0055A030,0x0055A030,0x0055A048,24
xmen_fn_0055A048,0x0055A048,0x0055A050,8
xmen_fn_0055A050,0x0055A050,0x0055A058,8
xmen_fn_0055A058,0x0055A058,0x0055A070,24
xmen_fn_0055A070,0x0055A070,0x0055A180,272
xmen_fn_0055A180,0x0055A180,0x0055A2A0,288
xmen_fn_0055A2A0,0x0055A2A0,0x0055A350,176
xmen_fn_0055A350,0x0055A350,0x0055A420,208
xmen_fn_0055A420,0x0055A420,0x0055A488,104
xmen_fn_0055A488,0x0055A488,0x0055A4A8,32
xmen_fn_0055A4A8,0x0055A4A8,0x0055A648,416
xmen_fn_0055A648,0x0055A648,0x0055A728,224
xmen_fn_0055A728,0x0055A728,0x0055A768,64
xmen_fn_0055A768,0x0055A768,0x0055A7C8,96
xmen_fn_0055A7C8,0x0055A7C8,0x0055A7F0,40
xmen_fn_0055A7F0,0x0055A7F0,0x0055A950,352
xmen_fn_0055A950,0x0055A950,0x0055AD10,960
xmen_fn_0055AD10,0x0055AD10,0x0055AE38,296
xmen_fn_0055AE38,0x0055AE38,0x0055AF10,216
xmen_fn_0055AF10,0x0055AF10,0x0055AFB8,168
xmen_fn_0055AFB8,0x0055AFB8,0x0055B030,120
xmen_fn_0055B030,0x0055B030,0x0055B170,320
xmen_fn_0055B170,0x0055B170,0x0055B1E8,120
xmen_fn_0055B1E8,0x0055B1E8,0x0055B258,112
xmen_fn_0055B258,0x0055B258,0x0055B270,24
xmen_fn_0055B270,0x0055B270,0x0055B3C0,336
xmen_fn_0055B3C0,0x0055B3C0,0x0055B410,80
xmen_fn_0055B410,0x0055B410,0x0055B460,80
xmen_fn_0055B460,0x0055B460,0x0055B4E8,136
xmen_fn_0055B4E8,0x0055B4E8,0x0055B5B8,208
xmen_fn_0055B5B8,0x0055B5B8,0x0055B618,96
xmen_fn_0055B618,0x0055B618,0x0055B6E0,200
xmen_fn_0055B6E0,0x0055B6E0,0x0055B790,176
xmen_fn_0055B790,0x0055B790,0x0055B828,152
xmen_fn_0055B828,0x0055B828,0x0055B8E0,184
xmen_fn_0055B8E0,0x0055B8E0,0x0055BA60,384
xmen_fn_0055BA60,0x0055BA60,0x0055BB38,216
xmen_fn_0055BB38,0x0055BB38,0x0055BC98,352
xmen_fn_0055BC98,0x0055BC98,0x0055BCA0,8
xmen_fn_0055BCA0,0x0055BCA0,0x0055BD40,160
xmen_fn_0055BD40,0x0055BD40,0x0055BD90,80
xmen_fn_0055BD90,0x0055BD90,0x0055BE50,192
xmen_fn_0055BE50,0x0055BE50,0x0055BFE0,400
xmen_fn_0055BFE0,0x0055BFE0,0x0055C128,328
xmen_fn_0055C128,0x0055C128,0x0055C4B0,904
xmen_fn_0055C4B0,0x0055C4B0,0x0055C570,192
xmen_fn_0055C570,0x0055C570,0x0055C5E0,112
xmen_fn_0055C5E0,0x0055C5E0,0x0055C5F8,24
xmen_fn_0055C5F8,0x0055C5F8,0x0055C6A8,176
xmen_fn_0055C6A8,0x0055C6A8,0x0055C708,96
xmen_fn_0055C708,0x0055C708,0x0055C750,72
xmen_fn_0055C750,0x0055C750,0x0055C860,272
xmen_fn_0055C860,0x0055C860,0x0055C908,168
xmen_fn_0055C908,0x0055C908,0x0055C928,32
xmen_fn_0055C928,0x0055C928,0x0055C998,112
xmen_fn_0055C998,0x0055C998,0x0055CBA8,528
xmen_fn_0055CBA8,0x0055CBA8,0x0055CD50,424
xmen_fn_0055CD50,0x0055CD50,0x0055CDB8,104
xmen_fn_0055CDB8,0x0055CDB8,0x0055CE40,136
xmen_fn_0055CE40,0x0055CE40,0x0055CF98,344
xmen_fn_0055CF98,0x0055CF98,0x0055D100,360
xmen_fn_0055D100,0x0055D100,0x0055D368,616
xmen_fn_0055D368,0x0055D368,0x0055D3B8,80
xmen_fn_0055D3B8,0x0055D3B8,0x0055D470,184
xmen_fn_0055D470,0x0055D470,0x0055D4C0,80
xmen_fn_0055D4C0,0x0055D4C0,0x0055D590,208
xmen_fn_0055D590,0x0055D590,0x0055D5F0,96
xmen_fn_0055D5F0,0x0055D5F0,0x0055D698,168
xmen_fn_0055D698,0x0055D698,0x0055D758,192
xmen_fn_0055D758,0x0055D758,0x0055D778,32
xmen_fn_0055D778,0x0055D778,0x0055D7C0,72
xmen_fn_0055D7C0,0x0055D7C0,0x0055D7D8,24
xmen_fn_0055D7D8,0x0055D7D8,0x0055D878,160
xmen_fn_0055D878,0x0055D878,0x0055DA40,456
xmen_fn_0055DA40,0x0055DA40,0x0055DB00,192
xmen_fn_0055DB00,0x0055DB00,0x0055DB28,40
xmen_fn_0055DB28,0x0055DB28,0x0055DCA0,376
xmen_fn_0055DCA0,0x0055DCA0,0x0055DCC0,32
xmen_fn_0055DCC0,0x0055DCC0,0x0055DF48,648
xmen_fn_0055DF48,0x0055DF48,0x0055E018,208
xmen_fn_0055E018,0x0055E018,0x0055E0F8,224
xmen_fn_0055E0F8,0x0055E0F8,0x0055E4C0,968
xmen_fn_0055E4C0,0x0055E4C0,0x0055E5B8,248
xmen_fn_0055E5B8,0x0055E5B8,0x0055E698,224
xmen_fn_0055E698,0x0055E698,0x0055E7E0,328
xmen_fn_0055E7E0,0x0055E7E0,0x0055E828,72
xmen_fn_0055E828,0x0055E828,0x0055E958,304
xmen_fn_0055E958,0x0055E958,0x0055EA78,288
xmen_fn_0055EA78,0x0055EA78,0x0055EAB0,56
xmen_fn_0055EAB0,0x0055EAB0,0x0055EC68,440
xmen_fn_0055EC68,0x0055EC68,0x0055EC78,16
xmen_fn_0055EC78,0x0055EC78,0x0055ED70,248
xmen_fn_0055ED70,0x0055ED70,0x0055EDD0,96
xmen_fn_0055EDD0,0x0055EDD0,0x0055EED8,264
xmen_fn_0055EED8,0x0055EED8,0x0055EF28,80
xmen_fn_0055EF28,0x0055EF28,0x0055EF78,80
xmen_fn_0055EF78,0x0055EF78,0x0055F058,224
xmen_fn_0055F058,0x0055F058,0x0055F1D0,376
xmen_fn_0055F1D0,0x0055F1D0,0x0055F1E8,24
xmen_fn_0055F1E8,0x0055F1E8,0x0055F2D8,240
xmen_fn_0055F2D8,0x0055F2D8,0x0055F350,120
xmen_fn_0055F350,0x0055F350,0x0055F5D8,648
xmen_fn_0055F5D8,0x0055F5D8,0x0055F8D8,768
xmen_fn_0055F8D8,0x0055F8D8,0x0055F9F0,280
xmen_fn_0055F9F0,0x0055F9F0,0x0055FB80,400
xmen_fn_0055FB80,0x0055FB80,0x0055FC28,168
xmen_fn_0055FC28,0x0055FC28,0x0055FDA0,376
xmen_fn_0055FDA0,0x0055FDA0,0x0055FDE8,72
xmen_fn_0055FDE8,0x0055FDE8,0x0055FEC0,216
xmen_fn_0055FEC0,0x0055FEC0,0x00560078,440
xmen_fn_00560078,0x00560078,0x00560278,512
xmen_fn_00560278,0x00560278,0x00560340,200
xmen_fn_00560340,0x00560340,0x005603E0,160
xmen_fn_005603E0,0x005603E0,0x00560400,32
xmen_fn_00560400,0x00560400,0x00560608,520
xmen_fn_00560608,0x00560608,0x00560720,280
xmen_fn_00560720,0x00560720,0x00560880,352
xmen_fn_00560880,0x00560880,0x00560950,208
xmen_fn_00560950,0x00560950,0x005609C8,120
xmen_fn_005609C8,0x005609C8,0x00560AC0,248
xmen_fn_00560AC0,0x00560AC0,0x00560C38,376
xmen_fn_00560C38,0x00560C38,0x00560C80,72
xmen_fn_00560C80,0x00560C80,0x00560CC8,72
xmen_fn_00560CC8,0x00560CC8,0x00560CD8,16
xmen_fn_00560CD8,0x00560CD8,0x00560CE8,16
xmen_fn_00560CE8,0x00560CE8,0x00560CF8,16
xmen_fn_00560CF8,0x00560CF8,0x00560D98,160
xmen_fn_00560D98,0x00560D98,0x00560E38,160
xmen_fn_00560E38,0x00560E38,0x00560E48,16
xmen_fn_00560E48,0x00560E48,0x00560E60,24
xmen_fn_00560E60,0x00560E60,0x00560E78,24
xmen_fn_00560E78,0x00560E78,0x00560EA0,40
xmen_fn_00560EA0,0x00560EA0,0x00560EC8,40
xmen_fn_00560EC8,0x00560EC8,0x00560FB0,232
xmen_fn_00560FB0,0x00560FB0,0x00561030,128
xmen_fn_00561030,0x00561030,0x00561168,312
xmen_fn_00561168,0x00561168,0x00561188,32
xmen_fn_00561188,0x00561188,0x005611D8,80
xmen_fn_005611D8,0x005611D8,0x00561240,104
xmen_fn_00561240,0x00561240,0x005612A8,104
xmen_fn_005612A8,0x005612A8,0x005612D0,40
xmen_fn_005612D0,0x005612D0,0x00561348,120
xmen_fn_00561348,0x00561348,0x00561488,320
xmen_fn_00561488,0x00561488,0x00561578,240
xmen_fn_00561578,0x00561578,0x00561648,208
xmen_fn_00561648,0x00561648,0x00561848,512
xmen_fn_00561848,0x00561848,0x00561948,256
xmen_fn_00561948,0x00561948,0x00561C60,792
xmen_fn_00561C60,0x00561C60,0x00561CB8,88
xmen_fn_00561CB8,0x00561CB8,0x00561D08,80
xmen_fn_00561D08,0x00561D08,0x00561D18,16
xmen_fn_00561D18,0x00561D18,0x00561D28,16
xmen_fn_00561D28,0x00561D28,0x00561DD8,176
xmen_fn_00561DD8,0x00561DD8,0x00561FF0,536
xmen_fn_00561FF0,0x00561FF0,0x00562068,120
xmen_fn_00562068,0x00562068,0x005621D8,368
xmen_fn_005621D8,0x005621D8,0x00562288,176
xmen_fn_00562288,0x00562288,0x005622B0,40
xmen_fn_005622B0,0x005622B0,0x00562320,112
xmen_fn_00562320,0x00562320,0x005623C8,168
xmen_fn_005623C8,0x005623C8,0x005624F8,304
xmen_fn_005624F8,0x005624F8,0x00562640,328
xmen_fn_00562640,0x00562640,0x00562650,16
xmen_fn_00562650,0x00562650,0x005627E8,408
xmen_fn_005627E8,0x005627E8,0x00562800,24
xmen_fn_00562800,0x00562800,0x00562860,96
xmen_fn_00562860,0x00562860,0x005628B0,80
xmen_fn_005628B0,0x005628B0,0x00562940,144
xmen_fn_00562940,0x00562940,0x005629D0,144
xmen_fn_005629D0,0x005629D0,0x00562A60,144
xmen_fn_00562A60,0x00562A60,0x00562AA8,72
xmen_fn_00562AA8,0x00562AA8,0x00562B28,128
xmen_fn_00562B28,0x00562B28,0x00562B98,112
xmen_fn_00562B98,0x00562B98,0x00562C08,112
xmen_fn_00562C08,0x00562C08,0x00562C68,96
xmen_fn_00562C68,0x00562C68,0x00562C88,32
xmen_fn_00562C88,0x00562C88,0x00562CB0,40
xmen_fn_00562CB0,0x00562CB0,0x00562D18,104
xmen_fn_00562D18,0x00562D18,0x00562DC8,176
xmen_fn_00562DC8,0x00562DC8,0x00562EE0,280
xmen_fn_00562EE0,0x00562EE0,0x00562F08,40
xmen_fn_00562F08,0x00562F08,0x00562F20,24
xmen_fn_00562F20,0x00562F20,0x00562F50,48
xmen_fn_00562F50,0x00562F50,0x00563010,192
xmen_fn_00563010,0x00563010,0x005630C0,176
xmen_fn_005630C0,0x005630C0,0x005630F0,48
xmen_fn_005630F0,0x005630F0,0x00563198,168
xmen_fn_00563198,0x00563198,0x005632E8,336
xmen_fn_005632E8,0x005632E8,0x00563388,160
xmen_fn_00563388,0x00563388,0x005633F8,112
xmen_fn_005633F8,0x005633F8,0x00563400,8
xmen_fn_00563400,0x00563400,0x00563468,104
xmen_fn_00563468,0x00563468,0x00563518,176
xmen_fn_00563518,0x00563518,0x00563698,384
xmen_fn_00563698,0x00563698,0x00563778,224
xmen_fn_00563778,0x00563778,0x00563818,160
xmen_fn_00563818,0x00563818,0x005638D0,184
xmen_fn_005638D0,0x005638D0,0x00563950,128
xmen_fn_00563950,0x00563950,0x005639C0,112
xmen_fn_005639C0,0x005639C0,0x00563A30,112
xmen_fn_00563A30,0x00563A30,0x00563AF8,200
xmen_fn_00563AF8,0x00563AF8,0x00563B50,88
xmen_fn_00563B50,0x00563B50,0x00563CD8,392
xmen_fn_00563CD8,0x00563CD8,0x00563D70,152
xmen_fn_00563D70,0x00563D70,0x00563D90,32
xmen_fn_00563D90,0x00563D90,0x00563DD0,64
xmen_fn_00563DD0,0x00563DD0,0x00563FC0,496
xmen_fn_00563FC0,0x00563FC0,0x00564028,104
xmen_fn_00564028,0x00564028,0x00564080,88
xmen_fn_00564080,0x00564080,0x005640E0,96
xmen_fn_005640E0,0x005640E0,0x00564148,104
xmen_fn_00564148,0x00564148,0x005641B0,104
xmen_fn_005641B0,0x005641B0,0x005641C8,24
xmen_fn_005641C8,0x005641C8,0x00564268,160
xmen_fn_00564268,0x00564268,0x00564290,40
xmen_fn_00564290,0x00564290,0x00564310,128
xmen_fn_00564310,0x00564310,0x00564320,16
xmen_fn_00564320,0x00564320,0x00564348,40
xmen_fn_00564348,0x00564348,0x005643A0,88
xmen_fn_005643A0,0x005643A0,0x00564410,112
xmen_fn_00564410,0x00564410,0x00564420,16
xmen_fn_00564420,0x00564420,0x00564430,16
xmen_fn_00564430,0x00564430,0x00564490,96
xmen_fn_00564490,0x00564490,0x00564658,456
xmen_fn_00564658,0x00564658,0x005646C8,112
xmen_fn_005646C8,0x005646C8,0x00564748,128
xmen_fn_00564748,0x00564748,0x005647D0,136
xmen_fn_005647D0,0x005647D0,0x00564888,184
xmen_fn_00564888,0x00564888,0x005648F8,112
xmen_fn_005648F8,0x005648F8,0x00564958,96
xmen_fn_00564958,0x00564958,0x005649F8,160
xmen_fn_005649F8,0x005649F8,0x00564A70,120
xmen_fn_00564A70,0x00564A70,0x00564B00,144
xmen_fn_00564B00,0x00564B00,0x00564BA8,168
xmen_fn_00564BA8,0x00564BA8,0x00564C20,120
xmen_fn_00564C20,0x00564C20,0x00564CC8,168
xmen_fn_00564CC8,0x00564CC8,0x00564D98,208
xmen_fn_00564D98,0x00564D98,0x00564DD8,64
xmen_fn_00564DD8,0x00564DD8,0x00564E40,104
xmen_fn_00564E40,0x00564E40,0x00564EB0,112
xmen_fn_00564EB0,0x00564EB0,0x005650F0,576
xmen_fn_005650F0,0x005650F0,0x00565180,144
xmen_fn_00565180,0x00565180,0x005652E8,360
xmen_fn_005652E8,0x005652E8,0x00565368,128
xmen_fn_00565368,0x00565368,0x005653E8,128
xmen_fn_005653E8,0x005653E8,0x00565478,144
xmen_fn_00565478,0x00565478,0x00565588,272
xmen_fn_00565588,0x00565588,0x00565688,256
xmen_fn_00565688,0x00565688,0x00565AD0,1096
xmen_fn_00565AD0,0x00565AD0,0x00565B18,72
xmen_fn_00565B18,0x00565B18,0x00565BA0,136
xmen_fn_00565BA0,0x00565BA0,0x00565BB8,24
xmen_fn_00565BB8,0x00565BB8,0x00565BF8,64
xmen_fn_00565BF8,0x00565BF8,0x00565CB0,184
xmen_fn_00565CB0,0x00565CB0,0x00565D20,112
xmen_fn_00565D20,0x00565D20,0x00565D70,80
xmen_fn_00565D70,0x00565D70,0x00565DC0,80
xmen_fn_00565DC0,0x00565DC0,0x00565E48,136
xmen_fn_00565E48,0x00565E48,0x00565EE8,160
xmen_fn_00565EE8,0x00565EE8,0x00565FD0,232
xmen_fn_00565FD0,0x00565FD0,0x005661B0,480
xmen_fn_005661B0,0x005661B0,0x00566230,128
xmen_fn_00566230,0x00566230,0x00566260,48
xmen_fn_00566260,0x00566260,0x005662F8,152
xmen_fn_005662F8,0x005662F8,0x00566308,16
xmen_fn_00566308,0x00566308,0x00566310,8
xmen_fn_00566310,0x00566310,0x00566510,512
xmen_fn_00566510,0x00566510,0x00566558,72
xmen_fn_00566558,0x00566558,0x00566580,40
xmen_fn_00566580,0x00566580,0x00566620,160
xmen_fn_00566620,0x00566620,0x005666C8,168
xmen_fn_005666C8,0x005666C8,0x00566718,80
xmen_fn_00566718,0x00566718,0x00566788,112
xmen_fn_00566788,0x00566788,0x005667C0,56
xmen_fn_005667C0,0x005667C0,0x005667E8,40
xmen_fn_005667E8,0x005667E8,0x00566830,72
xmen_fn_00566830,0x00566830,0x005668C8,152
xmen_fn_005668C8,0x005668C8,0x00566908,64
xmen_fn_00566908,0x00566908,0x00566988,128
xmen_fn_00566988,0x00566988,0x005669D8,80
xmen_fn_005669D8,0x005669D8,0x00566A50,120
xmen_fn_00566A50,0x00566A50,0x00566A60,16
xmen_fn_00566A60,0x00566A60,0x00566AD8,120
xmen_fn_00566AD8,0x00566AD8,0x00566C00,296
xmen_fn_00566C00,0x00566C00,0x00566C18,24
xmen_fn_00566C18,0x00566C18,0x00566CE0,200
xmen_fn_00566CE0,0x00566CE0,0x00566F38,600
xmen_fn_00566F38,0x00566F38,0x00567040,264
xmen_fn_00567040,0x00567040,0x005671F8,440
xmen_fn_005671F8,0x005671F8,0x00567278,128
xmen_fn_00567278,0x00567278,0x00567288,16
xmen_fn_00567288,0x00567288,0x00567328,160
xmen_fn_00567328,0x00567328,0x00567640,792
xmen_fn_00567640,0x00567640,0x005676A0,96
xmen_fn_005676A0,0x005676A0,0x005676E8,72
xmen_fn_005676E8,0x005676E8,0x00567720,56
xmen_fn_00567720,0x00567720,0x00567760,64
xmen_fn_00567760,0x00567760,0x00567868,264
xmen_fn_00567868,0x00567868,0x005678A0,56
xmen_fn_005678A0,0x005678A0,0x00567A28,392
xmen_fn_00567A28,0x00567A28,0x00567B78,336
xmen_fn_00567B78,0x00567B78,0x00567BF0,120
xmen_fn_00567BF0,0x00567BF0,0x00567CE0,240
xmen_fn_00567CE0,0x00567CE0,0x00567D78,152
xmen_fn_00567D78,0x00567D78,0x00567D80,8
xmen_fn_00567D80,0x00567D80,0x00567D88,8
xmen_fn_00567D88,0x00567D88,0x00567DA8,32
xmen_fn_00567DA8,0x00567DA8,0x00567DE8,64
xmen_fn_00567DE8,0x00567DE8,0x00567E80,152
xmen_fn_00567E80,0x00567E80,0x00567F18,152
xmen_fn_00567F18,0x00567F18,0x00567FD0,184
xmen_fn_00567FD0,0x00567FD0,0x00568018,72
xmen_fn_00568018,0x00568018,0x00568138,288
xmen_fn_00568138,0x00568138,0x00568228,240
xmen_fn_00568228,0x00568228,0x005682C8,160
xmen_fn_005682C8,0x005682C8,0x00568368,160
xmen_fn_00568368,0x00568368,0x00568388,32
xmen_fn_00568388,0x00568388,0x005683A8,32
xmen_fn_005683A8,0x005683A8,0x005683C8,32
xmen_fn_005683C8,0x005683C8,0x005683E8,32
xmen_fn_005683E8,0x005683E8,0x00568448,96
xmen_fn_00568448,0x00568448,0x00568518,208
xmen_fn_00568518,0x00568518,0x00568580,104
xmen_fn_00568580,0x00568580,0x005685B0,48
xmen_fn_005685B0,0x005685B0,0x005685C8,24
xmen_fn_005685C8,0x005685C8,0x005685E8,32
xmen_fn_005685E8,0x005685E8,0x005686C8,224
xmen_fn_005686C8,0x005686C8,0x00568708,64
xmen_fn_00568708,0x00568708,0x00568710,8
xmen_fn_00568710,0x00568710,0x00568728,24
xmen_fn_00568728,0x00568728,0x00568740,24
xmen_fn_00568740,0x00568740,0x00568758,24
xmen_fn_00568758,0x00568758,0x00568770,24
xmen_fn_00568770,0x00568770,0x00568788,24
xmen_fn_00568788,0x00568788,0x00568790,8
xmen_fn_00568790,0x00568790,0x005687E8,88
xmen_fn_005687E8,0x005687E8,0x00568C50,1128
xmen_fn_00568C50,0x00568C50,0x00568CB0,96
xmen_fn_00568CB0,0x00568CB0,0x00568D10,96
xmen_fn_00568D10,0x00568D10,0x00569238,1320
xmen_fn_00569238,0x00569238,0x005693A0,360
xmen_fn_005693A0,0x005693A0,0x00569420,128
xmen_fn_00569420,0x00569420,0x00569428,8
xmen_fn_00569428,0x00569428,0x005694A8,128
xmen_fn_005694A8,0x005694A8,0x005694B0,8
xmen_fn_005694B0,0x005694B0,0x005694E8,56
xmen_fn_005694E8,0x005694E8,0x00569560,120
xmen_fn_00569560,0x00569560,0x00569588,40
xmen_fn_00569588,0x00569588,0x005696B8,304
xmen_fn_005696B8,0x005696B8,0x00569738,128
xmen_fn_00569738,0x00569738,0x00569780,72
xmen_fn_00569780,0x00569780,0x00569800,128
xmen_fn_00569800,0x00569800,0x00569808,8
xmen_fn_00569808,0x00569808,0x00569920,280
xmen_fn_00569920,0x00569920,0x00569A18,248
xmen_fn_00569A18,0x00569A18,0x00569AE0,200
xmen_fn_00569AE0,0x00569AE0,0x00569B30,80
xmen_fn_00569B30,0x00569B30,0x00569B48,24
xmen_fn_00569B48,0x00569B48,0x00569B60,24
xmen_fn_00569B60,0x00569B60,0x00569BB0,80
xmen_fn_00569BB0,0x00569BB0,0x00569BC0,16
xmen_fn_00569BC0,0x00569BC0,0x00569C08,72
xmen_fn_00569C08,0x00569C08,0x00569C30,40
xmen_fn_00569C30,0x00569C30,0x00569D20,240
xmen_fn_00569D20,0x00569D20,0x00569D90,112
xmen_fn_00569D90,0x00569D90,0x00569E60,208
xmen_fn_00569E60,0x00569E60,0x00569F88,296
xmen_fn_00569F88,0x00569F88,0x0056A018,144
xmen_fn_0056A018,0x0056A018,0x0056A258,576
xmen_fn_0056A258,0x0056A258,0x0056A2B8,96
xmen_fn_0056A2B8,0x0056A2B8,0x0056A460,424
xmen_fn_0056A460,0x0056A460,0x0056A558,248
xmen_fn_0056A558,0x0056A558,0x0056A680,296
xmen_fn_0056A680,0x0056A680,0x0056A968,744
xmen_fn_0056A968,0x0056A968,0x0056AA80,280
xmen_fn_0056AA80,0x0056AA80,0x0056AD88,776
xmen_fn_0056AD88,0x0056AD88,0x0056AE10,136
xmen_fn_0056AE10,0x0056AE10,0x0056AE80,112
xmen_fn_0056AE80,0x0056AE80,0x0056AEC0,64
xmen_fn_0056AEC0,0x0056AEC0,0x0056AF00,64
xmen_fn_0056AF00,0x0056AF00,0x0056AF48,72
xmen_fn_0056AF48,0x0056AF48,0x0056AFA0,88
xmen_fn_0056AFA0,0x0056AFA0,0x0056AFA8,8
xmen_fn_0056AFA8,0x0056AFA8,0x0056B000,88
xmen_fn_0056B000,0x0056B000,0x0056B050,80
xmen_fn_0056B050,0x0056B050,0x0056B090,64
xmen_fn_0056B090,0x0056B090,0x0056B120,144
xmen_fn_0056B120,0x0056B120,0x0056B168,72
xmen_fn_0056B168,0x0056B168,0x0056B1A0,56
xmen_fn_0056B1A0,0x0056B1A0,0x0056B1B8,24
xmen_fn_0056B1B8,0x0056B1B8,0x0056B2C0,264
xmen_fn_0056B2C0,0x0056B2C0,0x0056B610,848
xmen_fn_0056B610,0x0056B610,0x0056B700,240
xmen_fn_0056B700,0x0056B700,0x0056B760,96
xmen_fn_0056B760,0x0056B760,0x0056B9B8,600
xmen_fn_0056B9B8,0x0056B9B8,0x0056BEB0,1272
xmen_fn_0056BEB0,0x0056BEB0,0x0056C398,1256
xmen_fn_0056C398,0x0056C398,0x0056C460,200
xmen_fn_0056C460,0x0056C460,0x0056C4C8,104
xmen_fn_0056C4C8,0x0056C4C8,0x0056C7E0,792
xmen_fn_0056C7E0,0x0056C7E0,0x0056C840,96
xmen_fn_0056C840,0x0056C840,0x0056CA68,552
xmen_fn_0056CA68,0x0056CA68,0x0056CAA8,64
xmen_fn_0056CAA8,0x0056CAA8,0x0056CE98,1008
xmen_fn_0056CE98,0x0056CE98,0x0056CEF8,96
xmen_fn_0056CEF8,0x0056CEF8,0x0056D070,376
xmen_fn_0056D070,0x0056D070,0x0056D2A8,568
xmen_fn_0056D2A8,0x0056D2A8,0x0056D310,104
xmen_fn_0056D310,0x0056D310,0x0056D378,104
xmen_fn_0056D378,0x0056D378,0x0056D478,256
xmen_fn_0056D478,0x0056D478,0x0056D778,768
xmen_fn_0056D778,0x0056D778,0x0056D780,8
xmen_fn_0056D780,0x0056D780,0x0056D788,8
xmen_fn_0056D788,0x0056D788,0x0056D7F8,112
xmen_fn_0056D7F8,0x0056D7F8,0x0056D808,16
xmen_fn_0056D808,0x0056D808,0x0056D9E0,472
xmen_fn_0056D9E0,0x0056D9E0,0x0056DA30,80
xmen_fn_0056DA30,0x0056DA30,0x0056DAD0,160
xmen_fn_0056DAD0,0x0056DAD0,0x0056DAE0,16
xmen_fn_0056DAE0,0x0056DAE0,0x0056DB30,80
xmen_fn_0056DB30,0x0056DB30,0x0056DB70,64
xmen_fn_0056DB70,0x0056DB70,0x0056DB80,16
xmen_fn_0056DB80,0x0056DB80,0x0056DBC8,72
xmen_fn_0056DBC8,0x0056DBC8,0x0056DBD0,8
xmen_fn_0056DBD0,0x0056DBD0,0x0056DBE0,16
xmen_fn_0056DBE0,0x0056DBE0,0x0056DC60,128
xmen_fn_0056DC60,0x0056DC60,0x0056DC70,16
xmen_fn_0056DC70,0x0056DC70,0x0056DD08,152
xmen_fn_0056DD08,0x0056DD08,0x0056DD88,128
xmen_fn_0056DD88,0x0056DD88,0x0056DDC0,56
xmen_fn_0056DDC0,0x0056DDC0,0x0056DE38,120
xmen_fn_0056DE38,0x0056DE38,0x0056DE60,40
xmen_fn_0056DE60,0x0056DE60,0x0056DEC0,96
xmen_fn_0056DEC0,0x0056DEC0,0x0056DEE8,40
xmen_fn_0056DEE8,0x0056DEE8,0x0056DF98,176
xmen_fn_0056DF98,0x0056DF98,0x0056E030,152
xmen_fn_0056E030,0x0056E030,0x0056E048,24
xmen_fn_0056E048,0x0056E048,0x0056E0E0,152
xmen_fn_0056E0E0,0x0056E0E0,0x0056E138,88
xmen_fn_0056E138,0x0056E138,0x0056E140,8
xmen_fn_0056E140,0x0056E140,0x0056E198,88
xmen_fn_0056E198,0x0056E198,0x0056E1E8,80
xmen_fn_0056E1E8,0x0056E1E8,0x0056E1F8,16
xmen_fn_0056E1F8,0x0056E1F8,0x0056E220,40
xmen_fn_0056E220,0x0056E220,0x0056E360,320
xmen_fn_0056E360,0x0056E360,0x0056E478,280
xmen_fn_0056E478,0x0056E478,0x0056E4F8,128
xmen_fn_0056E4F8,0x0056E4F8,0x0056E6A0,424
xmen_fn_0056E6A0,0x0056E6A0,0x0056E948,680
xmen_fn_0056E948,0x0056E948,0x0056EB80,568
xmen_fn_0056EB80,0x0056EB80,0x0056EBC8,72
xmen_fn_0056EBC8,0x0056EBC8,0x0056EC08,64
xmen_fn_0056EC08,0x0056EC08,0x0056EC68,96
xmen_fn_0056EC68,0x0056EC68,0x0056ED28,192
xmen_fn_0056ED28,0x0056ED28,0x0056EF00,472
xmen_fn_0056EF00,0x0056EF00,0x0056EFC8,200
xmen_fn_0056EFC8,0x0056EFC8,0x0056EFD8,16
xmen_fn_0056EFD8,0x0056EFD8,0x0056F0F0,280
xmen_fn_0056F0F0,0x0056F0F0,0x0056F160,112
xmen_fn_0056F160,0x0056F160,0x0056F288,296
xmen_fn_0056F288,0x0056F288,0x0056F2C8,64
xmen_fn_0056F2C8,0x0056F2C8,0x0056F3D8,272
xmen_fn_0056F3D8,0x0056F3D8,0x0056F3F0,24
xmen_fn_0056F3F0,0x0056F3F0,0x0056F420,48
xmen_fn_0056F420,0x0056F420,0x0056F450,48
xmen_fn_0056F450,0x0056F450,0x0056F4F0,160
xmen_fn_0056F4F0,0x0056F4F0,0x0056F5A0,176
xmen_fn_0056F5A0,0x0056F5A0,0x0056F5F8,88
xmen_fn_0056F5F8,0x0056F5F8,0x0056F610,24
xmen_fn_0056F610,0x0056F610,0x0056F640,48
xmen_fn_0056F640,0x0056F640,0x0056F698,88
xmen_fn_0056F698,0x0056F698,0x0056F738,160
xmen_fn_0056F738,0x0056F738,0x0056F7B8,128
xmen_fn_0056F7B8,0x0056F7B8,0x0056F9E0,552
xmen_fn_0056F9E0,0x0056F9E0,0x0056FA48,104
xmen_fn_0056FA48,0x0056FA48,0x0056FB68,288
xmen_fn_0056FB68,0x0056FB68,0x0056FBC0,88
xmen_fn_0056FBC0,0x0056FBC0,0x0056FC10,80
xmen_fn_0056FC10,0x0056FC10,0x0056FD30,288
xmen_fn_0056FD30,0x0056FD30,0x0056FD78,72
xmen_fn_0056FD78,0x0056FD78,0x0056FE70,248
xmen_fn_0056FE70,0x0056FE70,0x0056FEA0,48
xmen_fn_0056FEA0,0x0056FEA0,0x0056FEE8,72
xmen_fn_0056FEE8,0x0056FEE8,0x0056FF30,72
xmen_fn_0056FF30,0x0056FF30,0x0056FF70,64
xmen_fn_0056FF70,0x0056FF70,0x00570008,152
xmen_fn_00570008,0x00570008,0x00570158,336
xmen_fn_00570158,0x00570158,0x00570588,1072
xmen_fn_00570588,0x00570588,0x00570780,504
xmen_fn_00570780,0x00570780,0x00570A18,664
xmen_fn_00570A18,0x00570A18,0x00570AA8,144
xmen_fn_00570AA8,0x00570AA8,0x00570C38,400
xmen_fn_00570C38,0x00570C38,0x00570CC0,136
xmen_fn_00570CC0,0x00570CC0,0x00570CF0,48
xmen_fn_00570CF0,0x00570CF0,0x00570D80,144
xmen_fn_00570D80,0x00570D80,0x00570DB0,48
xmen_fn_00570DB0,0x00570DB0,0x00571140,912
xmen_fn_00571140,0x00571140,0x005711A8,104
xmen_fn_005711A8,0x005711A8,0x00571710,1384
xmen_fn_00571710,0x00571710,0x00571A28,792
xmen_fn_00571A28,0x00571A28,0x00571A80,88
xmen_fn_00571A80,0x00571A80,0x005721E8,1896
xmen_fn_005721E8,0x005721E8,0x00572208,32
xmen_fn_00572208,0x00572208,0x00572228,32
xmen_fn_00572228,0x00572228,0x00572470,584
xmen_fn_00572470,0x00572470,0x00572530,192
xmen_fn_00572530,0x00572530,0x00572668,312
xmen_fn_00572668,0x00572668,0x005729A0,824
xmen_fn_005729A0,0x005729A0,0x00572B08,360
xmen_fn_00572B08,0x00572B08,0x00572B30,40
xmen_fn_00572B30,0x00572B30,0x00572B40,16
xmen_fn_00572B40,0x00572B40,0x00572BE8,168
xmen_fn_00572BE8,0x00572BE8,0x00572C38,80
xmen_fn_00572C38,0x00572C38,0x00572C40,8
xmen_fn_00572C40,0x00572C40,0x00572C48,8
xmen_fn_00572C48,0x00572C48,0x00572D90,328
xmen_fn_00572D90,0x00572D90,0x00572E90,256
xmen_fn_00572E90,0x00572E90,0x00572E98,8
xmen_fn_00572E98,0x00572E98,0x00572F20,136
xmen_fn_00572F20,0x00572F20,0x00572F38,24
xmen_fn_00572F38,0x00572F38,0x00572F80,72
xmen_fn_00572F80,0x00572F80,0x00572FC0,64
xmen_fn_00572FC0,0x00572FC0,0x00572FC8,8
xmen_fn_00572FC8,0x00572FC8,0x005730D8,272
xmen_fn_005730D8,0x005730D8,0x005731E0,264
xmen_fn_005731E0,0x005731E0,0x005732A0,192
xmen_fn_005732A0,0x005732A0,0x00573568,712
xmen_fn_00573568,0x00573568,0x00573678,272
xmen_fn_00573678,0x00573678,0x00573A08,912
xmen_fn_00573A08,0x00573A08,0x00573A30,40
xmen_fn_00573A30,0x00573A30,0x00574210,2016
xmen_fn_00574210,0x00574210,0x005742D0,192
xmen_fn_005742D0,0x005742D0,0x005742E0,16
xmen_fn_005742E0,0x005742E0,0x005742F8,24
xmen_fn_005742F8,0x005742F8,0x00574310,24
xmen_fn_00574310,0x00574310,0x00574470,352
xmen_fn_00574470,0x00574470,0x00574598,296
xmen_fn_00574598,0x00574598,0x00574698,256
xmen_fn_00574698,0x00574698,0x00574718,128
xmen_fn_00574718,0x00574718,0x00574790,120
xmen_fn_00574790,0x00574790,0x005748C8,312
xmen_fn_005748C8,0x005748C8,0x00574B28,608
xmen_fn_00574B28,0x00574B28,0x00574D20,504
xmen_fn_00574D20,0x00574D20,0x00574D80,96
xmen_fn_00574D80,0x00574D80,0x005754D8,1880
xmen_fn_005754D8,0x005754D8,0x00575DC8,2288
xmen_fn_00575DC8,0x00575DC8,0x00575E38,112
xmen_fn_00575E38,0x00575E38,0x00575E70,56
xmen_fn_00575E70,0x00575E70,0x00575ED0,96
xmen_fn_00575ED0,0x00575ED0,0x00575F28,88
xmen_fn_00575F28,0x00575F28,0x00575F98,112
xmen_fn_00575F98,0x00575F98,0x005760A0,264
xmen_fn_005760A0,0x005760A0,0x00576128,136
xmen_fn_00576128,0x00576128,0x00576148,32
xmen_fn_00576148,0x00576148,0x00576210,200
xmen_fn_00576210,0x00576210,0x005762D0,192
xmen_fn_005762D0,0x005762D0,0x005762F8,40
xmen_fn_005762F8,0x005762F8,0x005763A8,176
xmen_fn_005763A8,0x005763A8,0x005763D8,48
xmen_fn_005763D8,0x005763D8,0x005764C0,232
xmen_fn_005764C0,0x005764C0,0x00576660,416
xmen_fn_00576660,0x00576660,0x00576860,512
xmen_fn_00576860,0x00576860,0x00576918,184
xmen_fn_00576918,0x00576918,0x00576D28,1040
xmen_fn_00576D28,0x00576D28,0x00576D80,88
xmen_fn_00576D80,0x00576D80,0x00576E10,144
xmen_fn_00576E10,0x00576E10,0x00576EC0,176
xmen_fn_00576EC0,0x00576EC0,0x00576F60,160
xmen_fn_00576F60,0x00576F60,0x00577038,216
xmen_fn_00577038,0x00577038,0x005770D8,160
xmen_fn_005770D8,0x005770D8,0x00577148,112
xmen_fn_00577148,0x00577148,0x00577200,184
xmen_fn_00577200,0x00577200,0x00577260,96
xmen_fn_00577260,0x00577260,0x00577598,824
xmen_fn_00577598,0x00577598,0x005775D8,64
xmen_fn_005775D8,0x005775D8,0x00577790,440
xmen_fn_00577790,0x00577790,0x00577858,200
xmen_fn_00577858,0x00577858,0x00577A00,424
xmen_fn_00577A00,0x00577A00,0x00577B18,280
xmen_fn_00577B18,0x00577B18,0x00577B48,48
xmen_fn_00577B48,0x00577B48,0x00577BE8,160
xmen_fn_00577BE8,0x00577BE8,0x00577D40,344
xmen_fn_00577D40,0x00577D40,0x00577DF0,176
xmen_fn_00577DF0,0x00577DF0,0x00577EC0,208
xmen_fn_00577EC0,0x00577EC0,0x00577EF0,48
xmen_fn_00577EF0,0x00577EF0,0x00577F30,64
xmen_fn_00577F30,0x00577F30,0x00577FF0,192
xmen_fn_00577FF0,0x00577FF0,0x00578010,32
xmen_fn_00578010,0x00578010,0x00578100,240
xmen_fn_00578100,0x00578100,0x005781C0,192
xmen_fn_005781C0,0x005781C0,0x00578378,440
xmen_fn_00578378,0x00578378,0x005784F0,376
xmen_fn_005784F0,0x005784F0,0x005786C0,464
xmen_fn_005786C0,0x005786C0,0x00578710,80
xmen_fn_00578710,0x00578710,0x00578730,32
xmen_fn_00578730,0x00578730,0x00578750,32
xmen_fn_00578750,0x00578750,0x005788F0,416
xmen_fn_005788F0,0x005788F0,0x005789C0,208
xmen_fn_005789C0,0x005789C0,0x00578BC0,512
xmen_fn_00578BC0,0x00578BC0,0x00578DC8,520
xmen_fn_00578DC8,0x00578DC8,0x005790F0,808
xmen_fn_005790F0,0x005790F0,0x005795A0,1200
xmen_fn_005795A0,0x005795A0,0x005795F0,80
xmen_fn_005795F0,0x005795F0,0x00579640,80
xmen_fn_00579640,0x00579640,0x00579658,24
xmen_fn_00579658,0x00579658,0x005796C0,104
xmen_fn_005796C0,0x005796C0,0x00579720,96
xmen_fn_00579720,0x00579720,0x005797C8,168
xmen_fn_005797C8,0x005797C8,0x00579880,184
xmen_fn_00579880,0x00579880,0x00579908,136
xmen_fn_00579908,0x00579908,0x00579990,136
xmen_fn_00579990,0x00579990,0x00579A28,152
xmen_fn_00579A28,0x00579A28,0x00579AF8,208
xmen_fn_00579AF8,0x00579AF8,0x00579BD8,224
xmen_fn_00579BD8,0x00579BD8,0x00579C00,40
xmen_fn_00579C00,0x00579C00,0x00579D78,376
xmen_fn_00579D78,0x00579D78,0x00579DC8,80
xmen_fn_00579DC8,0x00579DC8,0x00579E60,152
xmen_fn_00579E60,0x00579E60,0x00579F30,208
xmen_fn_00579F30,0x00579F30,0x0057A000,208
xmen_fn_0057A000,0x0057A000,0x0057A0D0,208
xmen_fn_0057A0D0,0x0057A0D0,0x0057A1A0,208
xmen_fn_0057A1A0,0x0057A1A0,0x0057A270,208
xmen_fn_0057A270,0x0057A270,0x0057A340,208
xmen_fn_0057A340,0x0057A340,0x0057A358,24
xmen_fn_0057A358,0x0057A358,0x0057A4A8,336
xmen_fn_0057A4A8,0x0057A4A8,0x0057A4C0,24
xmen_fn_0057A4C0,0x0057A4C0,0x0057A4D8,24
xmen_fn_0057A4D8,0x0057A4D8,0x0057A560,136
xmen_fn_0057A560,0x0057A560,0x0057A608,168
xmen_fn_0057A608,0x0057A608,0x0057ABC0,1464
xmen_fn_0057ABC0,0x0057ABC0,0x0057ABD8,24
xmen_fn_0057ABD8,0x0057ABD8,0x0057ABF0,24
xmen_fn_0057ABF0,0x0057ABF0,0x0057AC08,24
xmen_fn_0057AC08,0x0057AC08,0x0057AC20,24
xmen_fn_0057AC20,0x0057AC20,0x0057AC38,24
xmen_fn_0057AC38,0x0057AC38,0x0057AC40,8
xmen_fn_0057AC40,0x0057AC40,0x0057AC58,24
xmen_fn_0057AC58,0x0057AC58,0x0057ACC0,104
xmen_fn_0057ACC0,0x0057ACC0,0x0057ACD8,24
xmen_fn_0057ACD8,0x0057ACD8,0x0057ACF0,24
xmen_fn_0057ACF0,0x0057ACF0,0x0057AD08,24
xmen_fn_0057AD08,0x0057AD08,0x0057AD20,24
xmen_fn_0057AD20,0x0057AD20,0x0057AD70,80
xmen_fn_0057AD70,0x0057AD70,0x0057ADA0,48
xmen_fn_0057ADA0,0x0057ADA0,0x0057ADB8,24
xmen_fn_0057ADB8,0x0057ADB8,0x0057ADD0,24
xmen_fn_0057ADD0,0x0057ADD0,0x0057ADE8,24
xmen_fn_0057ADE8,0x0057ADE8,0x0057AE00,24
xmen_fn_0057AE00,0x0057AE00,0x0057AE18,24
xmen_fn_0057AE18,0x0057AE18,0x0057AE78,96
xmen_fn_0057AE78,0x0057AE78,0x0057AEA8,48
xmen_fn_0057AEA8,0x0057AEA8,0x0057AF00,88
xmen_fn_0057AF00,0x0057AF00,0x0057AF10,16
xmen_fn_0057AF10,0x0057AF10,0x0057AF30,32
xmen_fn_0057AF30,0x0057AF30,0x0057AF48,24
xmen_fn_0057AF48,0x0057AF48,0x0057AF60,24
xmen_fn_0057AF60,0x0057AF60,0x0057AF90,48
xmen_fn_0057AF90,0x0057AF90,0x0057AFB8,40
xmen_fn_0057AFB8,0x0057AFB8,0x0057AFF0,56
xmen_fn_0057AFF0,0x0057AFF0,0x0057B168,376
xmen_fn_0057B168,0x0057B168,0x0057B1C8,96
xmen_fn_0057B1C8,0x0057B1C8,0x0057B1D0,8
xmen_fn_0057B1D0,0x0057B1D0,0x0057B220,80
xmen_fn_0057B220,0x0057B220,0x0057B260,64
xmen_fn_0057B260,0x0057B260,0x0057B290,48
xmen_fn_0057B290,0x0057B290,0x0057B2C0,48
xmen_fn_0057B2C0,0x0057B2C0,0x0057B688,968
xmen_fn_0057B688,0x0057B688,0x0057B9F0,872
xmen_fn_0057B9F0,0x0057B9F0,0x0057BCF8,776
xmen_fn_0057BCF8,0x0057BCF8,0x0057BD38,64
xmen_fn_0057BD38,0x0057BD38,0x0057BDA0,104
xmen_fn_0057BDA0,0x0057BDA0,0x0057BDA8,8
xmen_fn_0057BDA8,0x0057BDA8,0x0057BE08,96
xmen_fn_0057BE08,0x0057BE08,0x0057BE18,16
xmen_fn_0057BE18,0x0057BE18,0x0057BE28,16
xmen_fn_0057BE28,0x0057BE28,0x0057BE38,16
xmen_fn_0057BE38,0x0057BE38,0x0057BE48,16
xmen_fn_0057BE48,0x0057BE48,0x0057BE60,24
xmen_fn_0057BE60,0x0057BE60,0x0057BE78,24
xmen_fn_0057BE78,0x0057BE78,0x0057BE90,24
xmen_fn_0057BE90,0x0057BE90,0x0057BEA8,24
xmen_fn_0057BEA8,0x0057BEA8,0x0057BED8,48
xmen_fn_0057BED8,0x0057BED8,0x0057BF08,48
xmen_fn_0057BF08,0x0057BF08,0x0057BF38,48
xmen_fn_0057BF38,0x0057BF38,0x0057BF50,24
xmen_fn_0057BF50,0x0057BF50,0x0057BF80,48
xmen_fn_0057BF80,0x0057BF80,0x0057BF98,24
xmen_fn_0057BF98,0x0057BF98,0x0057BFC8,48
xmen_fn_0057BFC8,0x0057BFC8,0x0057C020,88
xmen_fn_0057C020,0x0057C020,0x0057C100,224
xmen_fn_0057C100,0x0057C100,0x0057C108,8
xmen_fn_0057C108,0x0057C108,0x0057C120,24
xmen_fn_0057C120,0x0057C120,0x0057C190,112
xmen_fn_0057C190,0x0057C190,0x0057C1B0,32
xmen_fn_0057C1B0,0x0057C1B0,0x0057C1D0,32
xmen_fn_0057C1D0,0x0057C1D0,0x0057C430,608
xmen_fn_0057C430,0x0057C430,0x0057C620,496
xmen_fn_0057C620,0x0057C620,0x0057C808,488
xmen_fn_0057C808,0x0057C808,0x0057C8A0,152
xmen_fn_0057C8A0,0x0057C8A0,0x0057C8B0,16
xmen_fn_0057C8B0,0x0057C8B0,0x0057C8C0,16
xmen_fn_0057C8C0,0x0057C8C0,0x0057C8D8,24
xmen_fn_0057C8D8,0x0057C8D8,0x0057C950,120
xmen_fn_0057C950,0x0057C950,0x0057C9F0,160
xmen_fn_0057C9F0,0x0057C9F0,0x0057CA28,56
xmen_fn_0057CA28,0x0057CA28,0x0057CA38,16
xmen_fn_0057CA38,0x0057CA38,0x0057CA90,88
xmen_fn_0057CA90,0x0057CA90,0x0057CAA0,16
xmen_fn_0057CAA0,0x0057CAA0,0x0057CB88,232
xmen_fn_0057CB88,0x0057CB88,0x0057CC20,152
xmen_fn_0057CC20,0x0057CC20,0x0057CC58,56
xmen_fn_0057CC58,0x0057CC58,0x0057CC68,16
xmen_fn_0057CC68,0x0057CC68,0x0057CDD8,368
xmen_fn_0057CDD8,0x0057CDD8,0x0057D038,608
xmen_fn_0057D038,0x0057D038,0x0057D2C0,648
xmen_fn_0057D2C0,0x0057D2C0,0x0057D480,448
xmen_fn_0057D480,0x0057D480,0x0057D5B0,304
xmen_fn_0057D5B0,0x0057D5B0,0x0057D660,176
xmen_fn_0057D660,0x0057D660,0x0057D760,256
xmen_fn_0057D760,0x0057D760,0x0057DEB8,1880
xmen_fn_0057DEB8,0x0057DEB8,0x0057DEE8,48
xmen_fn_0057DEE8,0x0057DEE8,0x0057DF18,48
xmen_fn_0057DF18,0x0057DF18,0x0057E0E8,464
xmen_fn_0057E0E8,0x0057E0E8,0x0057E158,112
xmen_fn_0057E158,0x0057E158,0x0057E280,296
xmen_fn_0057E280,0x0057E280,0x0057E290,16
xmen_fn_0057E290,0x0057E290,0x0057E2A0,16
xmen_fn_0057E2A0,0x0057E2A0,0x0057E320,128
xmen_fn_0057E320,0x0057E320,0x0057E4C8,424
xmen_fn_0057E4C8,0x0057E4C8,0x0057E7E0,792
xmen_fn_0057E7E0,0x0057E7E0,0x0057E820,64
xmen_fn_0057E820,0x0057E820,0x0057E8B0,144
xmen_fn_0057E8B0,0x0057E8B0,0x0057E8E8,56
xmen_fn_0057E8E8,0x0057E8E8,0x0057E8F0,8
xmen_fn_0057E8F0,0x0057E8F0,0x0057E9F8,264
xmen_fn_0057E9F8,0x0057E9F8,0x0057EAC8,208
xmen_fn_0057EAC8,0x0057EAC8,0x0057EB98,208
xmen_fn_0057EB98,0x0057EB98,0x0057EBE0,72
xmen_fn_0057EBE0,0x0057EBE0,0x0057EC38,88
xmen_fn_0057EC38,0x0057EC38,0x0057ECB0,120
xmen_fn_0057ECB0,0x0057ECB0,0x0057ECE8,56
xmen_fn_0057ECE8,0x0057ECE8,0x0057ED28,64
xmen_fn_0057ED28,0x0057ED28,0x0057ED80,88
xmen_fn_0057ED80,0x0057ED80,0x0057ED88,8
xmen_fn_0057ED88,0x0057ED88,0x0057EDA8,32
xmen_fn_0057EDA8,0x0057EDA8,0x0057EDC0,24
xmen_fn_0057EDC0,0x0057EDC0,0x0057EDF8,56
xmen_fn_0057EDF8,0x0057EDF8,0x0057EE38,64
xmen_fn_0057EE38,0x0057EE38,0x0057EE80,72
xmen_fn_0057EE80,0x0057EE80,0x0057EEE8,104
xmen_fn_0057EEE8,0x0057EEE8,0x0057EF38,80
xmen_fn_0057EF38,0x0057EF38,0x0057EF48,16
xmen_fn_0057EF48,0x0057EF48,0x0057EF60,24
xmen_fn_0057EF60,0x0057EF60,0x0057EF78,24
xmen_fn_0057EF78,0x0057EF78,0x0057F2B8,832
xmen_fn_0057F2B8,0x0057F2B8,0x0057F488,464
xmen_fn_0057F488,0x0057F488,0x0057F558,208
xmen_fn_0057F558,0x0057F558,0x0057F568,16
xmen_fn_0057F568,0x0057F568,0x0057F580,24
xmen_fn_0057F580,0x0057F580,0x0057F588,8
xmen_fn_0057F588,0x0057F588,0x0057F590,8
xmen_fn_0057F590,0x0057F590,0x0057F668,216
xmen_fn_0057F668,0x0057F668,0x0057F730,200
xmen_fn_0057F730,0x0057F730,0x0057F7D0,160
xmen_fn_0057F7D0,0x0057F7D0,0x0057FB70,928
xmen_fn_0057FB70,0x0057FB70,0x0057FE38,712
xmen_fn_0057FE38,0x0057FE38,0x005801A0,872
xmen_fn_005801A0,0x005801A0,0x005801C8,40
xmen_fn_005801C8,0x005801C8,0x005801F0,40
xmen_fn_005801F0,0x005801F0,0x00580218,40
xmen_fn_00580218,0x00580218,0x00580468,592
xmen_fn_00580468,0x00580468,0x00580558,240
xmen_fn_00580558,0x00580558,0x00580628,208
xmen_fn_00580628,0x00580628,0x005806B0,136
xmen_fn_005806B0,0x005806B0,0x00580750,160
xmen_fn_00580750,0x00580750,0x00580810,192
xmen_fn_00580810,0x00580810,0x00580940,304
xmen_fn_00580940,0x00580940,0x00580A68,296
xmen_fn_00580A68,0x00580A68,0x00580A80,24
xmen_fn_00580A80,0x00580A80,0x00580DC8,840
xmen_fn_00580DC8,0x00580DC8,0x00580E18,80
xmen_fn_00580E18,0x00580E18,0x00580E68,80
xmen_fn_00580E68,0x00580E68,0x005811C8,864
xmen_fn_005811C8,0x005811C8,0x005811D8,16
xmen_fn_005811D8,0x005811D8,0x005813F8,544
xmen_fn_005813F8,0x005813F8,0x005815B8,448
xmen_fn_005815B8,0x005815B8,0x005815F8,64
xmen_fn_005815F8,0x005815F8,0x005816E0,232
xmen_fn_005816E0,0x005816E0,0x00581840,352
xmen_fn_00581840,0x00581840,0x00581970,304
xmen_fn_00581970,0x00581970,0x005819D0,96
xmen_fn_005819D0,0x005819D0,0x005819D8,8
xmen_fn_005819D8,0x005819D8,0x00581A48,112
xmen_fn_00581A48,0x00581A48,0x00581B30,232
xmen_fn_00581B30,0x00581B30,0x00581B38,8
xmen_fn_00581B38,0x00581B38,0x00581BC8,144
xmen_fn_00581BC8,0x00581BC8,0x00581C60,152
xmen_fn_00581C60,0x00581C60,0x00581FA8,840
xmen_fn_00581FA8,0x00581FA8,0x00582590,1512
xmen_fn_00582590,0x00582590,0x00582A40,1200
xmen_fn_00582A40,0x00582A40,0x00582E60,1056
xmen_fn_00582E60,0x00582E60,0x00582FD8,376
xmen_fn_00582FD8,0x00582FD8,0x00583090,184
xmen_fn_00583090,0x00583090,0x00583298,520
xmen_fn_00583298,0x00583298,0x005832A0,8
xmen_fn_005832A0,0x005832A0,0x00583660,960
xmen_fn_00583660,0x00583660,0x005836F8,152
xmen_fn_005836F8,0x005836F8,0x00583830,312
xmen_fn_00583830,0x00583830,0x00583858,40
xmen_fn_00583858,0x00583858,0x00583880,40
xmen_fn_00583880,0x00583880,0x00583950,208
xmen_fn_00583950,0x00583950,0x00583978,40
xmen_fn_00583978,0x00583978,0x005839A0,40
xmen_fn_005839A0,0x005839A0,0x005839C8,40
xmen_fn_005839C8,0x005839C8,0x005839F8,48
xmen_fn_005839F8,0x005839F8,0x00583A38,64
xmen_fn_00583A38,0x00583A38,0x00583A40,8
xmen_fn_00583A40,0x00583A40,0x00583A70,48
xmen_fn_00583A70,0x00583A70,0x00583AA0,48
xmen_fn_00583AA0,0x00583AA0,0x00583AF0,80
xmen_fn_00583AF0,0x00583AF0,0x00583B18,40
xmen_fn_00583B18,0x00583B18,0x00583B30,24
xmen_fn_00583B30,0x00583B30,0x00583B38,8
xmen_fn_00583B38,0x00583B38,0x00583B48,16
xmen_fn_00583B48,0x00583B48,0x00583CD0,392
xmen_fn_00583CD0,0x00583CD0,0x00583EC8,504
xmen_fn_00583EC8,0x00583EC8,0x00583F58,144
xmen_fn_00583F58,0x00583F58,0x00584030,216
xmen_fn_00584030,0x00584030,0x005840C8,152
xmen_fn_005840C8,0x005840C8,0x00584200,312
xmen_fn_00584200,0x00584200,0x005842C8,200
xmen_fn_005842C8,0x005842C8,0x00584348,128
xmen_fn_00584348,0x00584348,0x00584358,16
xmen_fn_00584358,0x00584358,0x00584400,168
xmen_fn_00584400,0x00584400,0x00584528,296
xmen_fn_00584528,0x00584528,0x00584590,104
xmen_fn_00584590,0x00584590,0x005845A0,16
xmen_fn_005845A0,0x005845A0,0x005846E8,328
xmen_fn_005846E8,0x005846E8,0x00584750,104
xmen_fn_00584750,0x00584750,0x005847C8,120
xmen_fn_005847C8,0x005847C8,0x00584830,104
xmen_fn_00584830,0x00584830,0x00584898,104
xmen_fn_00584898,0x00584898,0x005849C0,296
xmen_fn_005849C0,0x005849C0,0x00584A20,96
xmen_fn_00584A20,0x00584A20,0x00584A88,104
xmen_fn_00584A88,0x00584A88,0x00585550,2760
xmen_fn_00585550,0x00585550,0x00585A68,1304
xmen_fn_00585A68,0x00585A68,0x00585AB8,80
xmen_fn_00585AB8,0x00585AB8,0x00585DE0,808
xmen_fn_00585DE0,0x00585DE0,0x00585E10,48
xmen_fn_00585E10,0x00585E10,0x00585E98,136
xmen_fn_00585E98,0x00585E98,0x00585F38,160
xmen_fn_00585F38,0x00585F38,0x00586028,240
xmen_fn_00586028,0x00586028,0x005860D8,176
xmen_fn_005860D8,0x005860D8,0x005860E0,8
xmen_fn_005860E0,0x005860E0,0x00586110,48
xmen_fn_00586110,0x00586110,0x00586138,40
xmen_fn_00586138,0x00586138,0x00586208,208
xmen_fn_00586208,0x00586208,0x00586338,304
xmen_fn_00586338,0x00586338,0x005863A0,104
xmen_fn_005863A0,0x005863A0,0x005864B0,272
xmen_fn_005864B0,0x005864B0,0x00586680,464
xmen_fn_00586680,0x00586680,0x00586860,480
xmen_fn_00586860,0x00586860,0x00586970,272
xmen_fn_00586970,0x00586970,0x00586AC8,344
xmen_fn_00586AC8,0x00586AC8,0x00586BA8,224
xmen_fn_00586BA8,0x00586BA8,0x00586CE8,320
xmen_fn_00586CE8,0x00586CE8,0x00586DD0,232
xmen_fn_00586DD0,0x00586DD0,0x00586E08,56
xmen_fn_00586E08,0x00586E08,0x00586EC8,192
xmen_fn_00586EC8,0x00586EC8,0x00586F80,184
xmen_fn_00586F80,0x00586F80,0x00586FF8,120
xmen_fn_00586FF8,0x00586FF8,0x00587060,104
xmen_fn_00587060,0x00587060,0x005870B8,88
xmen_fn_005870B8,0x005870B8,0x00587130,120
xmen_fn_00587130,0x00587130,0x005874B0,896
xmen_fn_005874B0,0x005874B0,0x005874B8,8
xmen_fn_005874B8,0x005874B8,0x00587598,224
xmen_fn_00587598,0x00587598,0x00587688,240
xmen_fn_00587688,0x00587688,0x005876B0,40
xmen_fn_005876B0,0x005876B0,0x005876C0,16
xmen_fn_005876C0,0x005876C0,0x005878A0,480
xmen_fn_005878A0,0x005878A0,0x00587910,112
xmen_fn_00587910,0x00587910,0x00587A30,288
xmen_fn_00587A30,0x00587A30,0x00587BC8,408
xmen_fn_00587BC8,0x00587BC8,0x00587C30,104
xmen_fn_00587C30,0x00587C30,0x00587C40,16
xmen_fn_00587C40,0x00587C40,0x00587C50,16
xmen_fn_00587C50,0x00587C50,0x00587DB0,352
xmen_fn_00587DB0,0x00587DB0,0x00587EA0,240
xmen_fn_00587EA0,0x00587EA0,0x00587F18,120
xmen_fn_00587F18,0x00587F18,0x00588020,264
xmen_fn_00588020,0x00588020,0x005880B0,144
xmen_fn_005880B0,0x005880B0,0x005880E0,48
xmen_fn_005880E0,0x005880E0,0x00588188,168
xmen_fn_00588188,0x00588188,0x00588250,200
xmen_fn_00588250,0x00588250,0x005882E0,144
xmen_fn_005882E0,0x005882E0,0x005884B0,464
xmen_fn_005884B0,0x005884B0,0x005884E8,56
xmen_fn_005884E8,0x005884E8,0x00588960,1144
xmen_fn_00588960,0x00588960,0x00588A60,256
xmen_fn_00588A60,0x00588A60,0x00588BE8,392
xmen_fn_00588BE8,0x00588BE8,0x00588BF8,16
xmen_fn_00588BF8,0x00588BF8,0x00588C18,32
xmen_fn_00588C18,0x00588C18,0x00588C20,8
xmen_fn_00588C20,0x00588C20,0x00588D00,224
xmen_fn_00588D00,0x00588D00,0x00588DA8,168
xmen_fn_00588DA8,0x00588DA8,0x00588DE0,56
xmen_fn_00588DE0,0x00588DE0,0x00588E38,88
xmen_fn_00588E38,0x00588E38,0x00588ED0,152
xmen_fn_00588ED0,0x00588ED0,0x00589068,408
xmen_fn_00589068,0x00589068,0x005891F0,392
xmen_fn_005891F0,0x005891F0,0x005893C8,472
xmen_fn_005893C8,0x005893C8,0x00589490,200
xmen_fn_00589490,0x00589490,0x005894B8,40
xmen_fn_005894B8,0x005894B8,0x005894F8,64
xmen_fn_005894F8,0x005894F8,0x005895E8,240
xmen_fn_005895E8,0x005895E8,0x005896D8,240
xmen_fn_005896D8,0x005896D8,0x00589888,432
xmen_fn_00589888,0x00589888,0x00589A18,400
xmen_fn_00589A18,0x00589A18,0x00589A38,32
xmen_fn_00589A38,0x00589A38,0x00589B28,240
xmen_fn_00589B28,0x00589B28,0x00589BC0,152
xmen_fn_00589BC0,0x00589BC0,0x00589BF0,48
xmen_fn_00589BF0,0x00589BF0,0x00589C20,48
xmen_fn_00589C20,0x00589C20,0x00589CD8,184
xmen_fn_00589CD8,0x00589CD8,0x00589D38,96
xmen_fn_00589D38,0x00589D38,0x00589E00,200
xmen_fn_00589E00,0x00589E00,0x00589F58,344
xmen_fn_00589F58,0x00589F58,0x0058A150,504
xmen_fn_0058A150,0x0058A150,0x0058A1D8,136
xmen_fn_0058A1D8,0x0058A1D8,0x0058A210,56
xmen_fn_0058A210,0x0058A210,0x0058A6C8,1208
xmen_fn_0058A6C8,0x0058A6C8,0x0058A7D0,264
xmen_fn_0058A7D0,0x0058A7D0,0x0058A860,144
xmen_fn_0058A860,0x0058A860,0x0058A878,24
xmen_fn_0058A878,0x0058A878,0x0058A898,32
xmen_fn_0058A898,0x0058A898,0x0058A8C8,48
xmen_fn_0058A8C8,0x0058A8C8,0x0058A8E8,32
xmen_fn_0058A8E8,0x0058A8E8,0x0058A9E0,248
xmen_fn_0058A9E0,0x0058A9E0,0x0058AA50,112
xmen_fn_0058AA50,0x0058AA50,0x0058AAA8,88
xmen_fn_0058AAA8,0x0058AAA8,0x0058ABC0,280
xmen_fn_0058ABC0,0x0058ABC0,0x0058ABD8,24
xmen_fn_0058ABD8,0x0058ABD8,0x0058AC30,88
xmen_fn_0058AC30,0x0058AC30,0x0058ACC8,152
xmen_fn_0058ACC8,0x0058ACC8,0x0058AE68,416
xmen_fn_0058AE68,0x0058AE68,0x0058AFC8,352
xmen_fn_0058AFC8,0x0058AFC8,0x0058B1B8,496
xmen_fn_0058B1B8,0x0058B1B8,0x0058B3E8,560
xmen_fn_0058B3E8,0x0058B3E8,0x0058B410,40
xmen_fn_0058B410,0x0058B410,0x0058B460,80
xmen_fn_0058B460,0x0058B460,0x0058B610,432
xmen_fn_0058B610,0x0058B610,0x0058B640,48
xmen_fn_0058B640,0x0058B640,0x0058B6D0,144
xmen_fn_0058B6D0,0x0058B6D0,0x0058B778,168
xmen_fn_0058B778,0x0058B778,0x0058B7D8,96
xmen_fn_0058B7D8,0x0058B7D8,0x0058B8E0,264
xmen_fn_0058B8E0,0x0058B8E0,0x0058B930,80
xmen_fn_0058B930,0x0058B930,0x0058B938,8
xmen_fn_0058B938,0x0058B938,0x0058B960,40
xmen_fn_0058B960,0x0058B960,0x0058BAF8,408
xmen_fn_0058BAF8,0x0058BAF8,0x0058BB38,64
xmen_fn_0058BB38,0x0058BB38,0x0058BBA0,104
xmen_fn_0058BBA0,0x0058BBA0,0x0058BC68,200
xmen_fn_0058BC68,0x0058BC68,0x0058BCC8,96
xmen_fn_0058BCC8,0x0058BCC8,0x0058BCF8,48
xmen_fn_0058BCF8,0x0058BCF8,0x0058BF80,648
xmen_fn_0058BF80,0x0058BF80,0x0058BFE8,104
xmen_fn_0058BFE8,0x0058BFE8,0x0058C058,112
xmen_fn_0058C058,0x0058C058,0x0058C090,56
xmen_fn_0058C090,0x0058C090,0x0058C0C0,48
xmen_fn_0058C0C0,0x0058C0C0,0x0058C0E0,32
xmen_fn_0058C0E0,0x0058C0E0,0x0058C0F8,24
xmen_fn_0058C0F8,0x0058C0F8,0x0058C120,40
xmen_fn_0058C120,0x0058C120,0x0058C1B0,144
xmen_fn_0058C1B0,0x0058C1B0,0x0058C1B8,8
xmen_fn_0058C1B8,0x0058C1B8,0x0058C1C0,8
xmen_fn_0058C1C0,0x0058C1C0,0x0058C240,128
xmen_fn_0058C240,0x0058C240,0x0058C428,488
xmen_fn_0058C428,0x0058C428,0x0058C4D8,176
xmen_fn_0058C4D8,0x0058C4D8,0x0058C5E0,264
xmen_fn_0058C5E0,0x0058C5E0,0x0058C6B0,208
xmen_fn_0058C6B0,0x0058C6B0,0x0058C6C8,24
xmen_fn_0058C6C8,0x0058C6C8,0x0058C6E0,24
xmen_fn_0058C6E0,0x0058C6E0,0x0058C720,64
xmen_fn_0058C720,0x0058C720,0x0058C738,24
xmen_fn_0058C738,0x0058C738,0x0058C768,48
xmen_fn_0058C768,0x0058C768,0x0058C798,48
xmen_fn_0058C798,0x0058C798,0x0058C7D8,64
xmen_fn_0058C7D8,0x0058C7D8,0x0058C808,48
xmen_fn_0058C808,0x0058C808,0x0058C820,24
xmen_fn_0058C820,0x0058C820,0x0058C868,72
xmen_fn_0058C868,0x0058C868,0x0058C968,256
xmen_fn_0058C968,0x0058C968,0x0058C998,48
xmen_fn_0058C998,0x0058C998,0x0058C9E8,80
xmen_fn_0058C9E8,0x0058C9E8,0x0058CA88,160
xmen_fn_0058CA88,0x0058CA88,0x0058CC58,464
xmen_fn_0058CC58,0x0058CC58,0x0058CDF8,416
xmen_fn_0058CDF8,0x0058CDF8,0x0058CE48,80
xmen_fn_0058CE48,0x0058CE48,0x0058CF38,240
xmen_fn_0058CF38,0x0058CF38,0x0058CFC0,136
xmen_fn_0058CFC0,0x0058CFC0,0x0058D0F8,312
xmen_fn_0058D0F8,0x0058D0F8,0x0058D378,640
xmen_fn_0058D378,0x0058D378,0x0058D670,760
xmen_fn_0058D670,0x0058D670,0x0058D750,224
xmen_fn_0058D750,0x0058D750,0x0058D7C8,120
xmen_fn_0058D7C8,0x0058D7C8,0x0058DE18,1616
xmen_fn_0058DE18,0x0058DE18,0x0058DE58,64
xmen_fn_0058DE58,0x0058DE58,0x0058E470,1560
xmen_fn_0058E470,0x0058E470,0x0058E4E8,120
xmen_fn_0058E4E8,0x0058E4E8,0x0058E510,40
xmen_fn_0058E510,0x0058E510,0x0058E5E0,208
xmen_fn_0058E5E0,0x0058E5E0,0x0058E910,816
xmen_fn_0058E910,0x0058E910,0x0058EAD0,448
xmen_fn_0058EAD0,0x0058EAD0,0x0058EAF8,40
xmen_fn_0058EAF8,0x0058EAF8,0x0058EB10,24
xmen_fn_0058EB10,0x0058EB10,0x0058EB48,56
xmen_fn_0058EB48,0x0058EB48,0x0058EB60,24
xmen_fn_0058EB60,0x0058EB60,0x0058EB88,40
xmen_fn_0058EB88,0x0058EB88,0x0058EBA0,24
xmen_fn_0058EBA0,0x0058EBA0,0x0058EBF0,80
xmen_fn_0058EBF0,0x0058EBF0,0x0058EC40,80
xmen_fn_0058EC40,0x0058EC40,0x0058EC90,80
xmen_fn_0058EC90,0x0058EC90,0x0058EDA8,280
xmen_fn_0058EDA8,0x0058EDA8,0x0058F128,896
xmen_fn_0058F128,0x0058F128,0x0058F188,96
xmen_fn_0058F188,0x0058F188,0x0058F1D8,80
xmen_fn_0058F1D8,0x0058F1D8,0x0058F320,328
xmen_fn_0058F320,0x0058F320,0x0058F8E8,1480
xmen_fn_0058F8E8,0x0058F8E8,0x0058F8F0,8
xmen_fn_0058F8F0,0x0058F8F0,0x0058F8F8,8
xmen_fn_0058F8F8,0x0058F8F8,0x0058F918,32
xmen_fn_0058F918,0x0058F918,0x0058F950,56
xmen_fn_0058F950,0x0058F950,0x0058F9A0,80
xmen_fn_0058F9A0,0x0058F9A0,0x0058F9F0,80
xmen_fn_0058F9F0,0x0058F9F0,0x0058FB28,312
xmen_fn_0058FB28,0x0058FB28,0x00590110,1512
xmen_fn_00590110,0x00590110,0x00590208,248
xmen_fn_00590208,0x00590208,0x00590318,272
xmen_fn_00590318,0x00590318,0x00590350,56
xmen_fn_00590350,0x00590350,0x005904C8,376
xmen_fn_005904C8,0x005904C8,0x00590520,88
xmen_fn_00590520,0x00590520,0x00590700,480
xmen_fn_00590700,0x00590700,0x005907B8,184
xmen_fn_005907B8,0x005907B8,0x00590BB0,1016
xmen_fn_00590BB0,0x00590BB0,0x00590D48,408
xmen_fn_00590D48,0x00590D48,0x00590DC0,120
xmen_fn_00590DC0,0x00590DC0,0x00590EB8,248
xmen_fn_00590EB8,0x00590EB8,0x00591000,328
xmen_fn_00591000,0x00591000,0x00591018,24
xmen_fn_00591018,0x00591018,0x00591030,24
xmen_fn_00591030,0x00591030,0x00591048,24
xmen_fn_00591048,0x00591048,0x00591060,24
xmen_fn_00591060,0x00591060,0x00591078,24
xmen_fn_00591078,0x00591078,0x005910A8,48
xmen_fn_005910A8,0x005910A8,0x005910D8,48
xmen_fn_005910D8,0x005910D8,0x00591130,88
xmen_fn_00591130,0x00591130,0x005911D8,168
xmen_fn_005911D8,0x005911D8,0x00591298,192
xmen_fn_00591298,0x00591298,0x00591440,424
xmen_fn_00591440,0x00591440,0x00591510,208
xmen_fn_00591510,0x00591510,0x00591588,120
xmen_fn_00591588,0x00591588,0x00591648,192
xmen_fn_00591648,0x00591648,0x00591720,216
xmen_fn_00591720,0x00591720,0x00591738,24
xmen_fn_00591738,0x00591738,0x005918C0,392
xmen_fn_005918C0,0x005918C0,0x005918D8,24
xmen_fn_005918D8,0x005918D8,0x005918F0,24
xmen_fn_005918F0,0x005918F0,0x00591920,48
xmen_fn_00591920,0x00591920,0x00591938,24
xmen_fn_00591938,0x00591938,0x00591950,24
xmen_fn_00591950,0x00591950,0x00591968,24
xmen_fn_00591968,0x00591968,0x005919A8,64
xmen_fn_005919A8,0x005919A8,0x00591A28,128
xmen_fn_00591A28,0x00591A28,0x00591A68,64
xmen_fn_00591A68,0x00591A68,0x00591AC0,88
xmen_fn_00591AC0,0x00591AC0,0x00592860,3488
xmen_fn_00592860,0x00592860,0x00592890,48
xmen_fn_00592890,0x00592890,0x00592990,256
xmen_fn_00592990,0x00592990,0x00592A30,160
xmen_fn_00592A30,0x00592A30,0x00592BC0,400
xmen_fn_00592BC0,0x00592BC0,0x00592C90,208
xmen_fn_00592C90,0x00592C90,0x00592E70,480
xmen_fn_00592E70,0x00592E70,0x00593B80,3344
xmen_fn_00593B80,0x00593B80,0x00593C30,176
xmen_fn_00593C30,0x00593C30,0x00594DB0,4480
xmen_fn_00594DB0,0x00594DB0,0x00594DF0,64
xmen_fn_00594DF0,0x00594DF0,0x00594E40,80
xmen_fn_00594E40,0x00594E40,0x00594EA0,96
xmen_fn_00594EA0,0x00594EA0,0x00594EF0,80
xmen_fn_00594EF0,0x00594EF0,0x00594F10,32
xmen_fn_00594F10,0x00594F10,0x00595060,336
xmen_fn_00595060,0x00595060,0x005950E0,128
xmen_fn_005950E0,0x005950E0,0x00595160,128
xmen_fn_00595160,0x00595160,0x005952F0,400
xmen_fn_005952F0,0x005952F0,0x00595330,64
xmen_fn_00595330,0x00595330,0x00595410,224
xmen_fn_00595410,0x00595410,0x005954A0,144
xmen_fn_005954A0,0x005954A0,0x005954E0,64
xmen_fn_005954E0,0x005954E0,0x005955C0,224
xmen_fn_005955C0,0x005955C0,0x00595770,432
xmen_fn_00595770,0x00595770,0x00595930,448
xmen_fn_00595930,0x00595930,0x005959B0,128
xmen_fn_005959B0,0x005959B0,0x00595A30,128
xmen_fn_00595A30,0x00595A30,0x00595DD0,928
xmen_fn_00595DD0,0x00595DD0,0x00595E10,64
xmen_fn_00595E10,0x00595E10,0x00595EF0,224
xmen_fn_00595EF0,0x00595EF0,0x00595F80,144
xmen_fn_00595F80,0x00595F80,0x005960B0,304
xmen_fn_005960B0,0x005960B0,0x005961B0,256
xmen_fn_005961B0,0x005961B0,0x00596300,336
xmen_fn_00596300,0x00596300,0x005982C0,8128
xmen_fn_005982C0,0x005982C0,0x00598690,976
xmen_fn_00598690,0x00598690,0x00598950,704
xmen_fn_00598950,0x00598950,0x005989F0,160
xmen_fn_005989F0,0x005989F0,0x00598AC0,208
xmen_fn_00598AC0,0x00598AC0,0x00598C20,352
xmen_fn_00598C20,0x00598C20,0x00598C60,64
xmen_fn_00598C60,0x00598C60,0x00598E10,432
xmen_fn_00598E10,0x00598E10,0x00598E60,80
xmen_fn_00598E60,0x00598E60,0x00599A50,3056
xmen_fn_00599A50,0x00599A50,0x00599D30,736
xmen_fn_00599D30,0x00599D30,0x0059A480,1872
xmen_fn_0059A480,0x0059A480,0x0059AA30,1456
xmen_fn_0059AA30,0x0059AA30,0x0059AA70,64
xmen_fn_0059AA70,0x0059AA70,0x0059AB00,144
xmen_fn_0059AB00,0x0059AB00,0x0059AB10,16
xmen_fn_0059AB10,0x0059AB10,0x0059ADF0,736
xmen_fn_0059ADF0,0x0059ADF0,0x0059AE10,32
xmen_fn_0059AE10,0x0059AE10,0x0059AE20,16
xmen_fn_0059AE20,0x0059AE20,0x0059C1A0,4992
xmen_fn_0059C1A0,0x0059C1A0,0x0059C1C0,32
xmen_fn_0059C1C0,0x0059C1C0,0x0059C310,336
xmen_fn_0059C310,0x0059C310,0x0059C3D0,192
xmen_fn_0059C3D0,0x0059C3D0,0x0059C3E0,16
xmen_fn_0059C3E0,0x0059C3E0,0x0059C4E0,256
xmen_fn_0059C4E0,0x0059C4E0,0x0059C990,1200
xmen_fn_0059C990,0x0059C990,0x0059C9A0,16
xmen_fn_0059C9A0,0x0059C9A0,0x0059C9B0,16
xmen_fn_0059C9B0,0x0059C9B0,0x0059C9C0,16
xmen_fn_0059C9C0,0x0059C9C0,0x0059C9D0,16
xmen_fn_0059C9D0,0x0059C9D0,0x0059CC40,624
xmen_fn_0059CC40,0x0059CC40,0x0059CD30,240
xmen_fn_0059CD30,0x0059CD30,0x0059CD50,32
xmen_fn_0059CD50,0x0059CD50,0x0059CD60,16
xmen_fn_0059CD60,0x0059CD60,0x0059CDE0,128
xmen_fn_0059CDE0,0x0059CDE0,0x0059CEC0,224
xmen_fn_0059CEC0,0x0059CEC0,0x0059CF50,144
xmen_fn_0059CF50,0x0059CF50,0x0059D130,480
xmen_fn_0059D130,0x0059D130,0x0059D210,224
xmen_fn_0059D210,0x0059D210,0x0059D310,256
xmen_fn_0059D310,0x0059D310,0x0059D470,352
xmen_fn_0059D470,0x0059D470,0x0059D480,16
xmen_fn_0059D480,0x0059D480,0x0059D490,16
xmen_fn_0059D490,0x0059D490,0x0059D4B0,32
xmen_fn_0059D4B0,0x0059D4B0,0x0059D4C0,16
xmen_fn_0059D4C0,0x0059D4C0,0x0059D560,160
xmen_fn_0059D560,0x0059D560,0x0059D650,240
xmen_fn_0059D650,0x0059D650,0x0059D670,32
xmen_fn_0059D670,0x0059D670,0x0059E1C0,2896
xmen_fn_0059E1C0,0x0059E1C0,0x0059E3B0,496
xmen_fn_0059E3B0,0x0059E3B0,0x0059E430,128
xmen_fn_0059E430,0x0059E430,0x0059E500,208
xmen_fn_0059E500,0x0059E500,0x0059E5B0,176
xmen_fn_0059E5B0,0x0059E5B0,0x0059E7F0,576
xmen_fn_0059E7F0,0x0059E7F0,0x0059EA30,576
xmen_fn_0059EA30,0x0059EA30,0x0059EC70,576
xmen_fn_0059EC70,0x0059EC70,0x0059ECD0,96
xmen_fn_0059ECD0,0x0059ECD0,0x0059EDB0,224
xmen_fn_0059EDB0,0x0059EDB0,0x0059EE00,80
xmen_fn_0059EE00,0x0059EE00,0x0059EEB0,176
xmen_fn_0059EEB0,0x0059EEB0,0x0059EF10,96
xmen_fn_0059EF10,0x0059EF10,0x0059EF30,32
xmen_fn_0059EF30,0x0059EF30,0x0059F040,272
xmen_fn_0059F040,0x0059F040,0x0059F0B0,112
xmen_fn_0059F0B0,0x0059F0B0,0x0059F100,80
xmen_fn_0059F100,0x0059F100,0x0059F150,80
xmen_fn_0059F150,0x0059F150,0x0059F200,176
xmen_fn_0059F200,0x0059F200,0x0059F210,16
xmen_fn_0059F210,0x0059F210,0x0059F260,80
xmen_fn_0059F260,0x0059F260,0x0059F2B0,80
xmen_fn_0059F2B0,0x0059F2B0,0x0059F310,96
xmen_fn_0059F310,0x0059F310,0x0059F400,240
xmen_fn_0059F400,0x0059F400,0x0059F440,64
xmen_fn_0059F440,0x0059F440,0x0059F490,80
xmen_fn_0059F490,0x0059F490,0x0059F4E0,80
xmen_fn_0059F4E0,0x0059F4E0,0x0059F590,176
xmen_fn_0059F590,0x0059F590,0x0059F5C0,48
xmen_fn_0059F5C0,0x0059F5C0,0x0059F610,80
xmen_fn_0059F610,0x0059F610,0x0059F660,80
xmen_fn_0059F660,0x0059F660,0x0059F710,176
xmen_fn_0059F710,0x0059F710,0x0059F740,48
xmen_fn_0059F740,0x0059F740,0x0059F7B0,112
xmen_fn_0059F7B0,0x0059F7B0,0x0059F8A0,240
xmen_fn_0059F8A0,0x0059F8A0,0x0059F930,144
xmen_fn_0059F930,0x0059F930,0x0059F9A0,112
xmen_fn_0059F9A0,0x0059F9A0,0x0059F9F0,80
xmen_fn_0059F9F0,0x0059F9F0,0x0059FA40,80
xmen_fn_0059FA40,0x0059FA40,0x0059FAF0,176
xmen_fn_0059FAF0,0x0059FAF0,0x0059FB50,96
xmen_fn_0059FB50,0x0059FB50,0x0059FB70,32
xmen_fn_0059FB70,0x0059FB70,0x0059FBD0,96
xmen_fn_0059FBD0,0x0059FBD0,0x0059FC20,80
xmen_fn_0059FC20,0x0059FC20,0x0059FCD0,176
xmen_fn_0059FCD0,0x0059FCD0,0x0059FD10,64
xmen_fn_0059FD10,0x0059FD10,0x0059FD60,80
xmen_fn_0059FD60,0x0059FD60,0x0059FE10,176
xmen_fn_0059FE10,0x0059FE10,0x0059FE50,64
xmen_fn_0059FE50,0x0059FE50,0x0059FEA0,80
xmen_fn_0059FEA0,0x0059FEA0,0x0059FF50,176
xmen_fn_0059FF50,0x0059FF50,0x0059FF90,64
xmen_fn_0059FF90,0x0059FF90,0x0059FFE0,80
xmen_fn_0059FFE0,0x0059FFE0,0x005A0030,80
xmen_fn_005A0030,0x005A0030,0x005A00E0,176
xmen_fn_005A00E0,0x005A00E0,0x005A0140,96
xmen_fn_005A0140,0x005A0140,0x005A0160,32
xmen_fn_005A0160,0x005A0160,0x005A0190,48
xmen_fn_005A0190,0x005A0190,0x005A01A0,16
xmen_fn_005A01A0,0x005A01A0,0x005A0270,208
xmen_fn_005A0270,0x005A0270,0x005A06B0,1088
xmen_fn_005A06B0,0x005A06B0,0x005A06C0,16
xmen_fn_005A06C0,0x005A06C0,0x005A07E0,288
xmen_fn_005A07E0,0x005A07E0,0x005A07F0,16
xmen_fn_005A07F0,0x005A07F0,0x005A0910,288
xmen_fn_005A0910,0x005A0910,0x005A0920,16
xmen_fn_005A0920,0x005A0920,0x005A0980,96
xmen_fn_005A0980,0x005A0980,0x005A0990,16
xmen_fn_005A0990,0x005A0990,0x005A0A60,208
xmen_fn_005A0A60,0x005A0A60,0x005A0AC0,96
xmen_fn_005A0AC0,0x005A0AC0,0x005A0B80,192
xmen_fn_005A0B80,0x005A0B80,0x005A0B90,16
xmen_fn_005A0B90,0x005A0B90,0x005A0C90,256
xmen_fn_005A0C90,0x005A0C90,0x005A1170,1248
xmen_fn_005A1170,0x005A1170,0x005A1190,32
xmen_fn_005A1190,0x005A1190,0x005A11A0,16
xmen_fn_005A11A0,0x005A11A0,0x005A11C0,32
xmen_fn_005A11C0,0x005A11C0,0x005A11E0,32
xmen_fn_005A11E0,0x005A11E0,0x005A13D0,496
xmen_fn_005A13D0,0x005A13D0,0x005A13F0,32
xmen_fn_005A13F0,0x005A13F0,0x005A1400,16
xmen_fn_005A1400,0x005A1400,0x005A1490,144
xmen_fn_005A1490,0x005A1490,0x005A1580,240
xmen_fn_005A1580,0x005A1580,0x005A15C0,64
xmen_fn_005A15C0,0x005A15C0,0x005A18A0,736
xmen_fn_005A18A0,0x005A18A0,0x005A18B0,16
xmen_fn_005A18B0,0x005A18B0,0x005A19B0,256
xmen_fn_005A19B0,0x005A19B0,0x005A1E60,1200
xmen_fn_005A1E60,0x005A1E60,0x005A1E70,16
xmen_fn_005A1E70,0x005A1E70,0x005A1E80,16
xmen_fn_005A1E80,0x005A1E80,0x005A1E90,16
xmen_fn_005A1E90,0x005A1E90,0x005A2290,1024
xmen_fn_005A2290,0x005A2290,0x005A22A0,16
xmen_fn_005A22A0,0x005A22A0,0x005A2320,128
xmen_fn_005A2320,0x005A2320,0x005A2400,224
xmen_fn_005A2400,0x005A2400,0x005A2480,128
xmen_fn_005A2480,0x005A2480,0x005A29B0,1328
xmen_fn_005A29B0,0x005A29B0,0x005A29D0,32
xmen_fn_005A29D0,0x005A29D0,0x005A29E0,16
xmen_fn_005A29E0,0x005A29E0,0x005A2A60,128
xmen_fn_005A2A60,0x005A2A60,0x005A2B40,224
xmen_fn_005A2B40,0x005A2B40,0x005A2B50,16
xmen_fn_005A2B50,0x005A2B50,0x005A2C50,256
xmen_fn_005A2C50,0x005A2C50,0x005A3100,1200
xmen_fn_005A3100,0x005A3100,0x005A3110,16
xmen_fn_005A3110,0x005A3110,0x005A3120,16
xmen_fn_005A3120,0x005A3120,0x005A3130,16
xmen_fn_005A3130,0x005A3130,0x005A33F0,704
xmen_fn_005A33F0,0x005A33F0,0x005A3400,16
xmen_fn_005A3400,0x005A3400,0x005A34E0,224
xmen_fn_005A34E0,0x005A34E0,0x005A35C0,224
xmen_fn_005A35C0,0x005A35C0,0x005A36F0,304
xmen_fn_005A36F0,0x005A36F0,0x005A3840,336
xmen_fn_005A3840,0x005A3840,0x005A3950,272
xmen_fn_005A3950,0x005A3950,0x005A3970,32
xmen_fn_005A3970,0x005A3970,0x005A39C0,80
xmen_fn_005A39C0,0x005A39C0,0x005A3AD0,272
xmen_fn_005A3AD0,0x005A3AD0,0x005A3C80,432
xmen_fn_005A3C80,0x005A3C80,0x005A3D40,192
xmen_fn_005A3D40,0x005A3D40,0x005A3D50,16
xmen_fn_005A3D50,0x005A3D50,0x005A3E50,256
xmen_fn_005A3E50,0x005A3E50,0x005A4330,1248
xmen_fn_005A4330,0x005A4330,0x005A4350,32
xmen_fn_005A4350,0x005A4350,0x005A4360,16
xmen_fn_005A4360,0x005A4360,0x005A4380,32
xmen_fn_005A4380,0x005A4380,0x005A4460,224
xmen_fn_005A4460,0x005A4460,0x005A4480,32
xmen_fn_005A4480,0x005A4480,0x005A4490,16
xmen_fn_005A4490,0x005A4490,0x005A4530,160
xmen_fn_005A4530,0x005A4530,0x005A4690,352
xmen_fn_005A4690,0x005A4690,0x005A4800,368
xmen_fn_005A4800,0x005A4800,0x005A4850,80
xmen_fn_005A4850,0x005A4850,0x005A4860,16
xmen_fn_005A4860,0x005A4860,0x005A48C0,96
xmen_fn_005A48C0,0x005A48C0,0x005A49B0,240
xmen_fn_005A49B0,0x005A49B0,0x005A4A90,224
xmen_fn_005A4A90,0x005A4A90,0x005A4AA0,16
xmen_fn_005A4AA0,0x005A4AA0,0x005A4B80,224
xmen_fn_005A4B80,0x005A4B80,0x005A4B90,16
xmen_fn_005A4B90,0x005A4B90,0x005A4C90,256
xmen_fn_005A4C90,0x005A4C90,0x005A4CB0,32
xmen_fn_005A4CB0,0x005A4CB0,0x005A4CC0,16
xmen_fn_005A4CC0,0x005A4CC0,0x005A4D30,112
xmen_fn_005A4D30,0x005A4D30,0x005A4DB0,128
xmen_fn_005A4DB0,0x005A4DB0,0x005A4DD0,32
xmen_fn_005A4DD0,0x005A4DD0,0x005A4DE0,16
xmen_fn_005A4DE0,0x005A4DE0,0x005A4F50,368
xmen_fn_005A4F50,0x005A4F50,0x005A5000,176
xmen_fn_005A5000,0x005A5000,0x005A5050,80
xmen_fn_005A5050,0x005A5050,0x005A5060,16
xmen_fn_005A5060,0x005A5060,0x005A50C0,96
xmen_fn_005A50C0,0x005A50C0,0x005A5190,208
xmen_fn_005A5190,0x005A5190,0x005A52D0,320
xmen_fn_005A52D0,0x005A52D0,0x005A5360,144
xmen_fn_005A5360,0x005A5360,0x005A5450,240
xmen_fn_005A5450,0x005A5450,0x005A5460,16
xmen_fn_005A5460,0x005A5460,0x005A5510,176
xmen_fn_005A5510,0x005A5510,0x005A5650,320
xmen_fn_005A5650,0x005A5650,0x005A5670,32
xmen_fn_005A5670,0x005A5670,0x005A5680,16
xmen_fn_005A5680,0x005A5680,0x005A58D0,592
xmen_fn_005A58D0,0x005A58D0,0x005A5920,80
xmen_fn_005A5920,0x005A5920,0x005A5960,64
xmen_fn_005A5960,0x005A5960,0x005A6950,4080
xmen_fn_005A6950,0x005A6950,0x005A99C0,12400
xmen_fn_005A99C0,0x005A99C0,0x005A9D50,912
xmen_fn_005A9D50,0x005A9D50,0x005A9EA0,336
xmen_fn_005A9EA0,0x005A9EA0,0x005A9F50,176
xmen_fn_005A9F50,0x005A9F50,0x005AAAA0,2896
xmen_fn_005AAAA0,0x005AAAA0,0x005AAB30,144
xmen_fn_005AAB30,0x005AAB30,0x005AAC20,240
xmen_fn_005AAC20,0x005AAC20,0x005AAD00,224
xmen_fn_005AAD00,0x005AAD00,0x005AAEF0,496
xmen_fn_005AAEF0,0x005AAEF0,0x005AB040,336
xmen_fn_005AB040,0x005AB040,0x005AB060,32
xmen_fn_005AB060,0x005AB060,0x005AB070,16
xmen_fn_005AB070,0x005AB070,0x005AD880,10256
xmen_fn_005AD880,0x005AD880,0x005AD8D0,80
xmen_fn_005AD8D0,0x005AD8D0,0x005AD920,80
xmen_fn_005AD920,0x005AD920,0x005ADC70,848
xmen_fn_005ADC70,0x005ADC70,0x005ADC80,16
xmen_fn_005ADC80,0x005ADC80,0x005ADD50,208
xmen_fn_005ADD50,0x005ADD50,0x005AE4B0,1888
xmen_fn_005AE4B0,0x005AE4B0,0x005AE590,224
xmen_fn_005AE590,0x005AE590,0x005AFFB0,6688
xmen_fn_005AFFB0,0x005AFFB0,0x005B0160,432
xmen_fn_005B0160,0x005B0160,0x005B0180,32
xmen_fn_005B0180,0x005B0180,0x005B0190,16
xmen_fn_005B0190,0x005B0190,0x005B0210,128
xmen_fn_005B0210,0x005B0210,0x005B02F0,224
xmen_fn_005B02F0,0x005B02F0,0x005B0B70,2176
xmen_fn_005B0B70,0x005B0B70,0x005B1790,3104
xmen_fn_005B1790,0x005B1790,0x005B19C0,560
xmen_fn_005B19C0,0x005B19C0,0x005B19D0,16
xmen_fn_005B19D0,0x005B19D0,0x005B1AD0,256
xmen_fn_005B1AD0,0x005B1AD0,0x005B1F90,1216
xmen_fn_005B1F90,0x005B1F90,0x005B1FA0,16
xmen_fn_005B1FA0,0x005B1FA0,0x005B1FB0,16
xmen_fn_005B1FB0,0x005B1FB0,0x005B1FC0,16
xmen_fn_005B1FC0,0x005B1FC0,0x005B1FD0,16
xmen_fn_005B1FD0,0x005B1FD0,0x005B2720,1872
xmen_fn_005B2720,0x005B2720,0x005B2970,592
xmen_fn_005B2970,0x005B2970,0x005B2C60,752
xmen_fn_005B2C60,0x005B2C60,0x005B3E40,4576
xmen_fn_005B3E40,0x005B3E40,0x005B3EB0,112
xmen_fn_005B3EB0,0x005B3EB0,0x005B3EC0,16
xmen_fn_005B3EC0,0x005B3EC0,0x005B3ED0,16
xmen_fn_005B3ED0,0x005B3ED0,0x005B3F40,112
xmen_fn_005B3F40,0x005B3F40,0x005B3F60,32
xmen_fn_005B3F60,0x005B3F60,0x005B4640,1760
xmen_fn_005B4640,0x005B4640,0x005B5250,3088
xmen_fn_005B5250,0x005B5250,0x005B5310,192
xmen_fn_005B5310,0x005B5310,0x005B5680,880
xmen_fn_005B5680,0x005B5680,0x005B6300,3200
xmen_fn_005B6300,0x005B6300,0x005B6490,400
xmen_fn_005B6490,0x005B6490,0x005B67E0,848
xmen_fn_005B67E0,0x005B67E0,0x005B6890,176
xmen_fn_005B6890,0x005B6890,0x005B6940,176
xmen_fn_005B6940,0x005B6940,0x005B6B10,464
xmen_fn_005B6B10,0x005B6B10,0x005B6CE0,464
xmen_fn_005B6CE0,0x005B6CE0,0x005B6DD0,240
xmen_fn_005B6DD0,0x005B6DD0,0x005B6E30,96
xmen_fn_005B6E30,0x005B6E30,0x005B6E90,96
xmen_fn_005B6E90,0x005B6E90,0x005B7020,400
xmen_fn_005B7020,0x005B7020,0x005B8220,4608
xmen_fn_005B8220,0x005B8220,0x005B8610,1008
xmen_fn_005B8610,0x005B8610,0x005B8640,48
xmen_fn_005B8640,0x005B8640,0x005B8670,48
xmen_fn_005B8670,0x005B8670,0x005B86A0,48
xmen_fn_005B86A0,0x005B86A0,0x005B86B0,16
xmen_fn_005B86B0,0x005B86B0,0x005B86E0,48
xmen_fn_005B86E0,0x005B86E0,0x005B8720,64
xmen_fn_005B8720,0x005B8720,0x005B8750,48
xmen_fn_005B8750,0x005B8750,0x005B8770,32
xmen_fn_005B8770,0x005B8770,0x005B87C0,80
xmen_fn_005B87C0,0x005B87C0,0x005B87D0,16
xmen_fn_005B87D0,0x005B87D0,0x005B87E0,16
xmen_fn_005B87E0,0x005B87E0,0x005B87F0,16
xmen_fn_005B87F0,0x005B87F0,0x005B8800,16
xmen_fn_005B8800,0x005B8800,0x005B8810,16
xmen_fn_005B8810,0x005B8810,0x005B8820,16
xmen_fn_005B8820,0x005B8820,0x005B8840,32
xmen_fn_005B8840,0x005B8840,0x005B8860,32
xmen_fn_005B8860,0x005B8860,0x005B8880,32
xmen_fn_005B8880,0x005B8880,0x005B8890,16
xmen_fn_005B8890,0x005B8890,0x005B88A0,16
xmen_fn_005B88A0,0x005B88A0,0x005B88D0,48
xmen_fn_005B88D0,0x005B88D0,0x005B88E0,16
xmen_fn_005B88E0,0x005B88E0,0x005B88F0,16
xmen_fn_005B88F0,0x005B88F0,0x005B8900,16
xmen_fn_005B8900,0x005B8900,0x005B89D0,208
xmen_fn_005B89D0,0x005B89D0,0x005B89E0,16
xmen_fn_005B89E0,0x005B89E0,0x005B8A10,48
xmen_fn_005B8A10,0x005B8A10,0x005B8A30,32
xmen_fn_005B8A30,0x005B8A30,0x005B8A40,16
xmen_fn_005B8A40,0x005B8A40,0x005B8AC0,128
xmen_fn_005B8AC0,0x005B8AC0,0x005B8AD0,16
xmen_fn_005B8AD0,0x005B8AD0,0x005BAAC0,8176
xmen_fn_005BAAC0,0x005BAAC0,0x005BAAD0,16
xmen_fn_005BAAD0,0x005BAAD0,0x005BAAE0,16
xmen_fn_005BAAE0,0x005BAAE0,0x005BABB0,208
xmen_fn_005BABB0,0x005BABB0,0x005BABE0,48
xmen_fn_005BABE0,0x005BABE0,0x005BADB0,464
xmen_fn_005BADB0,0x005BADB0,0x005BAE60,176
xmen_fn_005BAE60,0x005BAE60,0x005BB000,416
xmen_fn_005BB000,0x005BB000,0x005BB100,256
xmen_fn_005BB100,0x005BB100,0x005BB230,304
xmen_fn_005BB230,0x005BB230,0x005BB380,336
xmen_fn_005BB380,0x005BB380,0x005BB750,976
xmen_fn_005BB750,0x005BB750,0x005BBEF0,1952
xmen_fn_005BBEF0,0x005BBEF0,0x005BC100,528
xmen_fn_005BC100,0x005BC100,0x005BC2C0,448
xmen_fn_005BC2C0,0x005BC2C0,0x005BC2E0,32
xmen_fn_005BC2E0,0x005BC2E0,0x005BC4D0,496
xmen_fn_005BC4D0,0x005BC4D0,0x005BC4E0,16
xmen_fn_005BC4E0,0x005BC4E0,0x005BC510,48
xmen_fn_005BC510,0x005BC510,0x005BC600,240
xmen_fn_005BC600,0x005BC600,0x005BC610,16
xmen_fn_005BC610,0x005BC610,0x005BC640,48
xmen_fn_005BC640,0x005BC640,0x005BC810,464
xmen_fn_005BC810,0x005BC810,0x005BC8B0,160
xmen_fn_005BC8B0,0x005BC8B0,0x005BCDF0,1344
xmen_fn_005BCDF0,0x005BCDF0,0x005BD2F0,1280
xmen_fn_005BD2F0,0x005BD2F0,0x005BE990,5792
xmen_fn_005BE990,0x005BE990,0x005BEB30,416
xmen_fn_005BEB30,0x005BEB30,0x005BEB70,64
xmen_fn_005BEB70,0x005BEB70,0x005BEBF0,128
xmen_fn_005BEBF0,0x005BEBF0,0x005BED60,368
xmen_fn_005BED60,0x005BED60,0x005BEE50,240
xmen_fn_005BEE50,0x005BEE50,0x005BF150,768
xmen_fn_005BF150,0x005BF150,0x005BF450,768
xmen_fn_005BF450,0x005BF450,0x005BF810,960
xmen_fn_005BF810,0x005BF810,0x005BF920,272
xmen_fn_005BF920,0x005BF920,0x005BF980,96
xmen_fn_005BF980,0x005BF980,0x005BFAB0,304
xmen_fn_005BFAB0,0x005BFAB0,0x005BFB90,224
xmen_fn_005BFB90,0x005BFB90,0x005BFCC0,304
xmen_fn_005BFCC0,0x005BFCC0,0x005BFD10,80
xmen_fn_005BFD10,0x005BFD10,0x005BFDB0,160
xmen_fn_005BFDB0,0x005BFDB0,0x005C0250,1184
xmen_fn_005C0250,0x005C0250,0x005C05F0,928
xmen_fn_005C05F0,0x005C05F0,0x005C0630,64
xmen_fn_005C0630,0x005C0630,0x005C0770,320
xmen_fn_005C0770,0x005C0770,0x005C0820,176
xmen_fn_005C0820,0x005C0820,0x005C08B0,144
xmen_fn_005C08B0,0x005C08B0,0x005C0900,80
xmen_fn_005C0900,0x005C0900,0x005C09C0,192
xmen_fn_005C09C0,0x005C09C0,0x005C0A10,80
xmen_fn_005C0A10,0x005C0A10,0x005C0A60,80
xmen_fn_005C0A60,0x005C0A60,0x005C0B40,224
xmen_fn_005C0B40,0x005C0B40,0x005C0D10,464
xmen_fn_005C0D10,0x005C0D10,0x005C0D70,96
xmen_fn_005C0D70,0x005C0D70,0x005C0DC0,80
xmen_fn_005C0DC0,0x005C0DC0,0x005C0DD0,16
xmen_fn_005C0DD0,0x005C0DD0,0x005C0E30,96
xmen_fn_005C0E30,0x005C0E30,0x005C0F00,208
xmen_fn_005C0F00,0x005C0F00,0x005C0F10,16
xmen_fn_005C0F10,0x005C0F10,0x005C0F20,16
xmen_fn_005C0F20,0x005C0F20,0x005C0F50,48
xmen_fn_005C0F50,0x005C0F50,0x005C0F80,48
xmen_fn_005C0F80,0x005C0F80,0x005C0F90,16
xmen_fn_005C0F90,0x005C0F90,0x005C0FA0,16
xmen_fn_005C0FA0,0x005C0FA0,0x005C0FD0,48
xmen_fn_005C0FD0,0x005C0FD0,0x005C0FE0,16
xmen_fn_005C0FE0,0x005C0FE0,0x005C1010,48
xmen_fn_005C1010,0x005C1010,0x005C1200,496
xmen_fn_005C1200,0x005C1200,0x005C13D0,464
xmen_fn_005C13D0,0x005C13D0,0x005C1770,928
xmen_fn_005C1770,0x005C1770,0x005C17D0,96
xmen_fn_005C17D0,0x005C17D0,0x005C1900,304
xmen_fn_005C1900,0x005C1900,0x005C1CC0,960
xmen_fn_005C1CC0,0x005C1CC0,0x005C25C0,2304
xmen_fn_005C25C0,0x005C25C0,0x005C2630,112
xmen_fn_005C2630,0x005C2630,0x005C2750,288
xmen_fn_005C2750,0x005C2750,0x005C2B40,1008
xmen_fn_005C2B40,0x005C2B40,0x005C2BC0,128
xmen_fn_005C2BC0,0x005C2BC0,0x005C3890,3280
xmen_fn_005C3890,0x005C3890,0x005C38A0,16
xmen_fn_005C38A0,0x005C38A0,0x005C4300,2656
xmen_fn_005C4300,0x005C4300,0x005C4430,304
xmen_fn_005C4430,0x005C4430,0x005C4440,16
xmen_fn_005C4440,0x005C4440,0x005C4510,208
xmen_fn_005C4510,0x005C4510,0x005C4550,64
xmen_fn_005C4550,0x005C4550,0x005C45A0,80
xmen_fn_005C45A0,0x005C45A0,0x005C4650,176
xmen_fn_005C4650,0x005C4650,0x005C4660,16
xmen_fn_005C4660,0x005C4660,0x005C46C0,96
xmen_fn_005C46C0,0x005C46C0,0x005C4BF0,1328
xmen_fn_005C4BF0,0x005C4BF0,0x005C4C90,160
xmen_fn_005C4C90,0x005C4C90,0x005C4CA0,16
xmen_fn_005C4CA0,0x005C4CA0,0x005C4D50,176
xmen_fn_005C4D50,0x005C4D50,0x005C4E00,176
xmen_fn_005C4E00,0x005C4E00,0x005C4E10,16
xmen_fn_005C4E10,0x005C4E10,0x005C5240,1072
xmen_fn_005C5240,0x005C5240,0x005C54E0,672
xmen_fn_005C54E0,0x005C54E0,0x005C5700,544
xmen_fn_005C5700,0x005C5700,0x005C58D0,464
xmen_fn_005C58D0,0x005C58D0,0x005C5AC0,496
xmen_fn_005C5AC0,0x005C5AC0,0x005C5BC0,256
xmen_fn_005C5BC0,0x005C5BC0,0x005C5CD0,272
xmen_fn_005C5CD0,0x005C5CD0,0x005C5F10,576
xmen_fn_005C5F10,0x005C5F10,0x005C62F0,992
xmen_fn_005C62F0,0x005C62F0,0x005C6560,624
xmen_fn_005C6560,0x005C6560,0x005C6810,688
xmen_fn_005C6810,0x005C6810,0x005C6AB0,672
xmen_fn_005C6AB0,0x005C6AB0,0x005C7130,1664
xmen_fn_005C7130,0x005C7130,0x005C71D0,160
xmen_fn_005C71D0,0x005C71D0,0x005C7B20,2384
xmen_fn_005C7B20,0x005C7B20,0x005C7D40,544
xmen_fn_005C7D40,0x005C7D40,0x005C86B0,2416
xmen_fn_005C86B0,0x005C86B0,0x005C89E0,816
xmen_fn_005C89E0,0x005C89E0,0x005C8E80,1184
xmen_fn_005C8E80,0x005C8E80,0x005C8F20,160
xmen_fn_005C8F20,0x005C8F20,0x005C9220,768
xmen_fn_005C9220,0x005C9220,0x005C9570,848
xmen_fn_005C9570,0x005C9570,0x005C97C0,592
xmen_fn_005C97C0,0x005C97C0,0x005C9C80,1216
xmen_fn_005C9C80,0x005C9C80,0x005CA5A0,2336
xmen_fn_005CA5A0,0x005CA5A0,0x005CA700,352
xmen_fn_005CA700,0x005CA700,0x005CB260,2912
xmen_fn_005CB260,0x005CB260,0x005CB690,1072
xmen_fn_005CB690,0x005CB690,0x005CB770,224
xmen_fn_005CB770,0x005CB770,0x005CB7F0,128
xmen_fn_005CB7F0,0x005CB7F0,0x005CBA60,624
xmen_fn_005CBA60,0x005CBA60,0x005CC8D0,3696
xmen_fn_005CC8D0,0x005CC8D0,0x005CD760,3728
xmen_fn_005CD760,0x005CD760,0x005CD880,288
xmen_fn_005CD880,0x005CD880,0x005CDB00,640
xmen_fn_005CDB00,0x005CDB00,0x005CDD30,560
xmen_fn_005CDD30,0x005CDD30,0x005CE290,1376
xmen_fn_005CE290,0x005CE290,0x005CE500,624
xmen_fn_005CE500,0x005CE500,0x005CEB00,1536
xmen_fn_005CEB00,0x005CEB00,0x005CF050,1360
xmen_fn_005CF050,0x005CF050,0x005CF880,2096
xmen_fn_005CF880,0x005CF880,0x005CFBA0,800
xmen_fn_005CFBA0,0x005CFBA0,0x005CFF10,880
xmen_fn_005CFF10,0x005CFF10,0x005CFF20,16
xmen_fn_005CFF20,0x005CFF20,0x005CFF80,96
xmen_fn_005CFF80,0x005CFF80,0x005D0370,1008
xmen_fn_005D0370,0x005D0370,0x005D03B0,64
xmen_fn_005D03B0,0x005D03B0,0x005D0590,480
xmen_fn_005D0590,0x005D0590,0x005D0760,464
xmen_fn_005D0760,0x005D0760,0x005D0890,304
xmen_fn_005D0890,0x005D0890,0x005D0BF0,864
xmen_fn_005D0BF0,0x005D0BF0,0x005D1040,1104
xmen_fn_005D1040,0x005D1040,0x005D1160,288
xmen_fn_005D1160,0x005D1160,0x005D1230,208
xmen_fn_005D1230,0x005D1230,0x005D1600,976
xmen_fn_005D1600,0x005D1600,0x005D1620,32
xmen_fn_005D1620,0x005D1620,0x005D1760,320
xmen_fn_005D1760,0x005D1760,0x005D1A20,704
xmen_fn_005D1A20,0x005D1A20,0x005D1AC0,160
xmen_fn_005D1AC0,0x005D1AC0,0x005D1D30,624
xmen_fn_005D1D30,0x005D1D30,0x005D1E90,352
xmen_fn_005D1E90,0x005D1E90,0x005D1FD0,320
xmen_fn_005D1FD0,0x005D1FD0,0x005D20F0,288
xmen_fn_005D20F0,0x005D20F0,0x005D21C0,208
xmen_fn_005D21C0,0x005D21C0,0x005D22E0,288
xmen_fn_005D22E0,0x005D22E0,0x005D2470,400
xmen_fn_005D2470,0x005D2470,0x005D26B0,576
xmen_fn_005D26B0,0x005D26B0,0x005D2920,624
xmen_fn_005D2920,0x005D2920,0x005D2930,16
xmen_fn_005D2930,0x005D2930,0x005D2A50,288
xmen_fn_005D2A50,0x005D2A50,0x005D2B20,208
xmen_fn_005D2B20,0x005D2B20,0x005D2E10,752
xmen_fn_005D2E10,0x005D2E10,0x005D3150,832
xmen_fn_005D3150,0x005D3150,0x005D3400,688
xmen_fn_005D3400,0x005D3400,0x005D3A80,1664
xmen_fn_005D3A80,0x005D3A80,0x005D3B80,256
xmen_fn_005D3B80,0x005D3B80,0x005D3BE0,96
xmen_fn_005D3BE0,0x005D3BE0,0x005D3C30,80
xmen_fn_005D3C30,0x005D3C30,0x005D3C60,48
xmen_fn_005D3C60,0x005D3C60,0x005D3CC0,96
xmen_fn_005D3CC0,0x005D3CC0,0x005D3DB0,240
xmen_fn_005D3DB0,0x005D3DB0,0x005D42C0,1296
xmen_fn_005D42C0,0x005D42C0,0x005D42E0,32
xmen_fn_005D42E0,0x005D42E0,0x005D42F0,16
xmen_fn_005D42F0,0x005D42F0,0x005D4370,128
xmen_fn_005D4370,0x005D4370,0x005D47C0,1104
xmen_fn_005D47C0,0x005D47C0,0x005D47D0,16
xmen_fn_005D47D0,0x005D47D0,0x005D48D0,256
xmen_fn_005D48D0,0x005D48D0,0x005D4D80,1200
xmen_fn_005D4D80,0x005D4D80,0x005D4D90,16
xmen_fn_005D4D90,0x005D4D90,0x005D4DA0,16
xmen_fn_005D4DA0,0x005D4DA0,0x005D5360,1472
xmen_fn_005D5360,0x005D5360,0x005D53E0,128
xmen_fn_005D53E0,0x005D53E0,0x005D5450,112
xmen_fn_005D5450,0x005D5450,0x005D5540,240
xmen_fn_005D5540,0x005D5540,0x005D55C0,128
xmen_fn_005D55C0,0x005D55C0,0x005D5630,112
xmen_fn_005D5630,0x005D5630,0x005D56B0,128
xmen_fn_005D56B0,0x005D56B0,0x005D57F0,320
xmen_fn_005D57F0,0x005D57F0,0x005D5970,384
xmen_fn_005D5970,0x005D5970,0x005D5B50,480
xmen_fn_005D5B50,0x005D5B50,0x005D6DC0,4720
xmen_fn_005D6DC0,0x005D6DC0,0x005D72B0,1264
xmen_fn_005D72B0,0x005D72B0,0x005D8250,4000
xmen_fn_005D8250,0x005D8250,0x005D88E0,1680
xmen_fn_005D88E0,0x005D88E0,0x005D8FB0,1744
xmen_fn_005D8FB0,0x005D8FB0,0x005D9650,1696
xmen_fn_005D9650,0x005D9650,0x005D9BF0,1440
xmen_fn_005D9BF0,0x005D9BF0,0x005D9DE0,496
xmen_fn_005D9DE0,0x005D9DE0,0x005D9FF0,528
xmen_fn_005D9FF0,0x005D9FF0,0x005DA140,336
xmen_fn_005DA140,0x005DA140,0x005DA2A0,352
xmen_fn_005DA2A0,0x005DA2A0,0x005DABA0,2304
xmen_fn_005DABA0,0x005DABA0,0x005DC0C0,5408
xmen_fn_005DC0C0,0x005DC0C0,0x005DC100,64
xmen_fn_005DC100,0x005DC100,0x005DC270,368
xmen_fn_005DC270,0x005DC270,0x005DC380,272
xmen_fn_005DC380,0x005DC380,0x005DC4A0,288
xmen_fn_005DC4A0,0x005DC4A0,0x005DC6A0,512
xmen_fn_005DC6A0,0x005DC6A0,0x005DC8F0,592
xmen_fn_005DC8F0,0x005DC8F0,0x005DC930,64
xmen_fn_005DC930,0x005DC930,0x005DC970,64
xmen_fn_005DC970,0x005DC970,0x005DC9B0,64
xmen_fn_005DC9B0,0x005DC9B0,0x005DC9F0,64
xmen_fn_005DC9F0,0x005DC9F0,0x005DCA40,80
xmen_fn_005DCA40,0x005DCA40,0x005DCA80,64
xmen_fn_005DCA80,0x005DCA80,0x005DCAA0,32
xmen_fn_005DCAA0,0x005DCAA0,0x005DCB70,208
xmen_fn_005DCB70,0x005DCB70,0x005DCBF0,128
xmen_fn_005DCBF0,0x005DCBF0,0x005DCE60,624
xmen_fn_005DCE60,0x005DCE60,0x005DCEC0,96
xmen_fn_005DCEC0,0x005DCEC0,0x005DCF20,96
xmen_fn_005DCF20,0x005DCF20,0x005DD020,256
xmen_fn_005DD020,0x005DD020,0x005DD0D0,176
xmen_fn_005DD0D0,0x005DD0D0,0x005DD570,1184
xmen_fn_005DD570,0x005DD570,0x005DD660,240
xmen_fn_005DD660,0x005DD660,0x005DD780,288
xmen_fn_005DD780,0x005DD780,0x005DD9A0,544
xmen_fn_005DD9A0,0x005DD9A0,0x005DDBD0,560
xmen_fn_005DDBD0,0x005DDBD0,0x005DDBE0,16
xmen_fn_005DDBE0,0x005DDBE0,0x005DDBF0,16
xmen_fn_005DDBF0,0x005DDBF0,0x005DDD50,352
xmen_fn_005DDD50,0x005DDD50,0x005DDD70,32
xmen_fn_005DDD70,0x005DDD70,0x005DDE40,208
xmen_fn_005DDE40,0x005DDE40,0x005DE0B0,624
xmen_fn_005DE0B0,0x005DE0B0,0x005DE320,624
xmen_fn_005DE320,0x005DE320,0x005DE400,224
xmen_fn_005DE400,0x005DE400,0x005DE4F0,240
xmen_fn_005DE4F0,0x005DE4F0,0x005DE500,16
xmen_fn_005DE500,0x005DE500,0x005DE580,128
xmen_fn_005DE580,0x005DE580,0x005DE6B0,304
xmen_fn_005DE6B0,0x005DE6B0,0x005DE730,128
xmen_fn_005DE730,0x005DE730,0x005DE790,96
xmen_fn_005DE790,0x005DE790,0x005DEA60,720
xmen_fn_005DEA60,0x005DEA60,0x005DEBF0,400
xmen_fn_005DEBF0,0x005DEBF0,0x005DEC50,96
xmen_fn_005DEC50,0x005DEC50,0x005DEEC0,624
xmen_fn_005DEEC0,0x005DEEC0,0x005DEF00,64
xmen_fn_005DEF00,0x005DEF00,0x005DEF70,112
xmen_fn_005DEF70,0x005DEF70,0x005DF100,400
xmen_fn_005DF100,0x005DF100,0x005DF160,96
xmen_fn_005DF160,0x005DF160,0x005DF3D0,624
xmen_fn_005DF3D0,0x005DF3D0,0x005DF410,64
xmen_fn_005DF410,0x005DF410,0x005DF430,32
xmen_fn_005DF430,0x005DF430,0x005DF5C0,400
xmen_fn_005DF5C0,0x005DF5C0,0x005DF620,96
xmen_fn_005DF620,0x005DF620,0x005DF890,624
xmen_fn_005DF890,0x005DF890,0x005DF8D0,64
xmen_fn_005DF8D0,0x005DF8D0,0x005DF8F0,32
xmen_fn_005DF8F0,0x005DF8F0,0x005DFA80,400
xmen_fn_005DFA80,0x005DFA80,0x005DFAE0,96
xmen_fn_005DFAE0,0x005DFAE0,0x005DFD50,624
xmen_fn_005DFD50,0x005DFD50,0x005DFD90,64
xmen_fn_005DFD90,0x005DFD90,0x005DFDB0,32
xmen_fn_005DFDB0,0x005DFDB0,0x005DFF40,400
xmen_fn_005DFF40,0x005DFF40,0x005DFFA0,96
xmen_fn_005DFFA0,0x005DFFA0,0x005E0210,624
xmen_fn_005E0210,0x005E0210,0x005E0250,64
xmen_fn_005E0250,0x005E0250,0x005E0270,32
xmen_fn_005E0270,0x005E0270,0x005E0400,400
xmen_fn_005E0400,0x005E0400,0x005E0460,96
xmen_fn_005E0460,0x005E0460,0x005E06D0,624
xmen_fn_005E06D0,0x005E06D0,0x005E0710,64
xmen_fn_005E0710,0x005E0710,0x005E0730,32
xmen_fn_005E0730,0x005E0730,0x005E08C0,400
xmen_fn_005E08C0,0x005E08C0,0x005E0920,96
xmen_fn_005E0920,0x005E0920,0x005E0B90,624
xmen_fn_005E0B90,0x005E0B90,0x005E0BD0,64
xmen_fn_005E0BD0,0x005E0BD0,0x005E0BF0,32
xmen_fn_005E0BF0,0x005E0BF0,0x005E0D80,400
xmen_fn_005E0D80,0x005E0D80,0x005E0DE0,96
xmen_fn_005E0DE0,0x005E0DE0,0x005E1050,624
xmen_fn_005E1050,0x005E1050,0x005E1090,64
xmen_fn_005E1090,0x005E1090,0x005E10B0,32
xmen_fn_005E10B0,0x005E10B0,0x005E1240,400
xmen_fn_005E1240,0x005E1240,0x005E12A0,96
xmen_fn_005E12A0,0x005E12A0,0x005E1510,624
xmen_fn_005E1510,0x005E1510,0x005E1550,64
xmen_fn_005E1550,0x005E1550,0x005E1570,32
xmen_fn_005E1570,0x005E1570,0x005E1700,400
xmen_fn_005E1700,0x005E1700,0x005E1760,96
xmen_fn_005E1760,0x005E1760,0x005E19D0,624
xmen_fn_005E19D0,0x005E19D0,0x005E1A10,64
xmen_fn_005E1A10,0x005E1A10,0x005E1A30,32
xmen_fn_005E1A30,0x005E1A30,0x005E1BC0,400
xmen_fn_005E1BC0,0x005E1BC0,0x005E1C20,96
xmen_fn_005E1C20,0x005E1C20,0x005E1E90,624
xmen_fn_005E1E90,0x005E1E90,0x005E1ED0,64
xmen_fn_005E1ED0,0x005E1ED0,0x005E1EF0,32
xmen_fn_005E1EF0,0x005E1EF0,0x005E2080,400
xmen_fn_005E2080,0x005E2080,0x005E20E0,96
xmen_fn_005E20E0,0x005E20E0,0x005E2350,624
xmen_fn_005E2350,0x005E2350,0x005E2390,64
xmen_fn_005E2390,0x005E2390,0x005E23B0,32
xmen_fn_005E23B0,0x005E23B0,0x005E2540,400
xmen_fn_005E2540,0x005E2540,0x005E25A0,96
xmen_fn_005E25A0,0x005E25A0,0x005E2810,624
xmen_fn_005E2810,0x005E2810,0x005E2850,64
xmen_fn_005E2850,0x005E2850,0x005E2870,32
xmen_fn_005E2870,0x005E2870,0x005E2A00,400
xmen_fn_005E2A00,0x005E2A00,0x005E2A60,96
xmen_fn_005E2A60,0x005E2A60,0x005E2CD0,624
xmen_fn_005E2CD0,0x005E2CD0,0x005E2D10,64
xmen_fn_005E2D10,0x005E2D10,0x005E2D30,32
xmen_fn_005E2D30,0x005E2D30,0x005E2EC0,400
xmen_fn_005E2EC0,0x005E2EC0,0x005E2F20,96
xmen_fn_005E2F20,0x005E2F20,0x005E3190,624
xmen_fn_005E3190,0x005E3190,0x005E31D0,64
xmen_fn_005E31D0,0x005E31D0,0x005E31F0,32
xmen_fn_005E31F0,0x005E31F0,0x005E3380,400
xmen_fn_005E3380,0x005E3380,0x005E33E0,96
xmen_fn_005E33E0,0x005E33E0,0x005E3650,624
xmen_fn_005E3650,0x005E3650,0x005E3690,64
xmen_fn_005E3690,0x005E3690,0x005E36B0,32
xmen_fn_005E36B0,0x005E36B0,0x005E3840,400
xmen_fn_005E3840,0x005E3840,0x005E38A0,96
xmen_fn_005E38A0,0x005E38A0,0x005E3B10,624
xmen_fn_005E3B10,0x005E3B10,0x005E3B50,64
xmen_fn_005E3B50,0x005E3B50,0x005E43E0,2192
xmen_fn_005E43E0,0x005E43E0,0x005E43F0,16
xmen_fn_005E43F0,0x005E43F0,0x005E4400,16
xmen_fn_005E4400,0x005E4400,0x005E4710,784
xmen_fn_005E4710,0x005E4710,0x005E4790,128
xmen_fn_005E4790,0x005E4790,0x005E4960,464
xmen_fn_005E4960,0x005E4960,0x005E4CA0,832
xmen_fn_005E4CA0,0x005E4CA0,0x005E4CC0,32
xmen_fn_005E4CC0,0x005E4CC0,0x005E4EB0,496
xmen_fn_005E4EB0,0x005E4EB0,0x005E4F30,128
xmen_fn_005E4F30,0x005E4F30,0x005E5650,1824
xmen_fn_005E5650,0x005E5650,0x005E56D0,128
xmen_fn_005E56D0,0x005E56D0,0x005E5A10,832
xmen_fn_005E5A10,0x005E5A10,0x005E5A90,128
xmen_fn_005E5A90,0x005E5A90,0x005E5DD0,832
xmen_fn_005E5DD0,0x005E5DD0,0x005E5E50,128
xmen_fn_005E5E50,0x005E5E50,0x005E6670,2080
xmen_fn_005E6670,0x005E6670,0x005E66F0,128
xmen_fn_005E66F0,0x005E66F0,0x005E6A30,832
xmen_fn_005E6A30,0x005E6A30,0x005E6AB0,128
xmen_fn_005E6AB0,0x005E6AB0,0x005E7190,1760
xmen_fn_005E7190,0x005E7190,0x005E71D0,64
xmen_fn_005E71D0,0x005E71D0,0x005E71E0,16
xmen_fn_005E71E0,0x005E71E0,0x005E73D0,496
xmen_fn_005E73D0,0x005E73D0,0x005E7450,128
xmen_fn_005E7450,0x005E7450,0x005E7600,432
xmen_fn_005E7600,0x005E7600,0x005E78A0,672
xmen_fn_005E78A0,0x005E78A0,0x005E7920,128
xmen_fn_005E7920,0x005E7920,0x005E7A00,224
xmen_fn_005E7A00,0x005E7A00,0x005E7B90,400
xmen_fn_005E7B90,0x005E7B90,0x005E8010,1152
xmen_fn_005E8010,0x005E8010,0x005E8110,256
xmen_fn_005E8110,0x005E8110,0x005E8170,96
xmen_fn_005E8170,0x005E8170,0x005E81C0,80
xmen_fn_005E81C0,0x005E81C0,0x005E81F0,48
xmen_fn_005E81F0,0x005E81F0,0x005E8250,96
xmen_fn_005E8250,0x005E8250,0x005E8320,208
xmen_fn_005E8320,0x005E8320,0x005E8AA0,1920
xmen_fn_005E8AA0,0x005E8AA0,0x005E8AC0,32
xmen_fn_005E8AC0,0x005E8AC0,0x005E8AD0,16
xmen_fn_005E8AD0,0x005E8AD0,0x005E8B50,128
xmen_fn_005E8B50,0x005E8B50,0x005E8C30,224
xmen_fn_005E8C30,0x005E8C30,0x005E8C40,16
xmen_fn_005E8C40,0x005E8C40,0x005E8D40,256
xmen_fn_005E8D40,0x005E8D40,0x005E9200,1216
xmen_fn_005E9200,0x005E9200,0x005E9210,16
xmen_fn_005E9210,0x005E9210,0x005E9220,16
xmen_fn_005E9220,0x005E9220,0x005E9230,16
xmen_fn_005E9230,0x005E9230,0x005E9350,288
xmen_fn_005E9350,0x005E9350,0x005E94E0,400
xmen_fn_005E94E0,0x005E94E0,0x005E9760,640
xmen_fn_005E9760,0x005E9760,0x005E9C50,1264
xmen_fn_005E9C50,0x005E9C50,0x005EA0F0,1184
xmen_fn_005EA0F0,0x005EA0F0,0x005EA530,1088
xmen_fn_005EA530,0x005EA530,0x005EA840,784
xmen_fn_005EA840,0x005EA840,0x005EBE60,5664
xmen_fn_005EBE60,0x005EBE60,0x005EBF00,160
xmen_fn_005EBF00,0x005EBF00,0x005EBF20,32
xmen_fn_005EBF20,0x005EBF20,0x005EC5F0,1744
xmen_fn_005EC5F0,0x005EC5F0,0x005EC670,128
xmen_fn_005EC670,0x005EC670,0x005EC6F0,128
xmen_fn_005EC6F0,0x005EC6F0,0x005EC710,32
xmen_fn_005EC710,0x005EC710,0x005ED230,2848
xmen_fn_005ED230,0x005ED230,0x005ED380,336
xmen_fn_005ED380,0x005ED380,0x005ED480,256
xmen_fn_005ED480,0x005ED480,0x005ED650,464
xmen_fn_005ED650,0x005ED650,0x005ED680,48
xmen_fn_005ED680,0x005ED680,0x005EDD90,1808
xmen_fn_005EDD90,0x005EDD90,0x005EDDA0,16
xmen_fn_005EDDA0,0x005EDDA0,0x005EDDE0,64
xmen_fn_005EDDE0,0x005EDDE0,0x005EDDF0,16
xmen_fn_005EDDF0,0x005EDDF0,0x005EDE00,16
xmen_fn_005EDE00,0x005EDE00,0x005EE6A0,2208
xmen_fn_005EE6A0,0x005EE6A0,0x005EE700,96
xmen_fn_005EE700,0x005EE700,0x005EE7F0,240
xmen_fn_005EE7F0,0x005EE7F0,0x005EFF40,5968
xmen_fn_005EFF40,0x005EFF40,0x005F0140,512
xmen_fn_005F0140,0x005F0140,0x005F0510,976
xmen_fn_005F0510,0x005F0510,0x005F0BE0,1744
xmen_fn_005F0BE0,0x005F0BE0,0x005F0D10,304
xmen_fn_005F0D10,0x005F0D10,0x005F3A40,11568
xmen_fn_005F3A40,0x005F3A40,0x005F3CC0,640
xmen_fn_005F3CC0,0x005F3CC0,0x005F3CD0,16
xmen_fn_005F3CD0,0x005F3CD0,0x005F3CE0,16
xmen_fn_005F3CE0,0x005F3CE0,0x005F3CF0,16
xmen_fn_005F3CF0,0x005F3CF0,0x005F4820,2864
xmen_fn_005F4820,0x005F4820,0x005F48B0,144
xmen_fn_005F48B0,0x005F48B0,0x005F6770,7872
xmen_fn_005F6770,0x005F6770,0x005F6800,144
xmen_fn_005F6800,0x005F6800,0x005F6940,320
xmen_fn_005F6940,0x005F6940,0x005F6B90,592
xmen_fn_005F6B90,0x005F6B90,0x005F7090,1280
xmen_fn_005F7090,0x005F7090,0x005F7770,1760
xmen_fn_005F7770,0x005F7770,0x005F7980,528
xmen_fn_005F7980,0x005F7980,0x005F7D70,1008
xmen_fn_005F7D70,0x005F7D70,0x005F7EA0,304
xmen_fn_005F7EA0,0x005F7EA0,0x005F90E0,4672
xmen_fn_005F90E0,0x005F90E0,0x005F9330,592
xmen_fn_005F9330,0x005F9330,0x005F9C50,2336
xmen_fn_005F9C50,0x005F9C50,0x005F9CA0,80
xmen_fn_005F9CA0,0x005F9CA0,0x005FB8C0,7200
xmen_fn_005FB8C0,0x005FB8C0,0x005FBC70,944
xmen_fn_005FBC70,0x005FBC70,0x005FC2B0,1600
xmen_fn_005FC2B0,0x005FC2B0,0x005FC6D0,1056
xmen_fn_005FC6D0,0x005FC6D0,0x005FCD00,1584
xmen_fn_005FCD00,0x005FCD00,0x005FD570,2160
xmen_fn_005FD570,0x005FD570,0x005FD6C0,336
xmen_fn_005FD6C0,0x005FD6C0,0x005FDA30,880
xmen_fn_005FDA30,0x005FDA30,0x005FDD60,816
xmen_fn_005FDD60,0x005FDD60,0x005FDEC0,352
xmen_fn_005FDEC0,0x005FDEC0,0x005FE070,432
xmen_fn_005FE070,0x005FE070,0x005FE700,1680
xmen_fn_005FE700,0x005FE700,0x005FEB90,1168
xmen_fn_005FEB90,0x005FEB90,0x005FEBE0,80
xmen_fn_005FEBE0,0x005FEBE0,0x005FECE0,256
xmen_fn_005FECE0,0x005FECE0,0x005FEE40,352
xmen_fn_005FEE40,0x005FEE40,0x005FEF10,208
xmen_fn_005FEF10,0x005FEF10,0x005FF470,1376
xmen_fn_005FF470,0x005FF470,0x005FF4F0,128
xmen_fn_005FF4F0,0x005FF4F0,0x005FF560,112
xmen_fn_005FF560,0x005FF560,0x005FF5F0,144
xmen_fn_005FF5F0,0x005FF5F0,0x005FF820,560
xmen_fn_005FF820,0x005FF820,0x005FF910,240
xmen_fn_005FF910,0x005FF910,0x005FF9B0,160
xmen_fn_005FF9B0,0x005FF9B0,0x005FFA10,96
xmen_fn_005FFA10,0x005FFA10,0x005FFA80,112
xmen_fn_005FFA80,0x005FFA80,0x005FFC80,512
xmen_fn_005FFC80,0x005FFC80,0x005FFE40,448
xmen_fn_005FFE40,0x005FFE40,0x005FFF00,192
xmen_fn_005FFF00,0x005FFF00,0x00600000,256
xmen_fn_00600000,0x00600000,0x00600180,384
xmen_fn_00600180,0x00600180,0x006001A0,32
xmen_fn_006001A0,0x006001A0,0x006001E0,64
xmen_fn_006001E0,0x006001E0,0x00600240,96
xmen_fn_00600240,0x00600240,0x00600BB0,2416
xmen_fn_00600BB0,0x00600BB0,0x00600C40,144
xmen_fn_00600C40,0x00600C40,0x00600C90,80
xmen_fn_00600C90,0x00600C90,0x00600D60,208
xmen_fn_00600D60,0x00600D60,0x00600D90,48
xmen_fn_00600D90,0x00600D90,0x00600EA0,272
xmen_fn_00600EA0,0x00600EA0,0x00600ED0,48
xmen_fn_00600ED0,0x00600ED0,0x00601550,1664
xmen_fn_00601550,0x00601550,0x006015E0,144
xmen_fn_006015E0,0x006015E0,0x006017A0,448
xmen_fn_006017A0,0x006017A0,0x00601810,112
xmen_fn_00601810,0x00601810,0x00601880,112
xmen_fn_00601880,0x00601880,0x006018B0,48
xmen_fn_006018B0,0x006018B0,0x00601CE0,1072
xmen_fn_00601CE0,0x00601CE0,0x00601D20,64
xmen_fn_00601D20,0x00601D20,0x00601EE0,448
xmen_fn_00601EE0,0x00601EE0,0x00601F60,128
xmen_fn_00601F60,0x00601F60,0x00602720,1984
xmen_fn_00602720,0x00602720,0x00602730,16
xmen_fn_00602730,0x00602730,0x00602830,256
xmen_fn_00602830,0x00602830,0x00602CC0,1168
xmen_fn_00602CC0,0x00602CC0,0x00602CE0,32
xmen_fn_00602CE0,0x00602CE0,0x00602CF0,16
xmen_fn_00602CF0,0x00602CF0,0x00602DF0,256
xmen_fn_00602DF0,0x00602DF0,0x00602EB0,192
xmen_fn_00602EB0,0x00602EB0,0x00603080,464
xmen_fn_00603080,0x00603080,0x00603100,128
xmen_fn_00603100,0x00603100,0x006031D0,208
xmen_fn_006031D0,0x006031D0,0x00603290,192
xmen_fn_00603290,0x00603290,0x00603410,384
xmen_fn_00603410,0x00603410,0x00603440,48
xmen_fn_00603440,0x00603440,0x006034F0,176
xmen_fn_006034F0,0x006034F0,0x00603560,112
xmen_fn_00603560,0x00603560,0x006036E0,384
xmen_fn_006036E0,0x006036E0,0x00603890,432
xmen_fn_00603890,0x00603890,0x00603DC0,1328
xmen_fn_00603DC0,0x00603DC0,0x00603E40,128
xmen_fn_00603E40,0x00603E40,0x00603EA0,96
xmen_fn_00603EA0,0x00603EA0,0x00603EE0,64
xmen_fn_00603EE0,0x00603EE0,0x00603F10,48
xmen_fn_00603F10,0x00603F10,0x00603FA0,144
xmen_fn_00603FA0,0x00603FA0,0x00603FE0,64
xmen_fn_00603FE0,0x00603FE0,0x00604050,112
xmen_fn_00604050,0x00604050,0x006040B0,96
xmen_fn_006040B0,0x006040B0,0x00604250,416
xmen_fn_00604250,0x00604250,0x00604280,48
xmen_fn_00604280,0x00604280,0x006042E0,96
xmen_fn_006042E0,0x006042E0,0x00604350,112
xmen_fn_00604350,0x00604350,0x006044A0,336
xmen_fn_006044A0,0x006044A0,0x00604500,96
xmen_fn_00604500,0x00604500,0x00604570,112
xmen_fn_00604570,0x00604570,0x00604610,160
xmen_fn_00604610,0x00604610,0x00604930,800
xmen_fn_00604930,0x00604930,0x006049B0,128
xmen_fn_006049B0,0x006049B0,0x00604A20,112
xmen_fn_00604A20,0x00604A20,0x00604B00,224
xmen_fn_00604B00,0x00604B00,0x00604B80,128
xmen_fn_00604B80,0x00604B80,0x00604BD0,80
xmen_fn_00604BD0,0x00604BD0,0x00604CC0,240
xmen_fn_00604CC0,0x00604CC0,0x00604D90,208
xmen_fn_00604D90,0x00604D90,0x00604DF0,96
xmen_fn_00604DF0,0x00604DF0,0x00604E90,160
xmen_fn_00604E90,0x00604E90,0x00604F90,256
xmen_fn_00604F90,0x00604F90,0x00604FF0,96
xmen_fn_00604FF0,0x00604FF0,0x006052D0,736
xmen_fn_006052D0,0x006052D0,0x00605330,96
xmen_fn_00605330,0x00605330,0x006053B0,128
xmen_fn_006053B0,0x006053B0,0x006055B0,512
xmen_fn_006055B0,0x006055B0,0x00605630,128
xmen_fn_00605630,0x00605630,0x006058D0,672
xmen_fn_006058D0,0x006058D0,0x00605930,96
xmen_fn_00605930,0x00605930,0x00605D30,1024
xmen_fn_00605D30,0x00605D30,0x00605D40,16
xmen_fn_00605D40,0x00605D40,0x00605E10,208
xmen_fn_00605E10,0x00605E10,0x00605EE0,208
xmen_fn_00605EE0,0x00605EE0,0x006060E0,512
xmen_fn_006060E0,0x006060E0,0x00606130,80
xmen_fn_00606130,0x00606130,0x006065F0,1216
xmen_fn_006065F0,0x006065F0,0x00606600,16
xmen_fn_00606600,0x00606600,0x00606610,16
xmen_fn_00606610,0x00606610,0x00606620,16
xmen_fn_00606620,0x00606620,0x00606630,16
xmen_fn_00606630,0x00606630,0x00606680,80
xmen_fn_00606680,0x00606680,0x00606B60,1248
xmen_fn_00606B60,0x00606B60,0x00606B70,16
xmen_fn_00606B70,0x00606B70,0x00606B90,32
xmen_fn_00606B90,0x00606B90,0x00606BB0,32
xmen_fn_00606BB0,0x00606BB0,0x00606BD0,32
xmen_fn_00606BD0,0x00606BD0,0x00606C00,48
xmen_fn_00606C00,0x00606C00,0x00606DC0,448
xmen_fn_00606DC0,0x00606DC0,0x00606DD0,16
xmen_fn_00606DD0,0x00606DD0,0x00606ED0,256
xmen_fn_00606ED0,0x00606ED0,0x00606F00,48
xmen_fn_00606F00,0x00606F00,0x00607080,384
xmen_fn_00607080,0x00607080,0x00607090,16
xmen_fn_00607090,0x00607090,0x00607190,256
xmen_fn_00607190,0x00607190,0x006071A0,16
xmen_fn_006071A0,0x006071A0,0x006071B0,16
xmen_fn_006071B0,0x006071B0,0x006071D0,32
xmen_fn_006071D0,0x006071D0,0x00607200,48
xmen_fn_00607200,0x00607200,0x00607220,32
xmen_fn_00607220,0x00607220,0x00607270,80
xmen_fn_00607270,0x00607270,0x00607380,272
xmen_fn_00607380,0x00607380,0x00607390,16
xmen_fn_00607390,0x00607390,0x006073A0,16
xmen_fn_006073A0,0x006073A0,0x006073E0,64
xmen_fn_006073E0,0x006073E0,0x00607440,96
xmen_fn_00607440,0x00607440,0x00607510,208
xmen_fn_00607510,0x00607510,0x00607560,80
xmen_fn_00607560,0x00607560,0x00607570,16
xmen_fn_00607570,0x00607570,0x006075D0,96
xmen_fn_006075D0,0x006075D0,0x006076C0,240
xmen_fn_006076C0,0x006076C0,0x00607710,80
xmen_fn_00607710,0x00607710,0x00607750,64
xmen_fn_00607750,0x00607750,0x006077B0,96
xmen_fn_006077B0,0x006077B0,0x00607880,208
xmen_fn_00607880,0x00607880,0x006078D0,80
xmen_fn_006078D0,0x006078D0,0x00607910,64
xmen_fn_00607910,0x00607910,0x00607970,96
xmen_fn_00607970,0x00607970,0x00607A40,208
xmen_fn_00607A40,0x00607A40,0x00607A90,80
xmen_fn_00607A90,0x00607A90,0x00607AA0,16
xmen_fn_00607AA0,0x00607AA0,0x00607B00,96
xmen_fn_00607B00,0x00607B00,0x00607BF0,240
xmen_fn_00607BF0,0x00607BF0,0x00608060,1136
xmen_fn_00608060,0x00608060,0x00608110,176
xmen_fn_00608110,0x00608110,0x00608120,16
xmen_fn_00608120,0x00608120,0x00608130,16
xmen_fn_00608130,0x00608130,0x006081D0,160
xmen_fn_006081D0,0x006081D0,0x006082B0,224
xmen_fn_006082B0,0x006082B0,0x006082C0,16
xmen_fn_006082C0,0x006082C0,0x006082E0,32
xmen_fn_006082E0,0x006082E0,0x00608390,176
xmen_fn_00608390,0x00608390,0x006083A0,16
xmen_fn_006083A0,0x006083A0,0x00608520,384
xmen_fn_00608520,0x00608520,0x00608530,16
xmen_fn_00608530,0x00608530,0x00608630,256
xmen_fn_00608630,0x00608630,0x00608AF0,1216
xmen_fn_00608AF0,0x00608AF0,0x00608B00,16
xmen_fn_00608B00,0x00608B00,0x00608B10,16
xmen_fn_00608B10,0x00608B10,0x00608B20,16
xmen_fn_00608B20,0x00608B20,0x00608F50,1072
xmen_fn_00608F50,0x00608F50,0x00609020,208
xmen_fn_00609020,0x00609020,0x00609040,32
xmen_fn_00609040,0x00609040,0x00609070,48
xmen_fn_00609070,0x00609070,0x00609090,32
xmen_fn_00609090,0x00609090,0x006090E0,80
xmen_fn_006090E0,0x006090E0,0x006095A0,1216
xmen_fn_006095A0,0x006095A0,0x006095B0,16
xmen_fn_006095B0,0x006095B0,0x006095C0,16
xmen_fn_006095C0,0x006095C0,0x006095D0,16
xmen_fn_006095D0,0x006095D0,0x00609BC0,1520
xmen_fn_00609BC0,0x00609BC0,0x00609CC0,256
xmen_fn_00609CC0,0x00609CC0,0x00609E20,352
xmen_fn_00609E20,0x00609E20,0x00609E30,16
xmen_fn_00609E30,0x00609E30,0x00609E50,32
xmen_fn_00609E50,0x00609E50,0x0060A3D0,1408
xmen_fn_0060A3D0,0x0060A3D0,0x0060A3F0,32
xmen_fn_0060A3F0,0x0060A3F0,0x0060A400,16
xmen_fn_0060A400,0x0060A400,0x0060A4A0,160
xmen_fn_0060A4A0,0x0060A4A0,0x0060A5A0,256
xmen_fn_0060A5A0,0x0060A5A0,0x0060A5D0,48
xmen_fn_0060A5D0,0x0060A5D0,0x0060A5E0,16
xmen_fn_0060A5E0,0x0060A5E0,0x0060A610,48
xmen_fn_0060A610,0x0060A610,0x0060A630,32
xmen_fn_0060A630,0x0060A630,0x0060A770,320
xmen_fn_0060A770,0x0060A770,0x0060A8D0,352
xmen_fn_0060A8D0,0x0060A8D0,0x0060A8E0,16
xmen_fn_0060A8E0,0x0060A8E0,0x0060A970,144
xmen_fn_0060A970,0x0060A970,0x0060AA00,144
xmen_fn_0060AA00,0x0060AA00,0x0060AA80,128
xmen_fn_0060AA80,0x0060AA80,0x0060AAA0,32
xmen_fn_0060AAA0,0x0060AAA0,0x0060AAE0,64
xmen_fn_0060AAE0,0x0060AAE0,0x0060AAF0,16
xmen_fn_0060AAF0,0x0060AAF0,0x0060AB80,144
xmen_fn_0060AB80,0x0060AB80,0x0060AB90,16
xmen_fn_0060AB90,0x0060AB90,0x0060AC10,128
xmen_fn_0060AC10,0x0060AC10,0x0060ACF0,224
xmen_fn_0060ACF0,0x0060ACF0,0x0060AD00,16
xmen_fn_0060AD00,0x0060AD00,0x0060AE00,256
xmen_fn_0060AE00,0x0060AE00,0x0060AE10,16
xmen_fn_0060AE10,0x0060AE10,0x0060AF10,256
xmen_fn_0060AF10,0x0060AF10,0x0060B3F0,1248
xmen_fn_0060B3F0,0x0060B3F0,0x0060B410,32
xmen_fn_0060B410,0x0060B410,0x0060B420,16
xmen_fn_0060B420,0x0060B420,0x0060B440,32
xmen_fn_0060B440,0x0060B440,0x0060B970,1328
xmen_fn_0060B970,0x0060B970,0x0060B980,16
xmen_fn_0060B980,0x0060B980,0x0060BA00,128
xmen_fn_0060BA00,0x0060BA00,0x0060C240,2112
xmen_fn_0060C240,0x0060C240,0x0060C340,256
xmen_fn_0060C340,0x0060C340,0x0060C3D0,144
xmen_fn_0060C3D0,0x0060C3D0,0x0060C530,352
xmen_fn_0060C530,0x0060C530,0x0060C540,16
xmen_fn_0060C540,0x0060C540,0x0060C550,16
xmen_fn_0060C550,0x0060C550,0x0060C5F0,160
xmen_fn_0060C5F0,0x0060C5F0,0x0060CF40,2384
xmen_fn_0060CF40,0x0060CF40,0x0060D570,1584
xmen_fn_0060D570,0x0060D570,0x0060D650,224
xmen_fn_0060D650,0x0060D650,0x0060D660,16
xmen_fn_0060D660,0x0060D660,0x0060D670,16
xmen_fn_0060D670,0x0060D670,0x0060D720,176
xmen_fn_0060D720,0x0060D720,0x0060D730,16
xmen_fn_0060D730,0x0060D730,0x0060D7B0,128
xmen_fn_0060D7B0,0x0060D7B0,0x0060E260,2736
xmen_fn_0060E260,0x0060E260,0x0060E380,288
xmen_fn_0060E380,0x0060E380,0x0060E500,384
xmen_fn_0060E500,0x0060E500,0x0060E520,32
xmen_fn_0060E520,0x0060E520,0x0060E530,16
xmen_fn_0060E530,0x0060E530,0x0060E550,32
xmen_fn_0060E550,0x0060E550,0x0060EE80,2352
xmen_fn_0060EE80,0x0060EE80,0x0060F1B0,816
xmen_fn_0060F1B0,0x0060F1B0,0x0060F230,128
xmen_fn_0060F230,0x0060F230,0x0060F310,224
xmen_fn_0060F310,0x0060F310,0x0060F330,32
xmen_fn_0060F330,0x0060F330,0x0060F340,16
xmen_fn_0060F340,0x0060F340,0x0060F3D0,144
xmen_fn_0060F3D0,0x0060F3D0,0x0060F4C0,240
xmen_fn_0060F4C0,0x0060F4C0,0x006104F0,4144
xmen_fn_006104F0,0x006104F0,0x006106C0,464
xmen_fn_006106C0,0x006106C0,0x006108D0,528
xmen_fn_006108D0,0x006108D0,0x00611400,2864
xmen_fn_00611400,0x00611400,0x006117F0,1008
xmen_fn_006117F0,0x006117F0,0x00612470,3200
xmen_fn_00612470,0x00612470,0x006124A0,48
xmen_fn_006124A0,0x006124A0,0x00612840,928
xmen_fn_00612840,0x00612840,0x00612A50,528
xmen_fn_00612A50,0x00612A50,0x00612E50,1024
xmen_fn_00612E50,0x00612E50,0x00612EA0,80
xmen_fn_00612EA0,0x00612EA0,0x00613180,736
xmen_fn_00613180,0x00613180,0x006131F0,112
xmen_fn_006131F0,0x006131F0,0x006132A0,176
xmen_fn_006132A0,0x006132A0,0x006132B0,16
xmen_fn_006132B0,0x006132B0,0x006132E0,48
xmen_fn_006132E0,0x006132E0,0x006132F0,16
xmen_fn_006132F0,0x006132F0,0x00613300,16
xmen_fn_00613300,0x00613300,0x00613310,16
xmen_fn_00613310,0x00613310,0x00613470,352
xmen_fn_00613470,0x00613470,0x00613550,224
xmen_fn_00613550,0x00613550,0x006135E0,144
xmen_fn_006135E0,0x006135E0,0x00613D00,1824
xmen_fn_00613D00,0x00613D00,0x00614110,1040
xmen_fn_00614110,0x00614110,0x00614120,16
xmen_fn_00614120,0x00614120,0x00614130,16
xmen_fn_00614130,0x00614130,0x006145A0,1136
xmen_fn_006145A0,0x006145A0,0x006181E0,15424
xmen_fn_006181E0,0x006181E0,0x006181F0,16
xmen_fn_006181F0,0x006181F0,0x00618200,16
xmen_fn_00618200,0x00618200,0x00618230,48
xmen_fn_00618230,0x00618230,0x00618B70,2368
xmen_fn_00618B70,0x00618B70,0x00618EB0,832
xmen_fn_00618EB0,0x00618EB0,0x00619190,736
xmen_fn_00619190,0x00619190,0x00619220,144
xmen_fn_00619220,0x00619220,0x00619660,1088
xmen_fn_00619660,0x00619660,0x00619970,784
xmen_fn_00619970,0x00619970,0x00619980,16
xmen_fn_00619980,0x00619980,0x0061A1A0,2080
xmen_fn_0061A1A0,0x0061A1A0,0x0061A320,384
xmen_fn_0061A320,0x0061A320,0x0061A330,16
xmen_fn_0061A330,0x0061A330,0x0061A340,16
xmen_fn_0061A340,0x0061A340,0x0061A350,16
xmen_fn_0061A350,0x0061A350,0x0061A400,176
xmen_fn_0061A400,0x0061A400,0x0061BA70,5744
xmen_fn_0061BA70,0x0061BA70,0x0061BBF0,384
xmen_fn_0061BBF0,0x0061BBF0,0x0061BD40,336
xmen_fn_0061BD40,0x0061BD40,0x0061BD50,16
xmen_fn_0061BD50,0x0061BD50,0x0061BDA0,80
xmen_fn_0061BDA0,0x0061BDA0,0x0061BE00,96
xmen_fn_0061BE00,0x0061BE00,0x0061BE60,96
xmen_fn_0061BE60,0x0061BE60,0x0061CE50,4080
xmen_fn_0061CE50,0x0061CE50,0x0061CE80,48
xmen_fn_0061CE80,0x0061CE80,0x0061CEB0,48
xmen_fn_0061CEB0,0x0061CEB0,0x0061CEC0,16
xmen_fn_0061CEC0,0x0061CEC0,0x0061CED0,16
xmen_fn_0061CED0,0x0061CED0,0x0061CF10,64
xmen_fn_0061CF10,0x0061CF10,0x0061CF20,16
xmen_fn_0061CF20,0x0061CF20,0x0061CF30,16
xmen_fn_0061CF30,0x0061CF30,0x0061E020,4336
xmen_fn_0061E020,0x0061E020,0x0061E050,48
xmen_fn_0061E050,0x0061E050,0x0061E0C0,112
xmen_fn_0061E0C0,0x0061E0C0,0x0061E260,416
xmen_fn_0061E260,0x0061E260,0x0061E670,1040
xmen_fn_0061E670,0x0061E670,0x0061E740,208
xmen_fn_0061E740,0x0061E740,0x0061E850,272
xmen_fn_0061E850,0x0061E850,0x0061EFC0,1904
xmen_fn_0061EFC0,0x0061EFC0,0x0061F160,416
xmen_fn_0061F160,0x0061F160,0x0061F1D0,112
xmen_fn_0061F1D0,0x0061F1D0,0x0061F2C0,240
xmen_fn_0061F2C0,0x0061F2C0,0x0061F480,448
xmen_fn_0061F480,0x0061F480,0x0061FE90,2576
xmen_fn_0061FE90,0x0061FE90,0x0061FF00,112
xmen_fn_0061FF00,0x0061FF00,0x0061FF50,80
xmen_fn_0061FF50,0x0061FF50,0x00620000,176
xmen_fn_00620000,0x00620000,0x00620060,96
xmen_fn_00620060,0x00620060,0x00620080,32
xmen_fn_00620080,0x00620080,0x006200C0,64
xmen_fn_006200C0,0x006200C0,0x006203F0,816
xmen_fn_006203F0,0x006203F0,0x006204E0,240
xmen_fn_006204E0,0x006204E0,0x006205D0,240
xmen_fn_006205D0,0x006205D0,0x00620600,48
xmen_fn_00620600,0x00620600,0x00620680,128
xmen_fn_00620680,0x00620680,0x006206C0,64
xmen_fn_006206C0,0x006206C0,0x006207B0,240
xmen_fn_006207B0,0x006207B0,0x006208F0,320
xmen_fn_006208F0,0x006208F0,0x00620920,48
xmen_fn_00620920,0x00620920,0x006209C0,160
xmen_fn_006209C0,0x006209C0,0x006210B0,1776
xmen_fn_006210B0,0x006210B0,0x00621140,144
xmen_fn_00621140,0x00621140,0x006211D0,144
xmen_fn_006211D0,0x006211D0,0x006211E0,16
xmen_fn_006211E0,0x006211E0,0x00621260,128
xmen_fn_00621260,0x00621260,0x006212C0,96
xmen_fn_006212C0,0x006212C0,0x00621440,384
xmen_fn_00621440,0x00621440,0x00621470,48
xmen_fn_00621470,0x00621470,0x006217F0,896
xmen_fn_006217F0,0x006217F0,0x00621F50,1888
xmen_fn_00621F50,0x00621F50,0x006221A0,592
xmen_fn_006221A0,0x006221A0,0x006221D0,48
xmen_fn_006221D0,0x006221D0,0x00622890,1728
xmen_fn_00622890,0x00622890,0x00623040,1968
xmen_fn_00623040,0x00623040,0x006231D0,400
xmen_fn_006231D0,0x006231D0,0x00624D10,6976
xmen_fn_00624D10,0x00624D10,0x006250F0,992
xmen_fn_006250F0,0x006250F0,0x006252F0,512
xmen_fn_006252F0,0x006252F0,0x006253A0,176
xmen_fn_006253A0,0x006253A0,0x00625B50,1968
xmen_fn_00625B50,0x00625B50,0x00626260,1808
xmen_fn_00626260,0x00626260,0x00626590,816
xmen_fn_00626590,0x00626590,0x00626940,944
xmen_fn_00626940,0x00626940,0x00626A90,336
xmen_fn_00626A90,0x00626A90,0x00626E40,944
xmen_fn_00626E40,0x00626E40,0x00626EF0,176
xmen_fn_00626EF0,0x00626EF0,0x006272A0,944
xmen_fn_006272A0,0x006272A0,0x00627E00,2912
xmen_fn_00627E00,0x00627E00,0x00627E40,64
xmen_fn_00627E40,0x00627E40,0x00627EA0,96
xmen_fn_00627EA0,0x00627EA0,0x006280A0,512
xmen_fn_006280A0,0x006280A0,0x00628110,112
xmen_fn_00628110,0x00628110,0x00628190,128
xmen_fn_00628190,0x00628190,0x00628210,128
xmen_fn_00628210,0x00628210,0x00628590,896
xmen_fn_00628590,0x00628590,0x00628798,520
xmen_fn_00628798,0x00628798,0x0062879C,4
xmen_fn_00628808,0x00628808,0x00628848,64
xmen_fn_00628848,0x00628848,0x00628948,256
xmen_fn_00628948,0x00628948,0x00628A00,184
xmen_fn_00628A00,0x00628A00,0x00628AD0,208
xmen_fn_00628AD0,0x00628AD0,0x00628B00,48
xmen_fn_00628B00,0x00628B00,0x00628B20,32
xmen_fn_00628B20,0x00628B20,0x00628D50,560
xmen_fn_00628D50,0x00628D50,0x00628D80,48
xmen_fn_00628D80,0x00628D80,0x00628D84,4
xmen_fn_00628DA8,0x00628DA8,0x00628DAC,4
xmen_fn_00628E40,0x00628E40,0x00628E44,4
xmen_fn_006D8380,0x006D8380,0x006D8850,1232
xmen_fn_006D8850,0x006D8850,0x006D8880,48
xmen_fn_006D8880,0x006D8880,0x006D8940,192
xmen_fn_006D8940,0x006D8940,0x006D8D20,992
xmen_fn_006D8D20,0x006D8D20,0x006D8FC0,672
xmen_fn_006D8FC0,0x006D8FC0,0x006D9A30,2672
xmen_fn_006D9A30,0x006D9A30,0x006D9E30,1024
xmen_fn_006D9E30,0x006D9E30,0x006D9F70,320
xmen_fn_006D9F70,0x006D9F70,0x006DA770,2048
xmen_fn_006DA770,0x006DA770,0x006DACE0,1392
xmen_fn_006DACE0,0x006DACE0,0x006DACF0,16
xmen_fn_006DACF0,0x006DACF0,0x006DAD00,16
xmen_fn_006DAD00,0x006DAD00,0x006DADC0,192
xmen_fn_006DADC0,0x006DADC0,0x006DAE70,176
xmen_fn_006DAE70,0x006DAE70,0x006DB3D0,1376
xmen_fn_006DB3D0,0x006DB3D0,0x006DB420,80
xmen_fn_006DB420,0x006DB420,0x006DB910,1264
xmen_fn_006DB910,0x006DB910,0x006DBDE0,1232
xmen_fn_006DBDE0,0x006DBDE0,0x006DBEF0,272
xmen_fn_006DBEF0,0x006DBEF0,0x006DBF40,80
xmen_fn_006DBF40,0x006DBF40,0x006DBFE0,160
xmen_fn_006DBFE0,0x006DBFE0,0x006DBFF0,16
xmen_fn_006DBFF0,0x006DBFF0,0x006DC040,80
xmen_fn_006DC040,0x006DC040,0x006DC540,1280
xmen_fn_006DC540,0x006DC540,0x006DC590,80
xmen_fn_006DC590,0x006DC590,0x006DC670,224
xmen_fn_006DC670,0x006DC670,0x006DC770,256
xmen_fn_006DC770,0x006DC770,0x006DC830,192
xmen_fn_006DC830,0x006DC830,0x006DC880,80
xmen_fn_006DC880,0x006DC880,0x006DC930,176
xmen_fn_006DC930,0x006DC930,0x006DC980,80
xmen_fn_006DC980,0x006DC980,0x006DC9D0,80
xmen_fn_006DC9D0,0x006DC9D0,0x006DCA80,176
xmen_fn_006DCA80,0x006DCA80,0x006DCAD0,80
xmen_fn_006DCAD0,0x006DCAD0,0x006DCB70,160
xmen_fn_006DCB70,0x006DCB70,0x006DCFB0,1088
xmen_fn_006DCFB0,0x006DCFB0,0x006DD480,1232
xmen_fn_006DD480,0x006DD480,0x006DDB50,1744
xmen_fn_006DDB50,0x006DDB50,0x006DDBD0,128
xmen_fn_006DDBD0,0x006DDBD0,0x006DDC50,128
xmen_fn_006DDC50,0x006DDC50,0x006DDCA0,80
xmen_fn_006DDCA0,0x006DDCA0,0x006DDD50,176
xmen_fn_006DDD50,0x006DDD50,0x006DDD60,16
xmen_fn_006DDD60,0x006DDD60,0x006DDDB0,80
xmen_fn_006DDDB0,0x006DDDB0,0x006DDE40,144
xmen_fn_006DDE40,0x006DDE40,0x006DE300,1216
xmen_fn_006DE300,0x006DE300,0x006DE800,1280
xmen_fn_006DE800,0x006DE800,0x006DECF0,1264
xmen_fn_006DECF0,0x006DECF0,0x006DED00,16
xmen_fn_006DED00,0x006DED00,0x006DF1D0,1232
xmen_fn_006DF1D0,0x006DF1D0,0x006DF210,64
xmen_fn_006DF210,0x006DF210,0x006DF2B0,160
xmen_fn_006DF2B0,0x006DF2B0,0x006DF300,80
xmen_fn_006DF300,0x006DF300,0x006DF940,1600
xmen_fn_006DF940,0x006DF940,0x006DF9E0,160
xmen_fn_006DF9E0,0x006DF9E0,0x006DFF70,1424
xmen_fn_006DFF70,0x006DFF70,0x006E0430,1216
xmen_fn_006E0430,0x006E0430,0x006E0910,1248
xmen_fn_006E0910,0x006E0910,0x006E09C0,176
xmen_fn_006E09C0,0x006E09C0,0x006E0E90,1232
xmen_fn_006E0E90,0x006E0E90,0x006E1360,1232
xmen_fn_006E1360,0x006E1360,0x006E13B0,80
xmen_fn_006E13B0,0x006E13B0,0x006E1400,80
xmen_fn_006E1400,0x006E1400,0x006E18D0,1232
xmen_fn_006E18D0,0x006E18D0,0x006E1DA0,1232
xmen_fn_006E1DA0,0x006E1DA0,0x006E1E10,112
xmen_fn_006E1E10,0x006E1E10,0x006E1E50,64
xmen_fn_006E1E50,0x006E1E50,0x006E1EC0,112
xmen_fn_006E1EC0,0x006E1EC0,0x006E2060,416
xmen_fn_006E2060,0x006E2060,0x006E20A0,64
xmen_fn_006E20A0,0x006E20A0,0x006E2680,1504
xmen_fn_006E2680,0x006E2680,0x006E27D0,336
xmen_fn_006E27D0,0x006E27D0,0x006E2CC0,1264
xmen_fn_006E2CC0,0x006E2CC0,0x006E2DE0,288
xmen_fn_006E2DE0,0x006E2DE0,0x006E32D0,1264
xmen_fn_006E32D0,0x006E32D0,0x006E3390,192
xmen_fn_006E3390,0x006E3390,0x006E3A90,1792
xmen_fn_006E3A90,0x006E3A90,0x006E3F00,1136
xmen_fn_006E3F00,0x006E3F00,0x006E43D0,1232
xmen_fn_006E43D0,0x006E43D0,0x006E4470,160
xmen_fn_006E4470,0x006E4470,0x006E44E0,112
xmen_fn_006E44E0,0x006E44E0,0x006E49B0,1232
xmen_fn_006E49B0,0x006E49B0,0x006E4E90,1248
xmen_fn_006E4E90,0x006E4E90,0x006E4F10,128
xmen_fn_006E4F10,0x006E4F10,0x006E53E0,1232
xmen_fn_006E53E0,0x006E53E0,0x006E5460,128
xmen_fn_006E5460,0x006E5460,0x006E54E0,128
xmen_fn_006E54E0,0x006E54E0,0x006E5560,128
xmen_fn_006E5560,0x006E5560,0x006E55E0,128
xmen_fn_006E55E0,0x006E55E0,0x006E5AB0,1232
xmen_fn_006E5AB0,0x006E5AB0,0x006E5F80,1232
xmen_fn_006E5F80,0x006E5F80,0x006E6000,128
xmen_fn_006E6000,0x006E6000,0x006E64D0,1232
xmen_fn_006E64D0,0x006E64D0,0x006E69A0,1232
xmen_fn_006E69A0,0x006E69A0,0x006E6E70,1232
xmen_fn_006E6E70,0x006E6E70,0x006E6EF0,128
xmen_fn_006E6EF0,0x006E6EF0,0x006E6F70,128
xmen_fn_006E6F70,0x006E6F70,0x006E6FF0,128
xmen_fn_006E6FF0,0x006E6FF0,0x006E7070,128
xmen_fn_006E7070,0x006E7070,0x006E70F0,128
xmen_fn_006E70F0,0x006E70F0,0x006E7170,128
xmen_fn_006E7170,0x006E7170,0x006E7640,1232
xmen_fn_006E7640,0x006E7640,0x006E76C0,128
xmen_fn_006E76C0,0x006E76C0,0x006E7740,128
xmen_fn_006E7740,0x006E7740,0x006E7E50,1808
xmen_fn_006E7E50,0x006E7E50,0x006E7ED0,128
xmen_fn_006E7ED0,0x006E7ED0,0x006E7F50,128
xmen_fn_006E7F50,0x006E7F50,0x006E8420,1232
xmen_fn_006E8420,0x006E8420,0x006E84E0,192
xmen_fn_006E84E0,0x006E84E0,0x006E89B0,1232
xmen_fn_006E89B0,0x006E89B0,0x006E8A00,80
xmen_fn_006E8A00,0x006E8A00,0x006E8F50,1360
xmen_fn_006E8F50,0x006E8F50,0x006E9450,1280
xmen_fn_006E9450,0x006E9450,0x006E9490,64
xmen_fn_006E9490,0x006E9490,0x006E9550,192
xmen_fn_006E9550,0x006E9550,0x006E95A0,80
xmen_fn_006E95A0,0x006E95A0,0x006E9620,128
xmen_fn_006E9620,0x006E9620,0x006E9B30,1296
xmen_fn_006E9B30,0x006E9B30,0x006E9B50,32
xmen_fn_006E9B50,0x006E9B50,0x006E9BD0,128
xmen_fn_006E9BD0,0x006E9BD0,0x006E9C50,128
xmen_fn_006E9C50,0x006E9C50,0x006EA120,1232
xmen_fn_006EA120,0x006EA120,0x006EA5C0,1184
xmen_fn_006EA5C0,0x006EA5C0,0x006EAA90,1232
xmen_fn_006EAA90,0x006EAA90,0x006EAB10,128
xmen_fn_006EAB10,0x006EAB10,0x006EB1A0,1680
xmen_fn_006EB1A0,0x006EB1A0,0x006EB670,1232
xmen_fn_006EB670,0x006EB670,0x006EB6F0,128
xmen_fn_006EB6F0,0x006EB6F0,0x006EBBB0,1216
xmen_fn_006EBBB0,0x006EBBB0,0x006EBC30,128
xmen_fn_006EBC30,0x006EBC30,0x006EC100,1232
xmen_fn_006EC100,0x006EC100,0x006EC1A0,160
xmen_fn_006EC1A0,0x006EC1A0,0x006EC220,128
xmen_fn_006EC220,0x006EC220,0x006EC2A0,128
xmen_fn_006EC2A0,0x006EC2A0,0x006EC770,1232
xmen_fn_006EC770,0x006EC770,0x006ECCD0,1376
xmen_fn_006ECCD0,0x006ECCD0,0x006ECE30,352
xmen_fn_006ECE30,0x006ECE30,0x006ECEB0,128
xmen_fn_006ECEB0,0x006ECEB0,0x006ED3C0,1296
xmen_fn_006ED3C0,0x006ED3C0,0x006ED440,128
xmen_fn_006ED440,0x006ED440,0x006ED4C0,128
xmen_fn_006ED4C0,0x006ED4C0,0x006ED990,1232
xmen_fn_006ED990,0x006ED990,0x006EDA10,128
xmen_fn_006EDA10,0x006EDA10,0x006EDA90,128
xmen_fn_006EDA90,0x006EDA90,0x006EDB10,128
xmen_fn_006EDB10,0x006EDB10,0x007163B8,166056
